log_forks,log_open_issues,repo_age_days,repo_age_years,days_since_last_push,topic_count,has_topics,has_description,description_length,has_license,language,forks_per_year,issues_per_year,popularity_class
3.2188758248682006,2.772588722239781,143.20181712962963,0.39206520774710374,11.85244212962963,0,0,1,136,1,Python,61.21430702282787,38.25894188926742,0
2.70805020110221,0.6931471805599453,1167.9062037037038,3.19755291910665,1027.1401157407408,0,0,1,96,1,Python,4.3783481788039955,0.31273915562885685,0
3.5553480614894135,0.0,749.9673263888889,2.053298634877177,719.9902430555555,0,0,1,99,1,Python,16.558721377630388,0.0,0
3.367295829986474,1.9459101490553132,2123.0095254629628,5.812483300377721,1158.9947685185184,5,1,1,76,1,Python,4.8172181411997235,1.0322610302570836,0
3.044522437723423,2.6390573296152584,702.0140856481481,1.9220098169696047,603.2598842592593,0,0,1,99,0,Python,10.405774113856301,6.763753174006596,0
2.8903717578961645,2.302585092994046,1265.668726851852,3.465212120059827,30.00076388888889,4,1,1,211,1,Python,4.90590457697767,2.597243599576413,0
4.9344739331306915,3.9889840465642745,2280.0173726851854,6.242347358481,1008.5363888888888,1,1,1,55,1,Python,22.10706839511421,8.490395832906183,0
4.477336814478207,0.0,2714.7781597222224,7.432657521484524,3.556979166666667,8,1,1,62,1,Python,11.705100059907442,0.0,0
2.9444389791664403,1.0986122886681098,2018.0242476851852,5.525049274976551,33.71484953703704,0,0,1,21,1,Python,3.2578894963930245,0.3619877218214472,0
2.70805020110221,1.3862943611198906,905.0428935185186,2.4778723984079907,289.8371990740741,0,0,1,71,1,Python,5.650008454428431,1.2107160973775208,0
4.248495242049359,1.791759469228055,3213.192662037037,8.797242058965193,1562.3569791666666,0,0,1,490,0,Python,7.843367220944285,0.5683599435466873,0
2.833213344056216,2.1972245773362196,915.2692939814815,2.5058707569650416,612.7600578703704,0,0,1,131,1,Python,6.385006072451329,3.1925030362256646,0
1.9459101490553132,0.6931471805599453,1457.2971296296296,3.9898620934418334,367.89681712962965,0,0,1,11,1,Python,1.5038113747997068,0.25063522913328445,0
1.9459101490553132,0.6931471805599453,1034.3802546296297,2.831978794331635,26.372939814814814,4,1,1,75,1,Python,2.1186599320621107,0.3531099886770184,0
3.6635616461296463,2.3978952727983707,2711.6756018518518,7.424163180977007,1840.9365625,0,0,1,57,1,Python,5.118421978839003,1.3469531523260534,0
2.9444389791664403,3.58351893845611,2876.6667361111113,7.875884287778539,1831.6859953703704,6,1,1,58,1,Python,2.2854576505055606,4.44394543153859,0
3.6635616461296463,2.70805020110221,4888.386076388889,13.383671667046924,270.36467592592595,0,0,1,95,1,Python,2.839280650732267,1.0460507660592564,0
3.6635616461296463,2.5649493574615367,4990.8965625,13.664330082135525,884.8982986111112,0,0,1,72,0,Python,2.780963265054644,0.8781989258067296,0
3.713572066704308,0.6931471805599453,5261.278912037037,14.404596610642127,966.7643287037037,0,0,1,15,1,Python,2.776891368859852,0.0694222842214963,0
3.1354942159291497,0.0,3452.4850925925925,9.452389028316475,14.471400462962963,3,1,1,53,1,Python,2.3274539308628444,0.0,0
4.48863636973214,1.3862943611198906,2724.874363425926,7.460299420741754,1485.7822916666667,3,1,1,13,0,Python,11.795773203865648,0.4021286319499653,0
2.8903717578961645,1.791759469228055,1153.0696064814815,3.1569325297234263,903.0589814814815,7,1,1,61,0,Python,5.384974129139637,1.5838159203351874,0
3.367295829986474,1.3862943611198906,2447.1184027777776,6.699845045250589,1146.4559606481482,0,0,0,0,0,Unknown,4.179201132397643,0.4477715498997475,0
2.833213344056216,0.0,826.7397222222222,2.2634899992394857,825.9276388888889,0,0,1,106,1,Python,7.068730149183725,0.0,0
2.3978952727983707,2.70805020110221,3232.4490046296296,8.849963051689608,1941.841712962963,0,0,1,99,1,Python,1.1299482203025504,1.5819275084235704,0
2.70805020110221,0.0,992.3087731481481,2.716793355641747,861.5049768518519,4,1,1,66,1,Python,5.153133921992014,0.0,0
2.9444389791664403,0.6931471805599453,1224.7493287037037,3.353180913630948,202.65351851851852,0,0,1,50,1,Python,5.368037234981436,0.298224290832302,0
4.859812404361672,4.804021044733257,4340.6921875,11.884167522245038,7.835486111111111,5,1,1,45,1,Python,10.770632420016536,10.181613459546883,0
3.828641396489095,1.3862943611198906,1047.8577777777778,2.8688782416913834,123.81439814814814,0,0,1,53,1,Python,15.685573317837875,1.0457048878558584,0
3.8501476017100584,0.6931471805599453,131.8045023148148,0.3608610604101706,127.03910879629629,0,0,0,0,0,Python,127.4728837401142,2.7711496465242216,0
3.8501476017100584,0.6931471805599453,2990.14162037037,8.186561588967475,2660.3319444444446,0,0,1,31,0,Python,5.618964628812097,0.12215140497417602,0
3.091042453358316,2.772588722239781,4225.4915972222225,11.568765495474942,3039.95462962963,0,0,1,66,1,Python,1.815232576735524,1.2965946976682314,0
3.044522437723423,2.3978952727983707,903.6868171296296,2.4741596635992598,0.6152893518518519,0,0,1,40,1,Python,8.083552688311633,4.041776344155816,0
1.9459101490553132,1.791759469228055,2845.6047222222223,7.790841128602936,257.5896875,0,0,1,100,1,Python,0.7701350728321075,0.6417792273600895,0
3.6635616461296463,0.6931471805599453,3217.3071180555557,8.808506825614115,3215.9122916666665,0,0,1,47,0,Python,4.314011529116423,0.11352661918727429,0
4.48863636973214,2.995732273553991,5082.698553240741,13.915670234745354,1101.6569444444444,0,0,1,68,1,Python,6.323806077286678,1.3653672212323509,0
2.833213344056216,1.9459101490553132,1294.996412037037,3.545506946028849,952.2978935185185,6,1,1,84,0,Python,4.512753815902356,1.6922826809633837,0
4.219507705176107,0.0,3792.8975810185184,10.384387627702994,3471.8147453703705,7,1,1,16,1,Python,6.451993357919389,0.0,0
4.174387269895637,2.4849066497880004,1835.2365277777778,5.024603772149973,137.78148148148148,0,0,1,52,0,Python,12.737322762589715,2.1892273498201074,0
3.912023005428146,0.0,3146.7745717592593,8.61539923821837,3134.1125462962964,0,0,1,83,1,Python,5.687490346661289,0.0,0
3.58351893845611,3.258096538021482,1939.8941203703703,5.311140644408954,1425.114548611111,0,0,1,38,1,Python,6.589921514664567,4.707086796188977,0
4.060443010546419,0.6931471805599453,3203.7813194444443,8.771475207240094,2842.0915740740743,3,1,1,32,0,Python,6.498336785236699,0.11400590851292454,0
3.4339872044851463,3.6375861597263857,3000.200636574074,8.21410167439856,2105.7561805555556,8,1,1,111,1,Python,3.6522557413068077,4.504448747611729,0
3.2188758248682006,0.0,658.4736574074074,1.802802621238624,657.8920601851852,0,0,1,58,0,Python,13.312605449569787,0.0,0
3.367295829986474,2.302585092994046,3041.5546875,8.327322895277208,20.87769675925926,1,1,1,79,1,Python,3.3624251577755,1.0807795149992678,0
3.871201010907891,3.1354942159291497,5157.0394212962965,14.119204438867342,1466.8616319444445,0,0,1,65,1,Python,3.328799452086579,1.5581614456575474,0
3.4011973816621555,1.0986122886681098,1467.211875,4.017007186858316,465.07208333333335,16,1,1,165,0,Python,7.219304982792619,0.4978831022615599,0
3.8501476017100584,4.499809670330265,3456.634652777778,9.463749904935737,0.5887847222222222,5,1,1,55,1,Python,4.860652538589285,9.404305998574921,0
4.941642422609304,5.017279836814924,4105.519780092593,11.240300561512916,0.8215046296296297,0,0,1,48,1,Python,12.366217365747287,13.34483888389995,0
3.5553480614894135,2.5649493574615367,5836.946041666667,15.980687314624687,4603.546643518518,0,0,1,72,1,Python,2.127568065791825,0.7509063761618207,0
3.367295829986474,1.3862943611198906,552.3609837962963,1.5122819542677517,76.36032407407407,0,0,1,60,1,Python,18.51506587179877,1.9837570576927255,0
4.48863636973214,2.302585092994046,1266.202372685185,3.466673162724668,260.1845486111111,0,0,1,45,1,Python,25.3845678174159,2.596148981326626,0
3.6888794541139363,2.1972245773362196,2647.4587962962964,7.2483471493396205,2647.454976851852,0,0,1,27,0,Python,5.380536996431413,1.1036998967038796,0
2.6390573296152584,1.3862943611198906,104.58712962962963,0.2863439551803686,46.667060185185186,0,0,1,44,1,Python,45.399945641636734,10.4769105326854,0
3.4965075614664802,1.3862943611198906,2193.00681712963,6.004125440464421,1257.3493287037038,0,0,1,82,0,Python,5.329668794782008,0.4996564495108132,0
3.828641396489095,3.1780538303479458,1539.7842592592592,4.215699546226582,5.882453703703704,0,0,0,0,1,Python,10.674384999822607,5.455796777687111,0
4.1588830833596715,1.9459101490553132,4721.606759259259,12.927054782366213,3036.1752546296298,0,0,1,43,0,Python,4.873499885367413,0.46414284622546786,0
3.044522437723423,0.6931471805599453,1303.5803125,3.5690083846680354,293.65836805555557,5,1,1,89,1,Python,5.603797426175075,0.2801898713087538,0
3.091042453358316,0.6931471805599453,1510.3192129629629,4.135028646031383,1365.8827430555555,0,0,1,115,0,Python,5.078562157037259,0.24183629319225045,0
3.258096538021482,1.9459101490553132,2091.7332407407407,5.726853499632418,838.7404398148149,1,1,1,35,1,Python,4.365398905630228,1.0476957373512548,0
3.5263605246161616,2.70805020110221,4520.84400462963,12.377396316576673,70.81244212962963,4,1,1,35,1,Python,2.6661503886567886,1.1310941042786375,0
3.4011973816621555,2.302585092994046,421.5998148148148,1.1542773848454888,0.6029513888888889,0,0,0,0,1,Python,25.123943673107597,7.797085967516151,0
2.302585092994046,2.3978952727983707,185.41563657407409,0.5076403465409284,0.42506944444444444,7,1,1,148,1,Python,17.729087258974157,19.69898584330462,0
3.4339872044851463,1.3862943611198906,2390.480127314815,6.544777898192512,827.5688425925925,19,1,1,124,1,Python,4.5838071920339996,0.45838071920339996,0
4.553876891600541,1.6094379124341003,4049.7483217592594,11.087606630415495,2286.19,0,0,1,105,1,Python,8.477934249772122,0.3607631595647712,0
4.007333185232471,1.0986122886681098,3591.9151851851852,9.834127817071007,3233.052349537037,0,0,1,66,0,Python,5.491081772016599,0.20337339896357776,0
2.9444389791664403,2.5649493574615367,1195.7122453703703,3.2736817121707604,93.79496527777778,8,1,1,30,1,Python,5.49839647913245,3.6655976527549665,0
2.4849066497880004,1.0986122886681098,522.8291087962963,1.4314280870535148,506.2083680555556,0,0,1,77,1,Python,7.6846333388935095,1.3972060616170017,0
3.58351893845611,1.9459101490553132,900.4765277777777,2.4653703703703704,22.60670138888889,0,0,0,0,0,Python,14.196649891083903,2.4337114099000976,0
2.302585092994046,1.3862943611198906,128.9026736111111,0.3529162864096129,30.048252314814814,0,0,0,0,1,Python,25.501798433734322,8.500599477911441,0
3.1354942159291497,0.0,179.86430555555555,0.49244163054224654,66.69405092592592,0,0,1,350,0,Python,44.67534553440364,0.0,0
4.189654742026425,2.995732273553991,571.567662037037,1.5648669734073568,68.89658564814815,8,1,1,112,1,Python,41.53707701969603,12.141607128834224,0
3.258096538021482,3.1354942159291497,1879.0106712962963,5.1444508454381825,23.074074074074073,1,1,1,92,1,Python,4.859605184520061,4.276452562377653,0
3.091042453358316,0.6931471805599453,2400.7507175925925,6.572897241868836,2250.639224537037,0,0,1,55,1,Python,3.1949381265588115,0.15213991078851483,0
4.007333185232471,2.6390573296152584,2397.2682060185184,6.563362644814561,85.70961805555555,4,1,1,61,1,Python,8.227489919768969,1.980692017722159,0
4.51085950651685,0.6931471805599453,2259.972685185185,6.187467995031308,1577.6919328703705,0,0,1,31,1,Python,14.545529782501058,0.1616169975833451,0
3.091042453358316,2.4849066497880004,3165.719710648148,8.66726820163764,1038.448252314815,5,1,1,40,0,Python,2.422908754113799,1.2691426807262756,0
4.927253685157205,3.912023005428146,4061.8211226851854,11.12066015793343,1969.6948726851851,8,1,1,28,1,Python,12.319412521770552,4.406213237713556,0
1.791759469228055,0.0,1073.82,2.9399589322381927,1043.552673611111,0,0,1,46,1,Python,1.7007040286081467,0.0,0
3.4011973816621555,1.6094379124341003,1799.576701388889,4.92697248840216,1175.3944328703703,0,0,1,98,1,Python,5.885967512151633,0.8118575878829839,0
2.1972245773362196,3.6635616461296463,1316.7906365740741,3.60517628083251,964.5388078703704,5,1,1,271,1,Python,2.219031574831241,10.540399980448393,0
3.258096538021482,1.0986122886681098,2612.161736111111,7.151709065328162,388.70626157407406,10,1,1,53,1,Python,3.4956679265941104,0.27965343412752885,0
3.1354942159291497,0.0,1716.5186574074073,4.699571957309808,592.4216435185185,13,1,1,98,1,Python,4.681277401398389,0.0,0
4.770684624465665,2.0794415416798357,1513.1774189814814,4.14285398762897,835.0086689814815,0,0,0,0,0,Python,28.241400819187742,1.6896564592676426,0
6.040254711277414,5.3706380281276624,560.3313657407407,1.5341036707480922,0.2351388888888889,0,0,1,28,1,Python,273.12365388949127,139.495135876733,0
7.180069874302796,2.302585092994046,3426.9669907407406,9.382524273075266,3426.9528819444445,3,1,1,76,0,Python,139.83443706775213,0.9592301323245191,0
5.869296913133774,3.044522437723423,3097.4552662037036,8.480370338682283,1256.4520601851852,7,1,1,112,1,Python,41.62554061935586,2.3583875705017485,0
5.135798437050262,3.6109179126442243,2051.2602430555557,5.616044471062438,751.5927430555555,7,1,1,36,1,Python,30.092354302178226,6.410205650168143,0
5.214935757608986,2.4849066497880004,632.3663888888889,1.731324815575329,0.021608796296296296,8,1,1,86,1,Python,105.69940334343794,6.353516047966215,0
5.808142489980444,2.5649493574615367,2748.725034722222,7.5255989999239485,18.910324074074072,0,0,1,44,1,Python,44.116089629988934,1.5945574565056242,0
5.424950017481403,4.709530201312334,3001.378738425926,8.217327141480974,913.0563773148148,15,1,1,67,1,Python,27.50286024991686,13.386347909251569,0
6.091309882077698,4.59511985013459,3702.0158217592593,10.135566931579081,4.598252314814815,19,1,1,25,0,Python,43.510146297390584,9.66892139942013,0
5.313205979041787,2.995732273553991,2950.5616203703703,8.078197454812786,1092.0095023148149,9,1,1,122,1,Python,25.005578426367073,2.352009851985022,0
5.41610040220442,2.5649493574615367,980.1899421296297,2.6836138045985756,644.1715625,4,1,1,178,1,Python,83.46953634541566,4.471582304218696,0
6.023447592961033,2.5649493574615367,3556.9178819444446,9.738310422845844,1363.1333217592592,3,1,1,58,1,Python,42.30713358997654,1.2322466094167923,0
6.068425588244111,4.875197323201151,2057.177835648148,5.632245956599995,928.3681597222222,10,1,1,38,1,Python,76.52364675142503,23.08137837049943,0
5.91350300563827,5.572154032177765,2505.5528703703703,6.859829898344614,12.762430555555556,20,1,1,53,1,Python,53.79142128422828,38.1933668738965,0
5.37989735354046,4.04305126783455,2324.8039583333334,6.364966347250742,0.9049537037037036,11,1,1,169,1,Python,33.9357646554248,8.798161206961984,0
5.220355825078324,0.0,689.5957986111111,1.8880104000304208,18.789386574074076,16,1,1,52,1,Python,97.4570902771697,0.0,0
4.962844630259907,2.0794415416798357,573.167962962963,1.5692483585570514,495.310625,11,1,1,73,1,Python,90.48918179565358,4.460734313870247,0
5.318119993844216,4.543294782270004,3603.8966435185184,9.866931262199914,3.549513888888889,11,1,1,135,0,Python,20.573772595101616,9.425422913026848,0
5.187385805840755,3.5553480614894135,1794.769236111111,4.913810365807286,761.9448842592593,15,1,1,80,1,Python,36.224434145568935,6.919273937917661,0
5.60947179518496,3.784189633918261,2261.2585069444444,6.190988383147007,765.6883333333334,0,0,1,95,1,Python,43.93482642293972,6.945579177155912,0
6.513230110912307,3.2188758248682006,3339.229490740741,9.142312089639264,1496.1785532407407,4,1,1,105,0,Python,73.6137634989176,2.6251564992184586,0
5.58724865840025,3.6109179126442243,4793.669444444445,13.124351661723326,448.7729513888889,0,0,1,79,1,Python,20.267667832749325,2.7429926390187056,0
4.912654885736052,4.0943445622221,4404.740567129629,12.059522428828554,2656.8230092592594,0,0,1,20,1,Python,11.194473147400888,4.892399375530759,0
5.730099782973574,3.1780538303479458,492.87347222222223,1.349414023880143,11.648935185185184,0,0,1,178,1,Python,227.50615790789217,17.044435283001693,0
5.198497031265826,2.70805020110221,2294.4314004629628,6.281810815778132,1063.4081712962964,0,0,1,54,0,Python,28.654158057082984,2.228656737773121,0
0.0,0.0,456.16372685185183,1.2489082186224554,443.0723263888889,0,0,1,184,1,Python,0.0,0.0,0
6.5998704992128365,3.295836866004329,169.9129513888889,0.46519630770400794,157.09331018518517,0,0,0,0,1,Python,1577.8285163583557,55.89038341323876,0
5.365976015021851,2.833213344056216,1422.132974537037,3.893587883742743,899.0776388888889,0,0,1,71,1,Python,54.70532741519938,4.109320369216855,0
4.343805421853684,0.6931471805599453,661.0615046296297,1.8098877607929629,0.8643981481481482,8,1,1,202,1,Python,41.99155419820191,0.552520449976341,0
5.771441123130016,3.6888794541139363,3139.5988773148147,8.595753257535426,1811.7277314814814,0,0,1,50,1,Python,37.227685627140765,4.537124185807781,0
6.78332520060396,4.127134385045092,3013.6623611111113,8.250957867518443,1656.5114930555555,0,0,1,58,1,Python,106.8966796536643,7.393081019130977,0
6.182084906716632,4.1588830833596715,3310.8161226851853,9.064520527543285,1661.8473148148148,5,1,1,48,1,Python,53.2846716527769,6.950174563405683,0
5.10594547390058,5.1298987149230735,1057.3297106481482,2.8948109805561892,809.2001041666666,0,0,1,46,1,Python,56.65309448580652,58.03487727814326,0
4.465908118654584,1.791759469228055,12.807314814814815,0.03506451694678936,2.9259953703703703,0,0,1,60,1,Python,2452.6218379253755,142.59429290263813,0
6.148468295917647,7.242082359256962,4284.626689814815,11.7306685552767,0.02880787037037037,5,1,1,89,1,Python,39.81017772341148,119.00430000403088,0
5.662960480135946,4.543294782270004,722.2964467592593,1.977539895302558,63.12890046296296,0,0,1,56,1,Python,145.12981542457823,47.02812834315601,0
5.552959584921617,4.04305126783455,2898.547384259259,7.935790237533906,271.1283564814815,6,1,1,69,1,Python,32.384928571381224,7.0566381322854035,0
4.356708826689592,3.4657359027997265,5090.804224537037,13.937862353284153,200.28207175925925,9,1,1,30,1,Python,5.524520048216478,2.2241574220092315,0
5.225746673713202,2.0794415416798357,1432.8172569444444,3.922839854741805,850.7221296296296,5,1,1,89,1,Python,47.1597125680208,1.784421556627814,0
5.1298987149230735,2.0794415416798357,91.31128472222223,0.24999667275077952,1.0244791666666666,0,0,1,98,1,Python,672.0089437649372,28.000372656872383,0
4.890349128221754,2.772588722239781,397.6135185185185,1.0886064846502903,1.8952430555555555,9,1,1,87,1,Python,121.25593762414925,13.779083820926052,0
5.996452088619021,0.0,5198.029907407407,14.231430273531574,1310.5213657407407,7,1,1,262,1,Python,28.177069506907024,0.0,0
6.361302477572996,2.0794415416798357,4044.9732291666664,11.074533139402236,447.46061342592594,7,1,1,60,1,Python,52.19181637043694,0.632080821095257,0
6.194405391104672,4.477336814478207,3379.7247453703703,9.253182054402108,1250.607650462963,0,0,1,40,1,Python,52.84668529431593,9.402171003283202,0
5.993961427306569,3.784189633918261,2961.7600925925926,8.108857200801076,2444.1848263888887,8,1,1,92,1,Python,49.328775941508,5.30284341371211,0
5.030437921392435,3.258096538021482,2160.740208333333,5.915784280173397,2.530787037037037,8,1,1,54,1,Python,25.693972734845016,4.225982357704772,0
5.673323267171493,4.762173934797756,2389.63912037037,6.54247534666768,1.6338425925925926,10,1,1,43,1,Python,44.32573064989958,17.730292259959835,0
5.631211781821365,2.6390573296152584,2927.35349537037,8.014657071513676,239.50943287037038,0,0,1,100,1,Python,34.6864497781308,1.6220282270348936,0
5.135798437050262,0.0,39.22233796296296,0.10738490886505944,21.24802083333333,11,1,1,234,1,Python,1573.7779338469848,0.0,0
5.62040086571715,1.0986122886681098,685.0561921296296,1.8755816348518264,5.948391203703704,0,0,1,92,1,Python,146.62118400499554,1.0663358836726948,0
5.3612921657094255,2.0794415416798357,1517.656099537037,4.155115946713312,654.6426851851852,8,1,1,92,1,Python,51.02144024830199,1.684670196877896,0
4.219507705176107,4.77912349311153,1119.9437152777778,3.0662387824169137,0.18052083333333332,9,1,1,69,1,Python,21.850874884306407,38.483630393256064,0
5.556828061699537,3.9318256327243257,1775.4871180555556,4.861018803711309,1036.7423148148148,11,1,1,55,1,Python,53.07529355842467,10.285909604345866,0
6.194405391104672,2.8903717578961645,2347.129247685185,6.426089658275661,1586.1968634259258,19,1,1,39,1,Python,76.09604378461401,2.645465734843432,0
5.303304908059076,2.772588722239781,1248.6191319444445,3.4185328732222984,20.13900462962963,0,0,1,80,1,Python,58.504629739447445,4.387847230458559,0
5.332718793265369,3.6109179126442243,600.8108680555556,1.644930508023424,49.85252314814815,4,1,1,77,1,Python,125.23325392483179,21.88542301599002,0
5.1647859739235145,3.2188758248682006,338.2314236111111,0.9260271693664918,142.8350810185185,3,1,1,135,1,Python,187.89945452576285,25.91716614148453,0
5.3471075307174685,4.430816798843313,3382.6618865740743,9.261223508758588,769.8757870370371,5,1,1,82,1,Python,22.567212615303266,8.962098789809431,0
5.476463551931511,3.828641396489095,910.1782407407408,2.4919322128425483,331.4333101851852,5,1,1,110,1,Python,95.5082159833366,18.05827613130314,0
6.284134161070802,3.9318256327243257,3133.662604166667,8.579500627424139,882.5762152777778,1,1,1,118,1,Python,62.35794170699017,5.827845019344875,0
5.645446897643238,4.290459441148391,872.7327777777778,2.389412122594874,0.9836921296296296,14,1,1,56,1,Python,118.02066179096441,30.132934925352615,0
4.465908118654584,5.3612921657094255,836.2838773148148,2.2896204717722513,1.7961111111111112,0,0,1,61,1,Python,37.56081021298382,92.59176471107638,0
5.659482215759621,6.20455776256869,3843.2027199074073,10.522115591806728,4.799212962962963,11,1,1,141,1,Python,27.180845667833193,46.948733426257334,0
5.10594547390058,4.02535169073515,3191.673854166667,8.738326773899157,1025.6843402777777,5,1,1,48,1,Python,18.767895072298952,6.294111152295381,0
5.337538079701318,0.0,2136.5886226851853,5.849660842396127,922.9303125,4,1,1,43,1,Python,35.386666949943894,0.0,0
5.583496308781699,3.367295829986474,3138.660462962963,8.593184019063553,2763.5220949074073,5,1,1,68,1,Python,30.838394640695533,3.2583964148659432,0
5.14166355650266,1.0986122886681098,1027.1130439814815,2.8120822559383476,135.41309027777777,8,1,1,62,1,Python,60.45342366533075,0.7112167490038912,0
6.208590026096629,3.9512437185814275,2813.286689814815,7.702359178137755,426.19652777777776,0,0,1,10,1,Python,64.39585437768703,6.621347929963787,0
5.60947179518496,3.828641396489095,213.7208449074074,0.5851357834562831,18.330358796296295,9,1,1,72,1,Python,464.8493694802751,76.90522656842786,0
5.0106352940962555,3.8918202981106265,982.6666666666666,2.6903947068218113,309.6552893518519,0,0,1,35,1,Python,55.38220827679783,17.841248303934872,0
4.948759890378168,3.970291913552122,1362.6495949074074,3.7307312660024845,99.64050925925926,7,1,1,84,1,Python,37.52615506664767,13.938286167611992,0
4.997212273764115,4.23410650459726,4585.306400462963,12.553884737749385,1097.520925925926,0,0,1,32,1,Python,11.709522834630839,5.416650018740796,0
5.030437921392435,4.406719247264253,5707.70994212963,15.626858157781328,186.30730324074074,3,1,1,26,1,Python,9.726843263392151,5.183383581149765,0
4.330733340286331,2.772588722239781,425.54291666666666,1.1650730093543236,51.72600694444444,0,0,1,74,1,Python,64.37364817297119,12.874729634594239,0
5.241747015059643,2.995732273553991,5816.531064814815,15.92479415418156,959.0409027777778,0,0,1,40,0,Python,11.805490116846165,1.1931080437238146,0
5.030437921392435,3.7376696182833684,4561.588298611111,12.488948113925012,325.17497685185185,6,1,1,50,1,Python,12.17076078893482,3.2829025812258394,0
5.0238805208462765,5.697093486505405,3652.659675925926,10.000437168859483,495.0288194444444,15,1,1,59,1,Python,15.099339903879528,29.69870166524649,0
6.340359303727752,3.8066624897703196,2970.1836574074073,8.131919664359774,1905.1794791666666,4,1,1,160,1,Python,69.60226162595289,5.410776522158882,0
5.25227342804663,2.833213344056216,586.4297569444444,1.605557171648034,544.6531597222222,0,0,1,38,1,Python,118.33898123040574,9.965387893086799,0
5.117993812416755,3.970291913552122,584.978136574074,1.6015828516743984,188.15258101851853,10,1,1,217,1,Python,103.64746339938196,32.46788010101122,0
6.1779441140506,3.871201010907891,3226.932199074074,8.834858861256876,987.2724421296297,8,1,1,93,1,Python,54.44342773932796,5.319835974528927,0
4.553876891600541,4.276666119016055,753.2275810185185,2.0622247255811597,235.76630787037038,3,1,1,124,1,Python,45.58184121932185,34.42883751672183,0
5.181783550292085,3.5263605246161616,2039.8144444444445,5.5847075823256525,1074.211400462963,2,1,1,68,1,Python,31.69369163752912,5.908993356149497,0
5.8377304471659395,3.091042453358316,2981.305659722222,8.162370047151875,0.6513541666666667,4,1,1,117,1,Python,41.899595096075714,2.572782155022193,0
5.877735781779639,2.70805020110221,2910.3542476851853,7.9681156678581395,2073.004409722222,5,1,1,96,1,Python,44.678066288123325,1.7570026068363105,0
10.865477963661274,7.52456122628536,3816.461388888889,10.448901817628718,0.6027199074074074,13,1,1,30,1,Python,5008.851735184301,177.24350676502905,1
11.108319987273946,4.418840607796598,4708.169085648148,12.890264437092808,0.07068287037037037,5,1,1,42,1,Python,5176.232056807075,6.361390055275994,1
10.970935918111852,6.418364935936212,3473.776828703704,9.510682624787691,165.37623842592592,13,1,1,105,1,Python,6115.01847915972,64.34869337401129,1
10.262245325878965,2.833213344056216,4448.579166666666,12.1795459730778,0.08743055555555555,6,1,1,85,1,Python,2350.662336944661,1.3136778690574424,1
10.494103544448407,5.627621113690637,3429.2405092592594,9.388748827540752,1.1569791666666667,8,1,1,39,1,Python,3845.134283931647,29.503398704996155,1
10.796161592809286,10.553648940919915,405.5219675925926,1.1102586381727382,0.056365740740740744,13,1,1,29,1,Python,43982.544536080015,34510.87763033342,1
10.839698551845414,6.966967138613983,3699.0486689814816,10.127443310010902,0.5530787037037037,14,1,1,36,1,Python,5036.315527886682,104.66610056974577,1
9.698245312357605,7.868636894184167,2136.2716550925925,5.848793032423251,1.8717708333333334,7,1,1,50,1,Python,2784.8480720220687,446.75884161306885,1
10.73733102144275,6.274762021241939,1265.0645717592593,3.4635580335640226,0.19577546296296297,11,1,1,152,1,Python,13293.266506241414,153.02183328934342,1
9.47692648113323,6.790097235513905,656.6232175925926,1.7977363931350927,0.5162731481481482,7,1,1,66,1,Python,7261.353805735102,493.9545104560112,1
9.44951474036292,6.508769136971682,3772.1874421296297,10.327686357644435,4.427708333333333,4,1,1,95,0,Python,1229.8010958280956,64.87416220808001,1
9.9297886269555,7.087573705557973,343.7920717592593,0.9412513942758639,10.738321759259259,1,1,1,34,0,Python,21813.513504323626,1270.6488481965253,1
10.327610842462827,7.825644732219989,1470.8671296296295,4.027014728623215,183.1619560185185,16,1,1,23,1,Python,7589.741299617605,621.5522337698883,1
10.446218737313103,7.779466967458324,2863.8736805555554,7.840858810555935,0.06146990740740741,19,1,1,172,1,Python,4388.932492148782,304.8135488401357,1
9.209540051805414,6.917705609835305,1300.5180902777777,3.560624477146551,0.014398148148148148,6,1,1,87,1,Python,2805.9684653987124,283.3772576906517,1
9.998343083548807,5.332718793265369,1060.531701388889,2.903577553426116,0.35671296296296295,15,1,1,61,1,Python,7573.071356077188,70.94695981408435,1
10.096666619330865,6.095824562432225,1415.3302083333333,3.8749629249372575,0.06856481481481481,20,1,1,31,1,Python,6260.963129187315,114.32367446642678,1
10.042336034354935,9.628655892063167,555.7171875,1.5214707392197127,0.629988425925926,0,0,1,240,0,Python,15102.49221867013,9985.732625914146,1
9.274722630905451,8.325548307161398,5783.846516203704,15.835308737039572,193.7560300925926,0,0,1,78,1,Python,673.4317705506035,260.62011600359534,1
9.899429329075273,1.9459101490553132,855.2247800925926,2.3414778373513827,1.2494097222222222,4,1,1,65,1,Python,8506.593435251436,2.5624842158604584,1
9.387649386946594,5.834810737062605,375.49971064814815,1.0280621783659087,0.5296643518518519,7,1,1,62,1,Python,11613.110812983008,331.69199993527144,1
9.64426335290083,8.469052816088302,1323.3181712962962,3.6230476969097776,0.1264699074074074,6,1,1,96,1,Python,4259.3974164796355,1314.915065585082,1
9.490620114661201,4.465908118654584,274.97054398148146,0.7528283202778411,0.6746527777777778,19,1,1,104,1,Python,17579.04112203938,114.23587248718351,1
9.811865562988816,2.833213344056216,904.330925925926,2.4759231373741986,0.09278935185185185,14,1,1,114,1,Python,7370.180327711074,6.462236148804098,1
9.307376334487778,7.075808863978387,150.7951273148148,0.4128545580145511,1.8266087962962962,19,1,1,237,1,Python,26687.364317803338,2862.9937033620936,1
9.416947954650293,5.981414211254481,669.7869212962963,1.8337766496818517,0.428125,7,1,1,74,1,Python,6704.1970471883415,215.40245921908206,1
9.482426456803408,4.9344739331306915,1445.618888888889,3.9578888128374783,0.7324884259259259,0,0,1,58,1,Python,3316.414538333063,34.86707346411418,1
9.725795264125836,5.3612921657094255,614.0426620370371,1.6811571855907927,369.31214120370373,0,0,0,0,1,Python,9959.211514250032,126.1036159004364,1
10.27759958298627,9.7706416392027,3671.2273726851854,10.051272752047051,0.008935185185185185,8,1,1,74,1,Python,2892.469512786723,1742.1674281432363,1
9.8853744971092,5.869296913133774,612.3076157407407,1.6764068877227674,0.21899305555555557,5,1,1,59,1,Python,11715.532872021895,210.56940447167665,1
9.193601047971885,4.394449154672439,2824.105775462963,7.731980220295586,0.046435185185185184,20,1,1,86,1,Python,1271.7311374115354,10.346637953109207,1
8.284251797621916,6.124683390894205,4163.823634259259,11.399927814535959,773.8318634259259,2,1,1,61,1,Python,347.37062062363543,40.00025328393378,1
9.550092936718967,3.7376696182833684,1072.8990162037037,2.937437416026567,3.1588310185185184,18,1,1,73,1,Python,4781.378463885194,13.957744180796935,1
9.501292093295586,5.272999558563747,178.53707175925925,0.4888078624483484,159.44894675925926,0,0,1,72,0,Python,27364.535285913946,396.8839597388835,1
8.937349848267392,6.198478716492308,4180.668842592592,11.44604748143078,13.576585648148148,4,1,1,44,1,Python,664.8583288113998,42.89690400084064,1
9.274159884689137,5.8289456176102075,2807.849513888889,7.687473001749182,0.2335648148148148,16,1,1,66,1,Python,1386.411373096844,44.09771584535842,1
9.97720259035841,8.896588071791218,1299.979699074074,3.5591504423657057,0.009189814814814816,20,1,1,76,1,Python,6048.915421987626,2052.737055740703,1
10.557191995297144,8.125926802707886,4732.141875,12.955898357289529,0.011898148148148149,8,1,1,90,1,Python,2967.9146084351073,260.8850352780262,1
10.440477875572727,6.182084906716632,5239.338055555556,14.344525819453953,0.5925694444444445,9,1,1,52,1,Python,2385.300178664427,33.67138140913369,1
9.330165765044532,5.459585514144159,2307.0109953703704,6.316251869597181,40.954537037037035,13,1,1,176,1,Python,1784.6026777774573,37.047287668552606,1
6.617402977974478,7.049254841255837,92.86684027777778,0.25425555175298503,0.8256134259259259,0,0,1,26,1,Python,2937.9889439965,4526.94146524762,1
9.91645313492615,4.02535169073515,2524.7241319444443,6.912317951935508,247.8552777777778,19,1,1,191,1,Python,2930.9994333126742,7.9568099127441805,1
9.634234615552714,3.970291913552122,2932.9815625,8.030065879534567,844.1359027777778,0,0,1,5835,0,Python,1902.5995837640044,6.475662937277669,1
9.323490469908839,6.794586580876499,482.33596064814816,1.3205638895226506,0.06157407407407407,18,1,1,237,1,Python,8478.953641574602,675.46902279937,1
9.028938392241612,5.159055299214529,845.0453240740741,2.3136080056785056,0.12199074074074075,0,0,1,115,1,Python,3604.7593107952403,74.77498330546481,1
9.76042516969429,3.58351893845611,3605.1423495370373,9.87034181940325,5.126215277777778,17,1,1,81,1,Python,1756.0688694616995,3.545976485960854,1
9.421735176255844,4.844187086458591,3296.2595138888887,9.024666704692372,763.0567939814815,8,1,1,49,1,Python,1368.8040128481491,13.961734446601374,1
9.104868739033948,4.890349128221754,2334.0642939814816,6.390319764494132,8.750023148148149,13,1,1,35,1,Python,1408.0672535347371,20.65624332813795,1
8.798454696065095,4.672828834461906,915.0843981481481,2.5053645397622124,0.01556712962962963,16,1,1,111,1,Python,2643.5274766955063,42.30921221949625,1
8.960852845322371,2.1972245773362196,687.6001504629629,1.8825466131771742,6.676967592592592,20,1,1,106,1,Python,4138.542942557543,4.2495627699217495,1
10.71134639022797,7.149916836132109,3861.401921296296,10.571942289654473,0.4858564814814815,0,0,1,41,1,Python,4243.401900131466,120.41306744984189,1
8.797246236703527,4.727387818712341,189.36368055555556,0.5184495018632596,0.11398148148148148,17,1,1,147,1,Python,12759.198294580865,216.02875419396173,1
9.14366623870819,4.912654885736052,1021.7087268518519,2.7972860420310797,17.731435185185184,0,0,1,75,1,Python,3343.9554837974883,48.26106374948267,1
9.152923101106232,5.25227342804663,359.0442361111111,0.9830095444520496,14.168414351851851,4,1,1,30,1,Python,9604.179382879354,193.2839829199319,1
9.410992885454862,3.4657359027997265,428.8054513888889,1.1740053426116055,5.760925925925926,10,1,1,82,1,Python,10409.663019773034,26.40533128327993,1
10.472204654717896,9.170663554823284,3489.6460069444443,9.554130066925241,0.12572916666666667,0,0,1,31,1,Python,3696.7258926344657,1005.8477258194517,1
8.831711917821577,7.229113877793302,1006.7527430555556,2.756338790022055,0.012546296296296297,20,1,1,126,1,Python,2484.092312884808,499.9385434723625,1
9.809616336926057,6.440946540632921,4059.665648148148,11.114758790275559,0.02125,18,1,1,69,1,Python,1638.092228859661,56.321510148083036,1
9.118773178450692,7.039660349862076,1192.0311805555555,3.2636035059700355,1.1117939814814815,20,1,1,60,1,Python,2795.6827424991043,349.3071379273322,1
9.65745912868446,3.4339872044851463,4430.6547106481485,12.130471487058585,4.8089814814814815,0,0,1,78,1,Python,1289.0677841073498,2.4731107963944807,1
9.047586120674756,7.224753405767971,319.1521412037037,0.8737909410094558,21.54747685185185,17,1,1,97,0,Python,9724.293994377826,1570.1696316683979,1
8.921324076511265,4.709530201312334,2081.0051851851854,5.697481684285244,32.7225,13,1,1,54,1,Python,1314.4403817314778,19.30677553618141,1
9.494767151707292,5.313205979041787,2477.729050925926,6.783652432377621,4.9552199074074075,15,1,1,270,0,Python,1958.9741857311376,29.7774689982459,1
9.73825907316835,1.6094379124341003,5991.9875810185185,16.405167915177326,15.679525462962962,7,1,1,57,1,Python,1033.3938724464895,0.24382560548492643,1
9.319732748747379,4.8283137373023015,279.27157407407407,0.7646038989023246,0.3058796296296296,10,1,1,87,1,Python,14589.253358522321,162.17547435739738,1
9.026778045746095,5.802118375377063,1261.075613425926,3.4526368608512685,218.93120370370372,5,1,1,202,1,Python,2410.331678480708,95.57912207385647,1
10.100204989613815,6.728628613084702,5291.8306018518515,14.488242578649833,0.5276273148148148,2,1,1,338,1,Python,1680.4660653513788,57.63293894805936,1
9.095602694505759,4.890349128221754,1159.0758217592593,3.173376650949375,223.02885416666666,5,1,1,92,1,Python,2809.310390978301,41.596070847912024,1
8.57376254290413,6.393590753950631,236.62170138888888,0.6478349114001064,0.034270833333333334,20,1,1,185,1,Python,8165.660582519714,921.531071411015,1
8.817742129574842,3.4965075614664802,2198.3503703703705,6.018755291910665,222.2695138888889,13,1,1,292,1,Python,1121.8266356624983,5.31671391309241,1
10.216142686053809,7.670428522190693,5859.048935185185,16.041201739042258,0.9376388888888889,5,1,1,40,1,Python,1704.3610849589838,133.59348226287864,1
9.51148146411212,1.0986122886681098,1251.7454050925926,3.4270921426217456,6.1648148148148145,20,1,1,132,1,Python,3942.9929040841243,0.5835851260392398,1
8.462314529906248,6.895682697747868,784.1275462962963,2.146824219839278,0.06773148148148148,15,1,1,35,1,Python,2204.186051317355,459.7488657333537,1
8.474703139795285,0.0,3597.4625347222222,9.84931563236748,162.08478009259258,7,1,1,97,1,Python,486.4297357123469,0.0,1
8.9300972286214,6.565264970035361,1169.0802083333333,3.2007671686059775,0.5758564814814815,14,1,1,131,1,Python,2360.371624059869,221.50939529562504,1
10.897257709680655,4.189654742026425,234.17414351851852,0.6411338631581616,1.8775925925925927,7,1,1,219,1,Python,84267.89334425166,101.38288387984448,1
9.89202207442685,5.480638923341991,4175.429444444444,11.431702791086774,0.3802314814814815,8,1,1,24,1,Python,1729.4886301116333,20.906771665402882,1
9.432122997651051,5.2574953720277815,1179.9441203703705,3.230510938727914,18.107708333333335,0,0,1,96,1,Python,3863.7850905761265,59.123774419166814,1
9.387062950369655,6.1070228877422545,6035.370046296296,16.52394263188582,4.042210648148148,8,1,1,71,1,Python,722.1036931570515,27.11217352785443,1
9.333796175903101,4.897839799950911,3568.3893055555554,9.76971746900905,0.07381944444444444,3,1,1,122,1,Python,1157.9659325754776,13.61349500862181,1
9.314880551250107,5.099866427824199,640.766724537037,1.754323681141785,24.73064814814815,0,0,1,21,1,Python,6327.7946477784635,92.91329858462207,1
9.285726098882073,5.855071922202427,1343.4186805555555,3.6780798920069966,292.6260648148148,0,0,1,75,1,Python,2931.420827326469,94.61458429879534,1
7.430114138561801,3.58351893845611,1373.911712962963,3.761565264785662,0.22489583333333332,17,1,1,88,1,Python,447.95181829605,9.304637175288873,1
10.121618562026793,4.0943445622221,490.9665509259259,1.344193157908079,45.87474537037037,16,1,1,294,1,Python,18504.78099346268,43.8925013513829,1
6.159095388491933,2.4849066497880004,5178.286655092593,14.177376194640912,2282.0500347222223,0,0,1,13,1,JavaScript,33.29247905394634,0.7758840457487494,0
3.7376696182833684,2.5649493574615367,4877.9878240740745,13.355202803762012,774.867337962963,0,0,1,58,1,JavaScript,3.069964612476776,0.8985262280419832,0
3.044522437723423,2.6390573296152584,3689.8689467592594,10.102310600299136,1293.9416203703704,0,0,1,33,0,JavaScript,1.979745108946441,1.2868343208151867,0
3.4339872044851463,1.3862943611198906,4513.640300925926,12.35767365072122,1342.9250694444445,0,0,1,67,0,JavaScript,2.427641386876173,0.2427641386876173,0
3.4011973816621555,2.5649493574615367,3703.3607291666667,10.139249087383071,131.98078703703703,3,1,1,37,1,JavaScript,2.860172360898658,1.1835195976132378,0
2.4849066497880004,0.0,4076.7784722222223,11.161611149136817,3815.6516666666666,0,0,1,53,0,JavaScript,0.985520804570466,0.0,0
4.007333185232471,1.6094379124341003,3406.9881712962965,9.327825246533324,3398.0377777777776,2,1,1,12,0,JavaScript,5.789130753716579,0.42882450027530217,0
4.454347296253507,1.791759469228055,3518.543101851852,9.633246000963318,1190.315162037037,5,1,1,65,1,JavaScript,8.823609403465879,0.5190358472626987,0
4.1588830833596715,3.9318256327243257,2305.107314814815,6.311039876289705,1332.5085069444444,6,1,1,26,1,JavaScript,9.982507040826693,7.9226246355767405,0
1.3862943611198906,1.3862943611198906,2897.6208912037036,7.933253637792481,479.68337962962966,8,1,1,40,1,JavaScript,0.3781550593199973,0.3781550593199973,0
5.402677381872279,1.9459101490553132,3153.29931712963,8.633263017466474,2161.6578587962963,4,1,1,204,1,JavaScript,25.59866409176711,0.6949863554325912,0
3.8918202981106265,0.0,4914.498101851852,13.45516249651431,0.45868055555555554,5,1,1,55,1,JavaScript,3.5674039620431834,0.0,0
3.044522437723423,2.0794415416798357,1636.7434722222222,4.48115940375694,0.4219791666666667,3,1,1,93,1,JavaScript,4.463130676233541,1.5620957366817392,0
2.4849066497880004,2.5649493574615367,5609.695706018519,15.35850980429437,4080.315891203704,0,0,1,27,0,JavaScript,0.7162153190750515,0.781325802627329,0
2.0794415416798357,0.0,1268.725162037037,3.473580183537405,846.165636574074,12,1,1,139,1,JavaScript,2.0152118650306727,0.0,0
2.8903717578961645,2.302585092994046,4973.939583333334,13.617904403376684,3997.8080439814817,0,0,1,49,0,JavaScript,1.2483565383073694,0.6608946379274309,0
3.6888794541139363,2.6390573296152584,2952.196689814815,8.082674030978275,2433.1233333333334,0,0,1,9,0,JavaScript,4.825135821452853,1.608378607150951,0
3.6109179126442243,1.791759469228055,538.1753356481481,1.4734437663193651,48.104050925925925,0,0,1,253,1,JavaScript,24.43255780974073,3.3934108069084346,0
2.1972245773362196,1.3862943611198906,1697.4174189814814,4.647275616650188,567.6554861111111,0,0,1,103,1,JavaScript,1.721438679328104,0.645539504748039,0
2.70805020110221,1.0986122886681098,4254.191944444445,11.647342763708268,328.79616898148146,0,0,1,35,1,JavaScript,1.201990899041997,0.17171298557742815,0
2.5649493574615367,1.791759469228055,2437.511701388889,6.6735433302912766,287.68861111111113,8,1,1,52,1,JavaScript,1.7981452140322347,0.7492271725134312,0
2.5649493574615367,0.6931471805599453,3260.968634259259,8.928045542119806,3260.1205671296298,4,1,1,82,1,JavaScript,1.344079165298569,0.11200659710821409,0
3.4011973816621555,2.1972245773362196,3406.5097569444442,9.32651541942353,188.70524305555554,10,1,1,20,1,JavaScript,3.1094142555754747,0.8577694498139241,0
3.7376696182833684,2.6390573296152584,5009.6030902777775,13.71554576393642,3251.9966666666664,0,0,1,53,0,JavaScript,2.9893086797759936,0.9478295813923882,0
3.9318256327243257,0.0,3557.0447453703705,9.738657755976373,3545.116747685185,0,0,1,40,0,JavaScript,5.134177753532435,0.0,0
4.343805421853684,1.6094379124341003,3863.704699074074,10.578246951605953,3728.183136574074,0,0,1,39,0,JavaScript,7.184555281011089,0.37813448847426784,0
4.143134726391533,0.6931471805599453,4687.151689814815,12.83272194336705,4235.170555555555,0,0,1,37,1,JavaScript,4.8313990027693565,0.07792579036724769,0
3.8501476017100584,1.791759469228055,4935.518240740741,13.512712500316882,4282.786631944445,0,0,1,24,0,JavaScript,3.4042017839809193,0.3700219330414043,0
3.6635616461296463,1.6094379124341003,1156.986550925926,3.167656539153801,1139.3313310185185,0,0,1,43,1,JavaScript,11.9962500764528,1.2627631659424001,0
4.31748811353631,2.8903717578961645,3806.6735532407406,10.422104184095115,679.605462962963,7,1,1,62,1,JavaScript,7.10029363484289,1.6311485377341775,0
2.302585092994046,1.0986122886681098,3336.9752777777776,9.13614039090425,1520.4853935185185,0,0,1,85,0,JavaScript,0.9850986975813344,0.21891082168474096,0
1.791759469228055,1.0986122886681098,3901.5027314814815,10.681732324384617,3587.1469444444447,0,0,1,53,1,JavaScript,0.4680888687489231,0.18723554749956922,0
2.9444389791664403,2.0794415416798357,2961.234039351852,8.10741694552184,2943.405289351852,3,1,1,107,1,JavaScript,2.2201892564489807,0.8634069330634926,0
4.61512051684126,0.6931471805599453,3220.913136574074,8.818379566253453,959.890474537037,3,1,1,42,1,JavaScript,11.33995188670311,0.1133995188670311,0
3.5263605246161616,2.302585092994046,5826.768599537037,15.952822996679087,1187.1402777777778,0,0,1,38,1,JavaScript,2.0685993950330697,0.5641634713726553,0
3.4011973816621555,2.772588722239781,2276.731875,6.233352156057495,18.984050925925924,5,1,1,996,1,JavaScript,4.652392368337181,2.406409845691645,0
5.1298987149230735,1.3862943611198906,1964.7933912037038,5.379311132659011,787.0771180555555,7,1,1,53,1,JavaScript,31.230764656841302,0.5576922260150232,0
2.8903717578961645,2.1972245773362196,3858.6369328703704,10.56437216391614,1233.418125,0,0,1,88,1,JavaScript,1.609182234043733,0.7572622277852862,0
3.1354942159291497,2.5649493574615367,3013.27375,8.249893908281997,1324.0368402777779,7,1,1,65,0,JavaScript,2.666700959380143,1.4545641596618961,0
4.110873864173311,1.791759469228055,3430.843888888889,9.393138641721805,1349.0086921296297,17,1,1,73,1,JavaScript,6.387641265454773,0.5323034387878978,0
4.1588830833596715,1.0986122886681098,2854.2410069444445,7.8144859875275685,2786.3072569444444,0,0,1,6,0,JavaScript,8.061950600532413,0.25593493969944164,0
3.9512437185814275,0.0,3725.777175925926,10.200621973787614,3347.8234143518516,3,1,1,65,1,JavaScript,4.999695129478765,0.0,0
2.302585092994046,0.6931471805599453,4588.986076388889,12.563959141379573,3630.423125,0,0,1,58,1,JavaScript,0.716334707772041,0.07959274530800456,0
1.6094379124341003,2.302585092994046,3261.3324305555557,8.929041562095977,1098.071539351852,0,0,1,68,1,JavaScript,0.4479764118223067,1.0079469266001901,0
3.258096538021482,0.0,1157.113275462963,3.1680034920272773,916.4931828703703,9,1,1,67,1,JavaScript,7.891405442865195,0.0,0
5.402677381872279,2.1972245773362196,3541.6668402777777,9.696555346414176,1350.4801157407408,0,0,1,96,1,JavaScript,22.791598882764763,0.8250352536747425,0
2.0794415416798357,1.0986122886681098,3504.496712962963,9.59478908408751,3091.6769212962963,5,1,1,91,1,JavaScript,0.7295626760164179,0.2084464788618337,0
4.672828834461906,0.0,3580.740289351852,9.803532619717597,2818.092824074074,5,1,1,41,0,JavaScript,10.81242895921057,0.0,0
1.6094379124341003,0.6931471805599453,1343.1406828703705,3.6773187758257917,730.595949074074,0,0,1,44,0,JavaScript,1.087749048653457,0.2719372621633642,0
3.713572066704308,1.3862943611198906,5464.072118055556,14.959814149364972,4906.780879629629,0,0,1,38,1,JavaScript,2.673830008890716,0.2005372506668037,0
2.9444389791664403,1.791759469228055,3530.2492476851853,9.665295681547393,1529.8326736111112,0,0,0,0,1,JavaScript,1.862333092857666,0.5173147480160184,0
2.8903717578961645,0.0,3183.171851851852,8.71504956016934,128.8329861111111,6,1,0,0,1,JavaScript,1.950648689101623,0.0,0
2.4849066497880004,1.791759469228055,3784.6985532407407,10.361939913047888,2497.546747685185,0,0,1,41,1,JavaScript,1.061577281117859,0.48253512778084495,0
1.791759469228055,0.0,2754.490613425926,7.541384294116155,2564.1619791666667,2,1,1,52,0,JavaScript,0.663008249546577,0.0,0
4.189654742026425,4.2626798770413155,3282.7464814814816,8.98767003827921,1360.7713888888889,2,1,1,61,1,JavaScript,7.23213020984969,7.788447918299666,0
4.6913478822291435,3.6888794541139363,2832.723564814815,7.7555744416558925,1015.8747569444445,0,0,1,29,1,JavaScript,13.925467521776623,5.028641049530448,0
4.330733340286331,1.0986122886681098,3959.8274537037037,10.84141671102999,2288.8678935185185,0,0,1,49,1,JavaScript,6.917915065813813,0.18447773508836834,0
1.3862943611198906,1.3862943611198906,2062.5724652777776,5.647015647577762,757.8746875,4,1,1,62,1,JavaScript,0.5312540618311946,0.5312540618311946,0
1.3862943611198906,0.6931471805599453,514.2478125,1.4079337782340862,384.8280902777778,11,1,1,95,1,JavaScript,2.130782034196791,0.710260678065597,0
3.6635616461296463,2.6390573296152584,4180.177581018518,11.444702480543514,3372.0208796296297,0,0,1,24,1,JavaScript,3.320313486925644,1.1358967192114044,0
2.5649493574615367,3.1354942159291497,3824.783645833333,10.471686915354779,1233.3465740740742,7,1,1,93,1,JavaScript,1.1459471713582494,2.100903147490124,0
3.871201010907891,2.8903717578961645,4597.150706018519,12.586312679037697,894.8497916666666,0,0,1,70,1,JavaScript,3.7342151906235217,1.3506735795872313,0
4.2626798770413155,2.6390573296152584,2619.7911342592593,7.172597219053413,1348.8918981481481,0,0,1,97,0,JavaScript,9.759365800445448,1.8124536486541545,0
2.1972245773362196,0.0,3236.615659722222,8.86137073161457,1138.7133333333334,0,0,1,51,1,JavaScript,0.9027948657489894,0.0,0
3.8066624897703196,2.8903717578961645,2431.390138888889,6.656783405582174,1278.998564814815,0,0,1,48,0,JavaScript,6.6097989553187135,2.553785960009503,0
2.70805020110221,2.4849066497880004,3250.439814814815,8.899219205516262,2858.5075,5,1,1,65,1,JavaScript,1.5731717217755432,1.2360634956807839,0
4.276666119016055,1.3862943611198906,2065.309537037037,5.6545093416482874,1212.3781712962964,0,0,1,348,1,JavaScript,12.556350287910838,0.5305500121652467,0
2.70805020110221,0.6931471805599453,3841.6570601851854,10.517883806119604,166.10207175925925,6,1,1,28,1,JavaScript,1.3310662351921403,0.09507615965658145,0
4.962844630259907,2.302585092994046,5301.607453703704,14.515010140188101,1656.6959837962963,0,0,1,120,0,JavaScript,9.782976286516035,0.6200477928073544,0
2.70805020110221,3.4965075614664802,3169.747083333333,8.678294547113849,525.8590972222222,5,1,1,75,1,JavaScript,1.6132201925153598,3.687360440035108,0
3.8918202981106265,2.0794415416798357,2183.8176967592594,5.978967000025351,8.087418981481482,0,0,1,40,1,JavaScript,8.028142654039817,1.1707708037141398,0
2.833213344056216,0.0,1587.5959953703705,4.346600945572541,1515.6100810185185,0,0,0,0,0,JavaScript,3.6810372519468673,0.0,0
4.07753744390572,4.127134385045092,3421.332060185185,9.367096674018303,1239.8816203703705,5,1,1,53,1,JavaScript,6.19188655977852,6.512156554249822,0
2.772588722239781,1.0986122886681098,3317.9328587962964,9.084005089106903,111.10405092592593,0,0,1,42,0,JavaScript,1.6512540286868918,0.2201672038249189,0
3.9318256327243257,2.0794415416798357,2930.8938078703704,8.024349918878496,2765.0499189814814,7,1,1,99,1,JavaScript,6.231034352373822,0.872344809332335,0
3.6375861597263857,4.007333185232471,4672.6568402777775,12.793037208152711,4322.420023148148,0,0,1,46,0,JavaScript,2.892198263632091,4.221046114490078,0
3.58351893845611,2.9444389791664403,4714.523425925926,12.907661672624027,2490.662013888889,0,0,1,40,1,JavaScript,2.711567818223173,1.3945205922290602,0
3.4339872044851463,0.0,5475.315613425926,14.990597162014856,2804.31880787037,0,0,1,58,0,JavaScript,2.001254498120858,0.0,0
4.060443010546419,1.791759469228055,3333.9568518518518,9.127876391107055,3332.957337962963,3,1,1,16,0,JavaScript,6.244606911584928,0.547772536103941,0
2.833213344056216,2.833213344056216,1581.9712847222222,4.3312013270971175,557.9893402777777,3,1,1,26,1,JavaScript,3.694125207225962,3.694125207225962,0
3.713572066704308,2.9444389791664403,3829.79099537037,10.485396291226202,1316.4952662037037,4,1,1,92,1,JavaScript,3.814829586695788,1.7166733140131045,0
3.970291913552122,2.0794415416798357,2317.1647106481482,6.34405122696276,1334.2653935185185,5,1,1,70,1,JavaScript,8.19665512456702,1.1033958821532528,0
4.48863636973214,0.0,1574.9426851851852,4.311958070322205,1391.7847916666667,0,0,1,11,0,JavaScript,20.408361715220558,0.0,0
4.90527477843843,4.653960350157523,3458.804733796296,9.469691262960428,943.3327083333334,6,1,1,63,1,JavaScript,14.150408527480202,10.982406618342843,0
6.238324625039508,3.1780538303479458,3398.030138888889,9.303299490455547,0.03347222222222222,10,1,1,214,1,JavaScript,54.92674943166624,2.4722411681571885,0
5.973809611869261,3.332204510175204,3954.5959837962964,10.827093727026137,975.7526851851852,0,0,1,62,1,JavaScript,36.20546841868617,2.4937439982258334,0
4.248495242049359,3.1354942159291497,3211.0806828703703,8.791459775141329,2717.353912037037,4,1,1,45,1,JavaScript,7.848525929118612,2.502428557110282,0
4.882801922586371,2.4849066497880004,3011.949803240741,8.24626913960504,1.742361111111111,20,1,1,184,1,JavaScript,15.885971920421012,1.3339365734704667,0
5.241747015059643,3.7376696182833684,2327.319826388889,6.371854418586965,389.0302546296296,19,1,1,75,1,JavaScript,29.50475444818641,6.4345475126363985,0
5.176149732573829,2.1972245773362196,3598.1350347222224,9.851156837021827,3.840821759259259,6,1,1,46,1,JavaScript,17.865922034513847,0.8120873652051749,0
5.921578419643816,1.0986122886681098,4012.5890277777776,10.985870028139022,2235.1084953703703,1,1,0,0,0,JavaScript,33.861678596885405,0.18205203546712584,0
6.736966958001855,4.454347296253507,4607.754907407408,12.615345400157175,2694.8344444444447,0,0,1,76,1,JavaScript,66.74410991470036,6.73782582274291,0
3.4011973816621555,2.4849066497880004,3969.2916435185184,10.867328250564048,3759.2430439814816,0,0,1,52,0,JavaScript,2.668549189953364,1.0122083134305864,0
6.013715156042802,2.0794415416798357,3314.5808217592594,9.074827711866556,22.817523148148148,10,1,1,119,1,JavaScript,44.959531238977156,0.7713645065510787,0
4.820281565605037,2.0794415416798357,4132.96806712963,11.315449875782697,164.99298611111112,11,1,1,79,1,JavaScript,10.870093663995132,0.6186232166501294,0
4.77912349311153,1.9459101490553132,3642.626979166667,9.972969142140087,3582.5680324074074,0,0,1,56,0,JavaScript,11.831982864701667,0.6016262473577119,0
6.284134161070802,4.787491742782046,6658.670902777778,18.230447372423757,1561.880625,0,0,1,41,1,JavaScript,29.346509664335855,6.52754140197377,0
5.4680601411351315,2.0794415416798357,4882.523217592593,13.36762003447664,2820.621678240741,0,0,1,41,0,JavaScript,17.654601147498855,0.5236534238664915,0
5.056245805348308,4.23410650459726,3692.547314814815,10.109643572388268,746.8321296296297,5,1,1,35,1,JavaScript,15.430811074890059,6.726250981362334,0
6.664409020350408,4.174387269895637,3556.397453703704,9.736885567977286,2940.1806944444443,0,0,1,19,0,JavaScript,80.41585726088165,6.572943633073341,0
3.970291913552122,2.1972245773362196,3808.0994444444445,10.42600806144954,48.04219907407408,9,1,1,45,1,JavaScript,4.9875273156819695,0.767311894720303,0
6.021023349349527,4.394449154672439,6015.663506944445,16.469989067609706,1511.6567592592592,0,0,1,39,0,JavaScript,24.954479223564448,4.857319556898189,0
4.890349128221754,4.997212273764115,2155.969074074074,5.902721626486171,47.28863425925926,6,1,1,138,1,JavaScript,22.362565669317906,24.903766313558577,0
3.9512437185814275,3.784189633918261,4043.5163888888887,11.070544528100996,3521.1831944444443,2,1,1,72,1,JavaScript,4.606819463174895,3.8841811160102053,0
4.007333185232471,3.6109179126442243,2001.6081597222221,5.480104475625523,27.168599537037036,15,1,1,113,1,JavaScript,9.85382673636641,6.569217824244273,0
4.787491742782046,3.4339872044851463,4576.728148148148,12.53039876289705,448.9944791666667,2,1,1,70,1,JavaScript,9.496904468225159,2.3941775970315526,0
8.285261134068948,3.8918202981106265,2146.5534837962964,5.876943145232844,20.760381944444443,1,1,1,82,1,JavaScript,674.5003145411486,8.167511376885754,0
7.309212365692763,3.6375861597263857,3200.0645833333333,8.761299338352726,820.4892939814815,0,0,1,39,0,JavaScript,170.40851389067018,4.223117892802945,0
4.553876891600541,3.6635616461296463,3098.8342824074075,8.48414587928106,49.969664351851854,5,1,1,46,1,JavaScript,11.079488888746628,4.478942316727361,0
5.575949103146316,3.295836866004329,667.7917361111112,1.8283141303521182,52.94297453703704,7,1,1,125,1,JavaScript,143.84836589834174,14.22075100135698,0
4.499809670330265,4.07753744390572,1627.9121296296296,4.456980505488377,357.9558912037037,8,1,1,80,1,JavaScript,19.968676077986963,13.013294522733077,0
5.552959584921617,4.31748811353631,4589.764398148148,12.566090070220802,185.3467824074074,8,1,1,231,1,JavaScript,20.451866775095,5.888864363256926,0
4.430816798843313,3.784189633918261,2532.694722222222,6.9341402388014295,237.08425925925926,1,1,1,23,1,JavaScript,11.969760798253859,6.201201377408625,0
5.996452088619021,5.87493073085203,3436.7135763888887,9.409208970263897,333.42298611111113,10,1,1,37,1,JavaScript,42.617822738052475,37.72899519204147,0
4.356708826689592,2.833213344056216,3794.585775462963,10.389009652191548,1362.6717476851852,3,1,1,42,1,JavaScript,7.4116785504917635,1.540089049452834,0
6.878326468291325,7.01571242048723,5036.817789351852,13.79005554921794,0.010914351851851852,10,1,1,23,1,JavaScript,70.3405433384937,80.71033477911699,0
5.0369526024136295,2.70805020110221,3309.9221643518517,9.062073003016705,43.02837962962963,10,1,1,67,1,JavaScript,16.88355412156438,1.54490037713661,0
5.093750200806762,3.4011973816621555,4744.600381944444,12.990007890333864,2660.941400462963,0,0,1,39,1,JavaScript,12.471124064562545,2.23248517205132,0
4.276666119016055,0.0,3557.9024421296294,9.741006001723832,39.96490740740741,0,0,1,40,1,JavaScript,7.288774895265989,0.0,0
4.976733742420574,3.295836866004329,4519.537581018519,12.373819523664665,432.9303009259259,5,1,1,63,1,JavaScript,11.637473758575764,2.1012105397428464,0
6.037870919922137,3.4965075614664802,4450.657581018519,12.185236361447005,1630.5719675925925,0,0,1,14,1,JavaScript,34.303807296058245,2.6261287882149853,0
5.099866427824199,1.3862943611198906,4650.639178240741,12.732756134813801,298.5079513888889,8,1,1,100,1,JavaScript,12.80162741469042,0.23561277450350468,0
5.4116460518550396,4.430816798843313,4916.906481481482,13.461756280579007,312.5869328703704,0,0,1,121,1,JavaScript,16.565446242829207,6.1656145208736515,0
7.213031659834869,2.1972245773362196,4329.427986111111,11.853327819606053,1196.3815277777778,16,1,1,83,1,JavaScript,114.3982534387602,0.6749159494912106,0
5.351858133476067,3.7612001156935624,4314.658587962963,11.81289141126068,940.6134837962964,0,0,1,45,1,JavaScript,17.77718872449947,3.555437744899894,0
5.762051382780177,2.833213344056216,4972.78332175926,13.614738731715974,994.2354513888889,9,1,1,62,1,JavaScript,23.283590397628288,1.1751969916783995,0
4.663439094112067,2.8903717578961645,3302.847337962963,9.042703184019064,2130.9317939814814,7,1,1,57,1,JavaScript,11.611572099984857,1.8799688161880244,0
4.859812404361672,2.9444389791664403,3825.8962152777776,10.47473296448399,1389.2426967592592,0,0,1,70,1,JavaScript,12.219881922909295,1.7184208954091196,0
4.465908118654584,4.07753744390572,4057.819236111111,11.109703589626587,41.581805555555555,0,0,1,149,1,JavaScript,7.740980603685987,5.220661337369619,0
4.584967478670572,2.772588722239781,3868.409733796296,10.591128634623672,16.104571759259258,0,0,1,29,1,JavaScript,9.158608430351356,1.4162796541780447,0
6.862757913051401,3.9318256327243257,2632.3439930555555,7.206965073389611,731.4043865740741,9,1,1,46,1,JavaScript,132.51070183844254,6.937733080546731,0
8.122074375362217,2.302585092994046,1624.681701388889,4.448136074986691,289.2648032407407,3,1,1,50,0,JavaScript,756.9462676588809,2.0233193967715852,0
5.942799375126701,4.634728988229636,6123.851898148148,16.76619273962532,2609.9675115740743,0,0,1,31,1,JavaScript,22.664656544351043,6.083670967167912,0
5.645446897643238,3.2188758248682006,2479.4197800925926,6.788281396557406,1740.3033796296297,14,1,1,7,0,JavaScript,41.54217887063622,3.5355045847349973,0
4.795790545596741,1.6094379124341003,4222.826400462963,11.56146858442974,1716.547800925926,0,0,1,88,0,JavaScript,10.379304248736053,0.34597680829120175,0
5.225746673713202,3.367295829986474,4063.757013888889,11.125960339189293,831.6742013888888,0,0,1,40,1,JavaScript,16.627778129710666,2.516636689902155,0
4.23410650459726,2.772588722239781,2726.251435185185,7.46406963774178,629.7164583333333,0,0,1,101,1,JavaScript,9.110311572678881,2.009627552796812,0
5.768320995793772,2.8903717578961645,3818.428773148148,10.454288222171522,705.1951967592593,2,1,1,30,1,JavaScript,30.513794265157404,1.626126967108702,0
4.59511985013459,3.8066624897703196,3342.4933333333333,9.151248003650467,1360.747974537037,14,1,1,73,1,JavaScript,10.708921882666433,4.808087375891051,0
5.424950017481403,3.4339872044851463,5324.14449074074,14.576713184779576,2308.585497685185,0,0,1,41,1,JavaScript,15.504181027310066,2.0580771275190353,0
5.204006687076795,0.6931471805599453,5464.845613425926,14.961931864273582,105.73370370370371,0,0,1,49,1,JavaScript,12.097368283850805,0.06683628886105418,0
5.25227342804663,4.330733340286331,6007.219884259259,16.446871688594822,98.47625,0,0,1,75,1,JavaScript,11.552348896340973,4.560137722239858,0
5.568344503761097,2.1972245773362196,2202.749988425926,6.030800789667149,9.849571759259259,2,1,1,28,1,JavaScript,43.277834752423495,1.3265236705723678,0
3.784189633918261,2.302585092994046,3226.4552430555555,8.833553026846147,3083.560173611111,18,1,1,92,0,JavaScript,4.867803461338629,1.018842584931341,0
5.43372200355424,4.5217885770490405,4558.9894560185185,12.481832870687251,2096.6239814814817,0,0,1,57,1,JavaScript,18.266548059255204,7.290595935930805,0
3.8918202981106265,0.6931471805599453,3778.5494791666665,10.34510466575405,431.6649074074074,0,0,1,38,1,JavaScript,4.639875723915772,0.09666407758157858,0
4.356708826689592,3.58351893845611,2974.1580671296297,8.142801005146145,1806.4916203703704,5,1,1,45,1,JavaScript,9.456205542949778,4.298275246795353,0
5.198497031265826,3.367295829986474,3311.763240740741,9.067113595457196,2909.8683564814814,0,0,1,79,1,JavaScript,19.851962601437307,3.088083071334692,0
7.893572073504902,4.07753744390572,3232.714675925926,8.850690420057292,756.6903587962963,0,0,0,0,1,JavaScript,302.68825061702455,6.553161080921024,0
4.955827057601261,2.302585092994046,1814.0929166666667,4.9667157198266025,732.1344212962963,0,0,1,20,1,JavaScript,28.38898136189735,1.8120626401211075,0
5.375278407684165,3.6888794541139363,5424.945231481482,14.852690572160114,1323.7075578703705,0,0,1,174,1,JavaScript,14.475491760596968,2.625786877503636,0
6.129050210060545,6.318968113746434,1467.5471990740741,4.017925254138464,0.062094907407407404,4,1,1,48,1,JavaScript,113.98917875046577,137.88210704750662,0
5.8916442118257715,4.51085950651685,4912.85875,13.450674195756331,1529.8100578703704,2,1,1,37,1,JavaScript,26.838803374918932,6.691114414799733,0
7.784889295655098,4.48863636973214,4918.513067129629,13.46615487236038,1564.042488425926,0,0,1,22,1,JavaScript,178.44737586764413,6.534901821203779,0
6.037870919922137,5.267858159063328,4897.0078125,13.407276694045175,1483.7834722222221,0,0,1,39,0,JavaScript,31.177099536228276,14.395167967684348,0
6.131226489483141,4.68213122712422,5892.592037037037,16.133037746850203,2270.0209375,0,0,1,32,1,JavaScript,28.450934486260323,6.6323529194550215,0
5.973809611869261,4.820281565605037,4669.521608796296,12.784453412173296,227.81546296296295,0,0,1,127,1,JavaScript,30.66224165882129,9.621060520497496,0
5.1647859739235145,4.30406509320417,4452.600324074074,12.190555302050852,61.26,0,0,1,53,1,JavaScript,14.27334487139626,5.988242388574292,0
5.209486152841421,0.0,4068.290648148148,11.138372753314574,63.75207175925926,5,1,1,65,1,JavaScript,16.33990925163105,0.0,0
6.104793232414985,4.143134726391533,2960.1315740740743,8.10439856009329,712.8264467592593,8,1,1,52,1,JavaScript,55.15523412200677,7.650166701486397,0
5.62040086571715,4.007333185232471,2716.917025462963,7.438513416736381,1146.1482986111112,0,0,1,34,0,JavaScript,36.969752502060444,7.259515036768232,0
3.9512437185814275,2.302585092994046,4378.647025462963,11.988082205237408,1989.2373958333333,0,0,1,17,1,JavaScript,4.254225081783214,0.7507456026676259,0
4.143134726391533,3.1780538303479458,4575.023854166667,12.525732660278349,1363.9246990740742,0,0,1,45,1,JavaScript,4.949810257136865,1.8362199340991596,0
4.852030263919617,1.6094379124341003,2265.522465277778,6.202662464826223,937.3966087962963,0,0,1,49,1,JavaScript,20.47507835871867,0.6448843577549187,0
6.248042874508429,4.653960350157523,4516.820324074074,12.366380079600477,1882.1996527777778,0,0,1,83,1,JavaScript,41.7260343510864,8.409898396342994,0
5.480638923341991,4.553876891600541,4196.930717592592,11.490570068699773,0.6562037037037037,9,1,1,68,1,JavaScript,20.799664296120017,8.180621103913312,0
5.176149732573829,2.8903717578961645,5760.343206018519,15.770960180748853,1850.4077314814815,0,0,1,68,0,JavaScript,11.159751719799408,1.0779305638442611,0
5.187385805840755,4.060443010546419,5584.137326388889,15.288534774507568,827.1080671296296,0,0,1,43,1,JavaScript,11.64271152372306,3.728284027259632,0
10.844861064777746,7.190676034332207,4847.776527777778,13.272488782416914,0.7094444444444444,6,1,1,47,1,JavaScript,3862.802285274483,99.90590474309943,1
10.520509342706582,4.844187086458591,226.41822916666666,0.6198993269450148,0.5246180555555555,8,1,1,171,1,JavaScript,59795.19316898347,203.25881078295834,1
10.342935320141757,6.003887067106539,3083.129884259259,8.441149580449718,37.340949074074075,8,1,1,106,1,JavaScript,3676.7503885823216,47.860779642584674,1
10.739868901181982,2.9444389791664403,3038.8938194444445,8.32003783557685,4.116319444444445,13,1,1,52,1,JavaScript,5547.931501299438,2.16345170006694,1
10.188290484237065,5.099866427824199,5051.486296296296,13.830215732501838,137.6457986111111,14,1,1,22,1,JavaScript,1922.5296636200874,11.785788678403636,1
10.368855453377336,8.17103418920548,3617.473090277778,9.904101547646208,0.02034722222222222,14,1,1,19,1,JavaScript,3215.9403704387155,357.02380301627255,1
9.432283202713874,0.0,3197.7215625,8.754884496919917,13.190416666666666,13,1,1,51,1,JavaScript,1425.9468533699142,0.0,1
10.508786642522878,7.0825485693553,4296.622858796296,11.763512275965219,0.03625,9,1,1,31,1,JavaScript,3114.290965195089,101.16026337060615,1
8.776012719182917,5.25227342804663,81.41769675925926,0.2229095051588207,24.54866898148148,10,1,1,109,1,JavaScript,29052.14829392725,852.363831971306,1
10.505533184565781,5.948034989180646,6005.6639467592595,16.442611763885722,0.028136574074074074,12,1,1,22,1,JavaScript,2220.815070279962,23.2323188971121,1
9.378816521948083,4.499809670330265,4396.516423611111,12.037005951022891,0.025775462962962962,5,1,1,53,1,JavaScript,983.1348466679424,7.393865248727976,1
10.200439030995058,7.788211557847076,3697.8325810185183,10.124113842624281,563.3902199074074,3,1,1,47,1,JavaScript,2658.405507718352,238.14429958790768,1
10.390931953464207,7.302496423727326,4396.654305555556,12.037383451213021,0.02162037037037037,5,1,1,106,1,JavaScript,2705.0729198726895,123.19953136082546,1
9.670419920024225,4.804021044733257,2121.340347222222,5.807913339417446,27.028425925925927,8,1,1,52,1,JavaScript,2727.485600118976,20.833644190038264,1
9.443434254143561,4.820281565605037,3566.5197337962964,9.764598860496362,764.145474537037,7,1,1,42,1,JavaScript,1292.8334466530546,12.596523600944685,1
9.007612005404566,5.662960480135946,365.5861458333333,1.0009203171343828,0.4102314814814815,20,1,1,267,1,JavaScript,8156.493439331302,286.73611184322436,1
9.18594521514146,4.875197323201151,197.60671296296297,0.5410176946282353,3.4737962962962965,6,1,1,57,1,JavaScript,18036.37865616445,240.2878894549476,1
9.026778045746095,6.677083461247136,1886.4106944444445,5.164711004639137,0.4490277777777778,12,1,1,35,1,JavaScript,1611.3195864250426,153.54198894917795,1
8.56388591940822,6.960347729101308,3571.695150462963,9.778768379090932,0.6031828703703703,3,1,1,34,1,JavaScript,535.6502779225192,107.68227236586725,1
8.645938147306799,4.0943445622221,193.5486226851852,0.5299072489669684,7.812615740740741,13,1,1,90,1,JavaScript,10730.179689152423,111.34023947590448,1
10.526534105416584,5.683579767338681,2245.013703703704,6.14651253580754,1.4156134259259259,5,1,1,57,1,JavaScript,6067.017643379888,47.66930813092454,1
9.407878894574997,5.755742213586912,5309.857210648148,14.537596743732095,47.69320601851852,7,1,1,37,1,JavaScript,838.0339759563573,21.667955546766194,1
8.891236429516061,6.580639137284949,4660.897835648148,12.76084280807159,161.63479166666667,7,1,1,77,1,JavaScript,569.4764922112682,56.422605530771044,1
8.496786381638575,4.7535901911063645,3823.5530208333334,10.468317647729865,10.558518518518518,7,1,1,27,1,JavaScript,467.8879801724558,10.98552832172977,1
9.740085880594684,6.815639990074331,5564.666481481481,15.235226506451694,8.075,3,1,1,31,1,JavaScript,1114.7848699727404,59.79563215645116,1
9.486152271857476,5.948034989180646,149.68944444444443,0.4098273632975891,0.0221875,20,1,1,233,1,JavaScript,32147.682609550888,932.0997917911529,1
10.122904167442703,5.4510384535657,6275.665335648148,17.181835278981925,0.03644675925925926,4,1,1,55,1,JavaScript,1449.5541131433636,13.502632066540606,1
9.387481868728596,6.375024819828097,4915.456597222223,13.457786713818543,96.56707175925926,6,1,1,42,1,JavaScript,886.9957782688747,43.54356421760581,1
8.3707791729607,2.772588722239781,4170.7103587962965,11.418782638730448,0.566863425925926,7,1,1,77,1,JavaScript,378.14889175262203,1.3136251450415308,1
9.119977931895791,1.791759469228055,2918.8937731481483,7.991495614368647,29.834976851851852,13,1,1,53,1,JavaScript,1143.0901599414433,0.6256651121737512,1
9.164296433474776,5.0238805208462765,5288.031851851852,14.477842167972215,0.6068518518518519,16,1,1,281,1,JavaScript,659.5596145621918,10.429731050255624,1
8.886823846515187,5.805134968916488,1185.350601851852,3.245313078307603,0.27324074074074073,16,1,1,121,1,JavaScript,2229.3688853504937,101.99324133393412,1
8.605020901781758,0.0,260.8589583333333,0.7141929044033766,92.71333333333334,4,1,1,125,1,JavaScript,7642.192979443714,0.0,1
8.290292591224315,3.5263605246161616,289.376412037037,0.7922694374730651,0.02519675925925926,0,0,1,64,1,JavaScript,5028.592309084805,41.65249653609402,1
9.259035293514941,3.912023005428146,486.3403935185185,1.3315274292088117,0.22155092592592593,20,1,1,258,1,JavaScript,7884.178552925395,36.799842740840575,1
7.22402480828583,4.343805421853684,5685.884849537037,15.567104310847466,1294.1772569444445,0,0,1,47,0,JavaScript,88.07032911346654,4.882089724743587,1
8.658519127506672,1.6094379124341003,3385.580138888889,9.269213248155754,5.623310185185185,4,1,1,34,1,JavaScript,621.1961949570681,0.43153608541651134,1
8.747034264178168,3.58351893845611,3381.1494675925924,9.257082731259665,0.019444444444444445,3,1,1,99,1,JavaScript,679.5877473101018,3.7808887547057006,1
8.881280595070423,4.672828834461906,5260.279398148148,14.401860090754683,59.62922453703704,4,1,1,81,1,JavaScript,499.5882444809231,7.3601603773423,1
9.750685962278165,6.900730664045173,5337.691493055556,14.613802855730475,1337.002986111111,7,1,1,31,1,JavaScript,1174.5744875208256,67.88103067991022,1
9.308192772143688,5.765191102784844,5224.310231481481,14.303381879483863,375.4390740740741,0,0,1,117,1,JavaScript,770.9365584244548,22.23250436011396,1
9.92221116653423,4.663439094112067,6359.815185185185,17.412225010773952,0.4296064814814815,1,1,1,25,1,JavaScript,1170.2697379221536,6.030245987231983,1
10.203777313026992,6.135564891081739,6082.430196759259,16.652786301873398,871.7158564814815,0,0,1,39,1,JavaScript,1621.5904960578348,27.683055054164637,1
9.414341877762027,3.2188758248682006,6063.701875,16.60151095140315,0.14177083333333335,7,1,1,93,1,JavaScript,738.6074698799403,1.445651547636484,1
9.671996759734089,4.795790545596741,2988.178715277778,8.181187447714656,796.9471296296297,0,0,1,201,1,JavaScript,1939.3272799820802,14.667797403116703,1
9.223059144383958,6.0844994130751715,4120.507650462963,11.28133511420387,3.054212962962963,7,1,1,75,1,JavaScript,897.6774377750295,38.82519183820114,1
9.145268375232467,2.5649493574615367,3077.0696180555556,8.424557475853677,412.04987268518516,14,1,1,91,1,JavaScript,1112.10589124156,1.4244071613724751,1
9.386811515091962,4.955827057601261,4867.989502314815,13.32782889066342,0.012233796296296296,8,1,1,89,1,JavaScript,895.0445040869826,10.579367514147417,1
9.275003885301905,6.0330862217988015,5607.181979166667,15.351627595254392,0.8992476851851852,0,0,1,24,1,JavaScript,694.8448907982539,27.098103925384237,1
9.2794932306645,4.927253685157205,3651.306724537037,9.996732989834461,76.37358796296296,6,1,1,117,1,JavaScript,1071.8501745416163,13.704477266654356,1
8.695674048824253,3.4965075614664802,505.83311342592594,1.3848955877506528,0.27189814814814817,0,0,1,51,1,JavaScript,4315.126752411868,23.106435086542803,1
8.517393171418904,7.256297239690681,3562.7364467592593,9.754240785104063,0.15609953703703705,18,1,1,42,1,JavaScript,512.5975573245661,145.1676282343171,1
8.27715777243181,2.4849066497880004,3457.2396412037037,9.465406272973864,8.348356481481481,7,1,1,53,1,JavaScript,415.4074200942497,1.162126556723486,1
8.487970332739334,6.976348070447749,4893.47363425926,13.397600641366898,642.5779861111112,10,1,1,90,1,JavaScript,362.3783190707695,79.86504663351666,1
8.803123730829212,4.276666119016055,3936.6589930555556,10.777984922807818,1043.5780787037038,0,0,1,21,0,JavaScript,617.3695776767277,6.5875022565445835,1
7.407924322559599,6.532334292222349,2331.7751736111113,6.384052494486273,1.480625,6,1,1,36,1,JavaScript,258.1432407429813,107.45525676558564,1
8.933268478636418,4.394449154672439,3761.434965277778,10.298247680431972,814.1664814814815,4,1,1,75,1,JavaScript,735.95044857982,7.768311899509908,1
7.8119734296220225,7.181591944611865,3066.0606712962963,8.394416622303345,0.2232523148148148,6,1,1,90,1,JavaScript,294.1240721171796,156.53261675252085,1
8.84980082722101,4.672828834461906,5663.3388888888885,15.505376834740284,8.601712962962964,0,0,1,61,1,JavaScript,449.6504712080918,6.836338202532664,1
8.652073673610056,7.104144092987527,4151.295439814815,11.365627487514894,0.7772569444444445,9,1,1,176,1,JavaScript,503.3598018485561,106.9892534605566,1
9.255887186932153,5.916202062607435,2443.8655787037037,6.690939298298983,4.952060185185185,20,1,1,283,0,JavaScript,1564.0554387723237,55.2986633870769,1
7.947678571301568,7.510430556378006,1434.5849652777779,3.9276795763936425,0.012858796296296297,14,1,1,92,1,JavaScript,720.0180017221879,464.9055414231666,1
8.322880021769905,6.744059186311348,3737.7483217592594,10.23339718483028,4.744479166666666,5,1,1,27,1,JavaScript,402.21247408450546,82.86593246444622,1
7.71333788887187,1.0986122886681098,756.1661111111111,2.070269982508176,0.5979282407407407,16,1,1,121,1,JavaScript,1080.5353982333393,0.9660575755327128,1
8.80926561216931,4.919980925828125,3218.3380902777776,8.811329473724237,141.72773148148147,20,1,1,155,1,JavaScript,759.8172352951706,15.43467423452475,1
8.887376485379763,4.663439094112067,228.63105324074073,0.6259577090780034,3.521053240740741,3,1,1,105,1,JavaScript,11564.679043034064,167.74296166854216,1
7.1631723908466425,4.04305126783455,1945.2111689814815,5.325697930134104,18.14142361111111,9,1,1,33,1,JavaScript,242.22177392015868,10.51505375157278,1
8.725507328484445,6.340359303727752,5822.747476851852,15.9418137627703,0.9173032407407408,3,1,1,60,1,JavaScript,386.2170322412588,35.50411568110321,1
8.069029328774958,1.9459101490553132,3503.0549074074074,9.59084163561234,1777.5106365740742,13,1,1,112,1,JavaScript,332.92177280290775,0.6255968170427331,1
8.564076777315087,5.814130531825066,5339.372094907408,14.618404092833423,0.00863425925925926,13,1,1,35,1,JavaScript,358.38385412867234,22.847911295853514,1
9.24763615671988,2.302585092994046,3014.7340856481483,8.253892089385758,0.7962847222222222,13,1,1,100,1,JavaScript,1257.4673726770748,1.0903946771455508,1
8.591558273371545,5.605802066295998,2236.3421180555556,6.122771028215073,12.898784722222222,20,1,1,129,1,JavaScript,879.5037369819544,44.261005148024076,1
7.736307096548285,6.406879986069314,3311.762025462963,9.067110268207974,1.7972916666666667,11,1,1,49,1,JavaScript,252.4508837204644,66.72467656220225,1
8.688285266258644,2.4849066497880004,3152.634699074074,8.631443392399929,19.10318287037037,15,1,1,79,1,JavaScript,687.2546954572146,1.2744102579280783,1
7.910957382845589,6.9985096422506015,4851.311585648148,13.282167243389864,3.8688078703703703,10,1,1,69,1,JavaScript,205.2375903756707,82.36607625494634,1
7.424761761823209,3.5553480614894135,2102.497673611111,5.756324910639592,0.12671296296296297,20,1,1,80,1,JavaScript,291.1579916036702,5.906546369048202,1
8.21959545417708,6.556778356158042,2973.0843402777778,8.139861301239637,0.02494212962962963,12,1,1,39,1,JavaScript,456.0274263438237,86.36510795250757,1
7.906915488678587,7.6290038896529575,3877.718634259259,10.616615015083529,111.98916666666666,4,1,1,93,1,JavaScript,255.73122846996625,193.65871297762453,1
8.25712628599743,6.811244378601294,5354.189537037037,14.658972038431312,13.28193287037037,6,1,1,124,1,JavaScript,262.9106590759569,61.87336994859702,1
7.756195343948118,5.278114659230517,2757.874027777778,7.550647577762568,764.6226273148148,8,1,1,50,1,JavaScript,309.24499865108453,25.825599459084145,1
8.59877317840866,7.074963197966044,1981.0850925925927,5.4239153801303015,0.012592592592592593,18,1,1,237,1,JavaScript,1000.0156012518205,217.73938515457226,1
8.283999304248526,2.70805020110221,3976.2949189814813,10.886502173802823,20.94871527777778,9,1,1,100,1,JavaScript,363.6613428991821,1.2859961607952892,1
8.152198015861787,4.0943445622221,714.8024074074074,1.9570223337642911,93.70320601851851,5,1,1,95,1,JavaScript,1773.1018906286718,30.14784194440681,1
7.855544677915663,4.499809670330265,139.22672453703703,0.3811819973635511,0.018136574074074076,20,1,1,155,1,JavaScript,6765.796962704635,233.48426897274624,1
0.6931471805599453,3.295836866004329,2340.973726851852,6.409236760716912,1705.3255092592592,11,1,1,75,1,TypeScript,0.15602481813889865,4.056645271611365,0
1.791759469228055,2.4849066497880004,194.52178240740741,0.5325716150784597,50.2755787037037,0,0,1,103,1,TypeScript,9.388408729337533,20.654499204542574,0
0.0,0.0,374.04541666666665,1.0240805384439882,374.0451851851852,0,0,0,0,0,TypeScript,0.0,0.0,0
2.9444389791664403,0.0,2551.508773148148,6.98565030293812,1197.5644328703704,7,1,1,95,1,TypeScript,2.5767107168862027,0.0,0
4.418840607796598,0.0,4017.657719907407,10.999747350875857,3609.9705671296297,0,0,1,70,0,TypeScript,7.454716675239885,0.0,0
3.367295829986474,2.0794415416798357,1751.5824652777778,4.79557143128755,1660.573425925926,2,1,1,46,1,TypeScript,5.838720244540775,1.4596800611351937,0
3.4011973816621555,3.5263605246161616,2743.1635185185187,7.510372398407991,952.1381018518518,0,0,1,42,1,TypeScript,3.8613265044150493,4.393923263644711,0
4.406719247264253,2.5649493574615367,1709.6051041666667,4.680643680127766,18.767476851851853,0,0,1,42,0,TypeScript,17.305312161208768,2.5637499498087064,0
2.3978952727983707,2.302585092994046,2625.5846527777776,7.188459008289604,1722.5491666666667,4,1,1,35,1,TypeScript,1.3911187346923974,1.2520068612231579,0
3.4965075614664802,1.3862943611198906,3200.3533333333335,8.762089892767511,165.38912037037036,10,1,1,135,1,TypeScript,3.65209674765078,0.34238407009226063,0
3.1780538303479458,2.5649493574615367,2286.011388888889,6.2587580804623935,0.016458333333333332,20,1,1,205,1,TypeScript,3.6748504582399155,1.917313282559956,0
2.995732273553991,3.091042453358316,154.6722337962963,0.4234694970466702,24.379872685185184,0,0,1,48,1,TypeScript,44.86745829985017,49.59034864720282,0
4.189654742026425,1.9459101490553132,1716.1512037037037,4.698565923897888,0.9428935185185185,0,0,1,31,1,TypeScript,13.834008302277173,1.276985381748662,0
2.833213344056216,2.4849066497880004,1719.8211226851852,4.708613614470049,197.34895833333334,5,1,1,47,1,TypeScript,3.3980278081918573,2.336144118131902,0
2.4849066497880004,0.0,132.85469907407406,0.36373634243415215,125.7294675925926,0,0,1,45,1,TypeScript,30.24168529981672,0.0,0
2.0794415416798357,0.6931471805599453,3806.867210648148,10.42263438918042,2855.593240740741,1,1,1,56,1,TypeScript,0.671615230720037,0.0959450329600053,0
3.8501476017100584,2.3978952727983707,3173.9411574074074,8.689777296118843,1176.437048611111,8,1,1,59,1,TypeScript,5.293576398159847,1.1507774778608364,0
3.044522437723423,2.70805020110221,2996.2590277777776,8.203310137653054,222.46655092592593,19,1,1,114,1,TypeScript,2.4380402135718775,1.7066281495003144,0
4.553876891600541,0.0,421.1542592592593,1.1530575202170001,54.920891203703704,15,1,1,125,1,TypeScript,81.52238578896709,0.0,0
2.833213344056216,0.6931471805599453,1995.1288078703703,5.462364977057824,949.7093518518518,5,1,0,0,0,TypeScript,2.929134187700879,0.18307088673130495,0
3.4011973816621555,0.6931471805599453,1878.8817592592593,5.14409790351611,0.34810185185185183,5,1,1,41,0,TypeScript,5.637528784235974,0.1943975442839991,0
2.995732273553991,0.6931471805599453,959.2164467592593,2.6261915037898955,710.4308449074074,4,1,1,50,0,TypeScript,7.234811312343681,0.3807795427549306,0
3.6635616461296463,2.3978952727983707,2421.0813541666666,6.628559491216062,130.17859953703703,12,1,1,107,1,TypeScript,5.732768944799589,1.5086234065262076,0
3.5553480614894135,0.0,880.2064467592593,2.409873913098588,280.0705439814815,0,0,1,29,1,TypeScript,14.108621955363297,0.0,0
2.70805020110221,2.772588722239781,1279.8599189814815,3.5040654866022765,791.056886574074,19,1,1,176,1,TypeScript,3.9953591202929046,4.280741914599541,0
4.59511985013459,3.8918202981106265,1098.8157407407407,3.00839354070018,9.8528125,17,1,1,56,1,TypeScript,32.57552533409285,15.955359347310782,0
3.713572066704308,2.5649493574615367,1850.4388773148148,5.066225536796208,497.14274305555557,0,0,1,128,1,TypeScript,7.895424258055297,2.3686272774165893,0
3.332204510175204,3.4011973816621555,845.8371296296297,2.3157758511420385,137.80394675925925,0,0,1,25,1,TypeScript,11.659159493646499,12.522800937620314,0
4.844187086458591,0.0,1628.550324074074,4.458727786650442,501.5125810185185,0,0,1,39,1,TypeScript,28.25918199744052,0.0,0
3.5263605246161616,1.0986122886681098,687.3133217592592,1.8817613189849671,279.0328240740741,12,1,1,72,1,TypeScript,17.536761791766658,1.062834047985858,0
0.6931471805599453,0.0,134.00280092592592,0.36687967399295257,126.21269675925926,12,1,1,84,1,TypeScript,2.7256892951208007,0.0,0
1.3862943611198906,0.0,381.4390162037037,1.0443231107562045,196.13390046296297,10,1,1,175,1,TypeScript,2.8726741456747718,0.0,0
3.6888794541139363,0.0,1914.6447222222223,5.242011559814435,28.651759259259258,0,0,1,38,1,TypeScript,7.4398920252248715,0.0,0
3.5553480614894135,3.4339872044851463,2263.826215277778,6.19801838542855,452.84399305555553,6,1,1,39,0,TypeScript,5.485624256929198,4.840256697290469,0
3.4339872044851463,1.0986122886681098,188.44157407407408,0.5159249119071159,1.4044444444444444,14,1,1,161,1,TypeScript,58.14799655458589,3.876533103639059,0
3.2188758248682006,2.6390573296152584,1265.3672453703705,3.4643867087484477,1133.1025694444445,0,0,0,0,1,TypeScript,6.927633089976348,3.7524679237371887,0
3.8918202981106265,4.77912349311153,3526.905729166667,9.656141626739677,1122.357337962963,0,0,1,32,1,TypeScript,4.970929575750935,12.220201873721047,0
3.1780538303479458,2.9444389791664403,3010.569537037037,8.242490176692778,24.24278935185185,14,1,1,167,1,TypeScript,2.7904188548549214,2.183806060321243,0
3.713572066704308,0.6931471805599453,1482.1015162037038,4.057772802747992,1017.6341319444444,2,1,1,22,1,TypeScript,9.857624353170126,0.24644060882925314,0
4.382026634673881,1.0986122886681098,157.78194444444443,0.43198342079245566,113.04288194444445,0,0,1,63,0,TypeScript,182.87738880135208,4.629807311426635,0
3.6375861597263857,1.9459101490553132,1120.9258217592592,3.068927643420285,19.05369212962963,6,1,1,78,1,TypeScript,12.056328561322456,1.9550803072414793,0
3.4965075614664802,2.0794415416798357,544.7526157407408,1.4914513777980583,484.0444675925926,0,0,1,234,1,TypeScript,21.455610606122477,4.693414820089292,0
3.295836866004329,2.302585092994046,3490.0306018518518,9.555183030395213,115.03945601851852,0,0,1,33,0,TypeScript,2.7210363126790478,0.9418971851581319,0
4.836281906951478,0.6931471805599453,2044.344675925926,5.597110680153117,5.359467592592592,6,1,1,36,1,TypeScript,22.332951257018998,0.17866361005615197,0
2.9444389791664403,2.302585092994046,2184.5980555555557,5.981103505970036,2077.6297453703705,4,1,1,89,1,TypeScript,3.009478097483735,1.5047390487418675,0
4.2626798770413155,0.0,169.1306712962963,0.4630545415367455,16.10462962962963,15,1,1,57,1,TypeScript,151.17009708551834,0.0,0
3.1780538303479458,1.791759469228055,308.99107638888887,0.8459714617081147,130.58006944444443,0,0,1,14,0,TypeScript,27.18767835685654,5.910364860186204,0
3.912023005428146,0.0,3429.205578703704,9.388653192891729,1169.5783333333334,0,0,1,45,1,TypeScript,5.219065929189773,0.0,0
3.091042453358316,2.0794415416798357,2816.752534722222,7.711848144345578,686.2668171296297,11,1,1,65,1,TypeScript,2.7230826653916234,0.9076942217972077,0
2.8903717578961645,0.6931471805599453,3421.0975925925927,9.366454736735367,1263.9049537037038,5,1,1,20,1,TypeScript,1.814987685076378,0.10676398147508107,0
2.1972245773362196,0.6931471805599453,1001.853287037037,2.742924810505235,188.26953703703703,3,1,1,50,1,TypeScript,2.916594712826428,0.3645743391033035,0
3.58351893845611,2.1972245773362196,4310.707233796296,11.802073193145233,159.54672453703705,0,0,1,96,0,TypeScript,2.9655806591954,0.6778470078160914,0
2.4849066497880004,2.0794415416798357,2615.807083333333,7.161689482089892,1478.0168171296295,2,1,1,106,1,TypeScript,1.5359504244786146,0.977422997395482,0
3.2188758248682006,3.258096538021482,2225.044409722222,6.091839588561868,29.56980324074074,12,1,1,248,1,TypeScript,3.9396966468163033,4.103850673766983,0
2.4849066497880004,1.9459101490553132,1326.6975347222221,3.6322998897254544,488.3840162037037,2,1,1,36,1,TypeScript,3.0283843113051523,1.6518459879846283,0
3.295836866004329,2.4849066497880004,4126.230972222223,11.297004715187468,310.64753472222225,0,0,1,61,1,TypeScript,2.301495011774769,0.9737094280585561,0
4.820281565605037,2.1972245773362196,3744.6109837962963,10.252186129490202,4.624479166666666,1,1,1,89,1,TypeScript,11.997441174638162,0.7803213772122382,0
3.2188758248682006,1.6094379124341003,2517.6477546296296,6.892943886734099,197.00403935185184,6,1,1,40,1,TypeScript,3.481821467630035,0.5803035779383392,0
3.2188758248682006,0.0,367.92913194444446,1.0073350635029281,170.95222222222222,0,0,1,25,1,TypeScript,23.82524034906707,0.0,0
2.8903717578961645,0.6931471805599453,227.31701388888888,0.6223600654042132,219.31306712962962,11,1,1,173,1,TypeScript,27.315377295229837,1.6067868997194021,0
3.044522437723423,1.6094379124341003,1566.0723958333333,4.287672541638147,1072.0024421296296,4,1,1,31,1,TypeScript,4.664535317419274,0.9329070634838548,0
3.6375861597263857,4.499809670330265,3155.6101157407406,8.639589639262809,616.490474537037,0,0,1,115,1,TypeScript,4.282610811959479,10.301415196334963,0
4.204692619390966,1.0986122886681098,927.7523148148148,2.5400474053793696,133.09791666666666,6,1,1,103,1,TypeScript,25.98376701955393,0.7873868793804222,0
5.247024072160486,1.3862943611198906,3032.112800925926,8.301472418688366,2909.197303240741,5,1,1,45,1,TypeScript,22.76704546708137,0.3613816740806567,0
2.302585092994046,0.6931471805599453,1097.0755092592592,3.003629046568814,932.0469791666667,8,1,1,70,1,TypeScript,2.9963753381201057,0.33293059312445616,0
2.9444389791664403,1.3862943611198906,2324.069884259259,6.3629565619692245,3.1330324074074074,0,0,1,81,1,TypeScript,2.82887362575823,0.4714789376263716,0
2.70805020110221,3.6375861597263857,986.590474537037,2.7011375072882604,763.7505208333333,0,0,1,119,1,TypeScript,5.183001591820089,13.697932778381663,0
3.1780538303479458,1.6094379124341003,2887.8341203703703,7.906458919562958,1666.3354976851851,0,0,1,49,1,TypeScript,2.909014039533056,0.5059154851361836,0
1.9459101490553132,0.0,183.9607175925926,0.5036569954622658,8.47337962962963,5,1,1,39,1,TypeScript,11.91286938145888,0.0,0
3.871201010907891,3.332204510175204,2380.7760416666665,6.518209559662331,4.051956018518519,4,1,1,111,1,TypeScript,7.21056903276899,4.142241784782185,0
4.897839799950911,2.995732273553991,2510.651736111111,6.8737898319263815,407.9957986111111,15,1,1,121,1,TypeScript,19.348860417911077,2.7641229168444394,0
2.6390573296152584,2.302585092994046,1652.7556944444445,4.524998478971785,1497.9510185185186,0,0,1,33,0,TypeScript,2.8729291424986267,1.9889509448067415,0
4.356708826689592,2.3978952727983707,3109.271967592593,8.512722703881158,698.9647800925926,0,0,1,47,1,TypeScript,9.04528464963317,1.1747122921601518,0
4.875197323201151,3.2188758248682006,574.0231597222222,1.5715897596775419,35.04934027777778,11,1,1,100,0,TypeScript,82.71878790217706,15.27116084347884,0
4.976733742420574,2.1972245773362196,2492.4656597222224,6.8239990683702185,0.5067708333333333,4,1,1,27,1,TypeScript,21.10199584690032,1.1723331026055732,0
3.258096538021482,1.791759469228055,1917.8372685185186,5.2507522752047056,5.033842592592593,11,1,1,80,1,TypeScript,4.76122252387642,0.9522445047752839,0
2.833213344056216,0.6931471805599453,1530.424224537037,4.190073167794762,1014.4305787037038,6,1,1,73,1,TypeScript,3.8185490704499583,0.2386593169031224,0
3.784189633918261,2.1972245773362196,1900.815462962963,5.204149111466018,10.914664351851853,5,1,1,121,1,TypeScript,8.26263796040364,1.5372349693774217,0
6.052089168924417,1.0986122886681098,792.484837962963,2.169705237407154,43.03300925925926,0,0,1,34,1,TypeScript,195.41824976497242,0.9217841970045869,0
3.6109179126442243,0.6931471805599453,286.9885532407407,0.7857318363880649,233.2576736111111,0,0,0,0,1,TypeScript,45.81715839018132,1.2726988441717033,0
4.430816798843313,2.302585092994046,3609.9494907407407,9.883503054731666,2526.028460648148,0,0,1,90,1,TypeScript,8.397832179579716,0.9106083086291258,0
3.5263605246161616,2.0794415416798357,210.02041666666668,0.5750045630846452,4.143935185185185,9,1,1,145,1,TypeScript,57.390848905562756,12.173816434513311,0
1.791759469228055,1.6094379124341003,751.6222453703704,2.057829556113266,336.90777777777777,15,1,1,148,1,TypeScript,2.429744477693172,1.9437955821545378,0
2.995732273553991,2.3978952727983707,351.0136458333333,0.9610229865389003,0.00880787037037037,0,0,1,26,1,TypeScript,19.770598899437374,10.405578368124933,0
4.983606621708336,2.4849066497880004,845.2491435185185,2.3141660329049105,772.2848032407408,0,0,1,96,1,TypeScript,62.65756127186146,4.753332234417076,0
5.0106352940962555,0.6931471805599453,3435.1127314814817,9.404826095774077,35.07024305555556,5,1,1,48,1,TypeScript,15.8429298407709,0.10632838819309329,0
5.552959584921617,3.9889840465642745,3415.9361574074073,9.352323497350875,191.76627314814814,10,1,1,71,1,TypeScript,27.479802219501646,5.667040924644309,0
4.919980925828125,5.484796933490655,348.79737268518517,0.9549551613557431,0.02900462962962963,2,1,1,56,1,TypeScript,142.41506355850441,251.32070039736075,0
6.697034247666484,6.882437470997847,2964.61431712963,8.116671641696454,3.8358796296296296,12,1,1,87,1,TypeScript,99.6713968129567,119.9999264472433,0
5.921578419643816,4.07753744390572,3591.777789351852,9.833751647780566,20.90105324074074,8,1,1,45,1,TypeScript,37.82889921609508,5.898054178853535,0
4.442651256490317,0.0,1204.930439814815,3.29891975308642,3.7331944444444445,17,1,1,38,1,TypeScript,25.4628806661365,0.0,0
6.7661917146603505,0.0,2610.706597222222,7.147725112175831,0.2401736111111111,0,0,1,67,1,TypeScript,121.29733396197682,0.0,0
4.574710978503383,2.302585092994046,645.5808796296296,1.7675041194514158,153.94357638888889,0,0,1,44,0,TypeScript,54.31387624137234,5.091925897628657,0
5.541263545158426,3.367295829986474,4139.918761574074,11.334479840038533,0.7622685185185185,3,1,1,52,1,TypeScript,22.40949770828976,2.47033833004769,0
5.356586274672012,1.0986122886681098,1021.5471296296296,2.79684361294902,679.6857291666666,2,1,1,35,1,TypeScript,75.44218740836907,0.7150918237760101,0
6.520621127558696,7.853604813097837,810.4386805555556,2.2188601794813296,0.008472222222222223,2,1,1,44,1,TypeScript,305.5622910671578,1160.0550696266432,0
5.963579343618446,3.8066624897703196,2260.1194097222224,6.1878697049205265,1316.3248726851853,10,1,1,43,1,TypeScript,62.7033241652562,7.1106862455445174,0
5.0689042022202315,2.3978952727983707,163.64302083333334,0.4480301733972165,0.30519675925925926,0,0,1,108,1,TypeScript,352.6548196563531,22.319925294705893,0
5.003946305945459,2.5649493574615367,2936.737824074074,8.040349963241818,606.6881481481481,4,1,1,73,1,TypeScript,18.407158976489047,1.4924723494450578,0
4.74493212836325,4.31748811353631,385.99930555555557,1.0568085025477223,0.5868518518518518,6,1,1,99,1,TypeScript,107.87195572818747,70.02214670075327,0
5.3471075307174685,4.174387269895637,622.2966319444445,1.7037553235987528,177.2458912037037,4,1,1,45,1,TypeScript,122.67019630409153,37.56407925101367,0
5.187385805840755,2.0794415416798357,1847.653298611111,5.058599037949654,0.8373958333333333,5,1,1,47,0,TypeScript,35.187608004635756,1.3837823372609568,0
3.5263605246161616,3.2188758248682006,1619.8910300925927,4.435019931807235,18.702430555555555,10,1,1,109,1,TypeScript,7.440778284518952,5.411475116013783,0
5.365976015021851,4.394449154672439,4017.852962962963,11.000281897229193,1816.728576388889,5,1,1,41,1,TypeScript,19.363140144040447,7.272540899170121,0
4.890349128221754,3.970291913552122,329.2085416666667,0.9013238649326946,0.7786342592592592,19,1,1,122,1,TypeScript,146.45124259508756,57.69291374957996,0
6.46302945692067,2.0794415416798357,473.90375,1.2974777549623546,0.46262731481481484,0,0,1,92,1,TypeScript,493.26471883794966,5.395082862290074,0
5.111987788356544,4.6443908991413725,1085.2665046296297,2.971297753948336,9.617673611111112,5,1,1,49,1,TypeScript,55.5312909252342,34.66498766847953,0
6.278521424165844,5.568344503761097,3790.1042708333334,10.376739961213781,1071.7987037037037,5,1,1,31,1,TypeScript,51.268510340291044,25.152408268451055,0
5.288267030694535,2.9444389791664403,148.62569444444443,0.40691497452277736,0.11310185185185186,10,1,1,102,1,TypeScript,484.1306226959037,44.23528532246836,0
4.804021044733257,2.5649493574615367,1654.8833333333334,4.530823636778463,58.83556712962963,0,0,1,20,1,TypeScript,26.70596114529725,2.648525072260884,0
4.812184355372417,3.6635616461296463,1666.3961805555555,4.562344094607955,0.5440162037037037,13,1,1,55,1,TypeScript,26.740639782998116,8.329051735687939,0
5.389071729816501,2.302585092994046,250.06508101851853,0.6846408789008036,35.14181712962963,3,1,1,96,1,TypeScript,318.4151088816092,13.145577889607718,0
4.04305126783455,2.3978952727983707,867.9706597222222,2.3763741539280554,3.8061574074074076,8,1,1,103,1,TypeScript,23.565312687580846,4.208091551353722,0
3.8918202981106265,2.5649493574615367,1433.0084259259258,3.9233632468882296,0.28837962962962965,4,1,1,45,1,TypeScript,12.2344011959817,3.058600298995425,0
5.176149732573829,4.219507705176107,4104.510671296296,11.237537772200675,306.91096064814815,4,1,1,78,1,TypeScript,15.661793852687847,5.962160159830033,0
5.638354669333745,1.9459101490553132,3859.859363425926,10.567718996374882,0.9327546296296296,4,1,1,43,1,TypeScript,26.49578400940168,0.5677668002014646,0
4.574710978503383,4.143134726391533,2238.2010300925926,6.127860451998885,0.38858796296296294,0,0,1,32,1,TypeScript,15.666153097315584,10.117723875349649,0
4.3694478524670215,4.290459441148391,1789.1270949074074,4.898363025071615,62.59665509259259,4,1,1,85,1,TypeScript,15.923687076839233,14.698788070928522,0
5.262690188904886,2.70805020110221,861.7065277777778,2.3592238953532587,545.3363194444445,8,1,1,176,1,TypeScript,81.3826955458379,5.934154883550681,0
6.371611847231857,4.634728988229636,4071.5658796296298,11.147339848404188,2049.634664351852,0,0,1,27,1,TypeScript,52.3891805526682,9.150165096527665,0
6.5337888379333435,5.730099782973574,3527.7700578703702,9.658508029761451,58.06594907407408,0,0,1,58,1,TypeScript,71.12899817270926,31.785447509493075,0
6.059123195581797,1.9459101490553132,941.3997106481481,2.577411938803965,692.1864236111111,7,1,1,71,1,TypeScript,165.67006366787732,2.327916585497105,0
5.1298987149230735,3.258096538021482,1647.011886574074,4.509272790072756,26.263564814814814,14,1,1,172,1,TypeScript,37.25656171652666,5.544131207816467,0
5.950642552587727,3.6375861597263857,2876.7796875,7.876193531827515,2.7569328703703704,7,1,1,85,1,TypeScript,48.62755066293202,4.6977007167845555,0
5.384495062789089,3.332204510175204,3146.4997337962964,8.614646772885138,1477.5684837962963,0,0,1,97,1,TypeScript,25.189657303537285,3.1341969916843624,0
5.123963979403259,1.3862943611198906,185.9456712962963,0.5090915025223718,50.05097222222222,1,1,1,290,1,TypeScript,328.0353319051152,5.892850273744584,0
5.0689042022202315,1.791759469228055,849.3397337962963,2.3253654587167594,3.1004976851851853,6,1,1,105,1,TypeScript,67.94630900176503,2.150199651954589,0
4.727387818712341,4.110873864173311,2603.850960648148,7.12895540218521,146.83194444444445,4,1,1,149,1,TypeScript,15.710576610658707,8.416380327138594,0
4.653960350157523,2.8903717578961645,158.93547453703704,0.4351416140644409,0.028958333333333332,13,1,1,123,1,TypeScript,239.0026525585265,39.067741283605294,0
5.337538079701318,4.276666119016055,2867.0227199074075,7.849480410424113,0.42791666666666667,5,1,1,76,1,TypeScript,26.371172253019946,9.045184685818436,0
6.111467339502679,5.267858159063328,2837.333460648148,7.768195648591781,117.0068287037037,13,1,1,21,1,TypeScript,57.92851008864279,24.844894326906797,0
4.820281565605037,2.9444389791664403,2344.9114699074075,6.420017713641088,322.06248842592595,1,1,1,43,1,TypeScript,19.158825642903253,2.803730581888281,0
5.91350300563827,4.6913478822291435,20.663321759259258,0.05657309174335184,0.03361111111111111,0,0,1,76,1,TypeScript,6522.535513420351,1909.0347844157125,0
6.021023349349527,2.833213344056216,291.70265046296294,0.7986383311785433,152.82162037037037,7,1,1,77,1,TypeScript,514.6259376174582,20.034099761263583,0
5.823045895483019,2.1972245773362196,5656.305219907407,15.486119698582907,270.83248842592593,0,0,1,33,1,TypeScript,21.761422910274803,0.516591641786939,0
4.9344739331306915,2.833213344056216,2972.2491666666665,8.137574720511065,3.510289351851852,9,1,1,85,1,TypeScript,16.958369629733266,1.9661877831574799,0
6.322565239927284,1.0986122886681098,2247.521111111111,6.15337744315157,209.73061342592592,9,1,1,62,1,TypeScript,90.35688207600572,0.3250247556690853,0
5.342334251964811,4.290459441148391,2480.038125,6.789974332648871,1332.9586342592593,0,0,1,103,1,TypeScript,30.63340004097719,10.603869244953643,0
6.543911845564792,0.0,3712.6634027777777,10.164718419651685,916.638125,8,1,1,112,0,TypeScript,68.27537875109986,0.0,0
4.976733742420574,1.6094379124341003,5299.234305555556,14.508512814662712,20.54068287037037,2,1,1,51,1,TypeScript,9.925207486081518,0.27570020794670885,0
5.703782474656201,2.302585092994046,130.5272800925926,0.3573642165437169,0.030081018518518517,4,1,1,114,1,TypeScript,836.681419566312,25.18439055550772,0
6.016157159698354,3.7376696182833684,1223.6600694444444,3.3501986843105938,477.3562847222222,9,1,1,89,1,TypeScript,122.08231168957202,12.238080144920422,0
5.910796644040527,4.820281565605037,2594.6047453703704,7.103640644408954,5.304375,5,1,1,65,1,TypeScript,51.80442232668975,17.31506507114902,0
4.941642422609304,5.6937321388027,2944.4889467592593,8.06157138058661,9.655659722222222,15,1,1,114,1,TypeScript,17.242296003820226,36.71740731748768,0
4.276666119016055,0.0,2317.8019907407406,6.345796004765888,904.6468287037037,4,1,1,80,1,TypeScript,11.188509675803763,0.0,0
4.912654885736052,1.791759469228055,467.67265046296296,1.2804179341901791,302.1283912037037,2,1,1,26,1,TypeScript,105.43432452418976,3.9049749823773987,0
4.477336814478207,2.0794415416798357,1632.8697569444444,4.47055374933455,784.4634490740741,6,1,1,73,1,TypeScript,19.460676434759364,1.565801552222018,0
6.126869184114185,2.6390573296152584,191.78877314814815,0.5250890435267574,1.9290625,8,1,1,33,1,TypeScript,870.3285769029995,24.75770568870677,0
3.1780538303479458,0.6931471805599453,1527.161851851852,4.18114127817071,570.8864236111111,8,1,1,93,1,TypeScript,5.500890419580064,0.23916914867739408,0
6.484635235635252,3.7376696182833684,535.5955555555555,1.4663807133622326,387.86850694444445,0,0,1,40,1,TypeScript,445.9960459384777,27.959996763727194,0
5.916202062607435,0.0,3436.9643171296298,9.409895460998301,1340.9310416666667,8,1,1,77,1,TypeScript,39.320309299243426,0.0,0
5.342334251964811,5.236441962829949,2342.9674768518516,6.414695350723755,28.16787037037037,3,1,1,32,1,TypeScript,32.425546129253334,29.15181310658833,0
6.490723534502507,0.6931471805599453,1632.0438310185186,4.468292487388141,165.2102662037037,20,1,1,200,1,TypeScript,147.2598317718055,0.22379913643131533,0
5.44673737166631,5.365976015021851,3540.808252314815,9.694204660683956,1006.8525694444445,14,1,1,83,1,TypeScript,23.82866961091187,21.971890160710945,0
6.0867747269123065,3.091042453358316,1546.3664814814815,4.233720688518772,792.8430208333333,15,1,1,101,1,TypeScript,103.6912995206565,4.960176059074684,0
3.091042453358316,2.0794415416798357,1047.7440046296297,2.8685667477881718,280.89262731481483,0,0,1,54,1,TypeScript,7.3207290770529205,2.440243025684307,0
4.564348191467836,0.0,821.7332291666667,2.2497829682865618,135.83179398148147,0,0,1,154,1,TypeScript,42.22629530898803,0.0,0
5.375278407684165,4.110873864173311,223.5516898148148,0.612051169924202,0.16980324074074074,18,1,1,173,0,TypeScript,351.2778188572471,98.03101921597593,0
4.454347296253507,4.718498871295094,3252.6575810185186,8.905291118462747,1335.1273611111112,11,1,1,45,1,TypeScript,9.54488728883609,12.4644998713036,0
5.225746673713202,1.0986122886681098,1422.6989583333334,3.8951374629249376,1.8295949074074074,4,1,1,115,1,TypeScript,47.49511455266581,0.5134606978666575,0
5.834810737062605,2.1972245773362196,438.47753472222223,1.2004860635789794,374.96002314814814,0,0,1,129,0,TypeScript,284.0516107145677,6.663967406793377,0
5.247024072160486,5.351858133476067,462.2127546296296,1.2654695540852283,13.97480324074074,10,1,1,19,1,TypeScript,149.35167692487292,165.94630769430321,0
6.343880434126331,3.295836866004329,852.6290162037037,2.3343710231449792,542.669375,0,0,1,46,1,TypeScript,243.32036097447892,11.13790384742333,0
5.187385805840755,2.9444389791664403,270.9201273148148,0.7417388838187948,14.54431712962963,20,1,1,105,1,TypeScript,239.97663312940867,24.267299979378404,0
4.5217885770490405,0.0,788.1992592592593,2.1579719623799023,13.841886574074074,14,1,1,167,1,TypeScript,42.16922257861097,0.0,0
4.59511985013459,2.1972245773362196,1613.8858449074073,4.418578630821101,1083.1301157407408,0,0,1,48,1,TypeScript,22.17907797688976,1.8105369777052867,0
5.786897381366708,3.2188758248682006,585.4706944444445,1.6029314016275003,119.56310185185185,0,0,1,64,0,TypeScript,202.75352998264216,14.97256836794896,0
5.3230099791384085,4.406719247264253,2902.122592592593,7.945578624483485,0.4293402777777778,7,1,1,63,1,TypeScript,25.67465626372319,10.194348810595972,0
10.738698372359542,5.429345628954441,4268.711655092593,11.68709556493523,0.06278935185185185,15,1,1,111,1,TypeScript,3944.9493455267652,19.423132012462332,1
11.308848976373245,8.688959234270676,281.02591435185184,0.769407020812736,0.008541666666666666,7,1,1,73,1,TypeScript,105976.41793529404,7715.032277363047,1
10.71203715957191,1.791759469228055,3456.8807175925926,9.464423593682662,0.020868055555555556,18,1,1,100,1,TypeScript,4743.236559061518,0.5282941903971218,1
10.426883833475971,6.456769655572163,4782.311979166667,13.093256616472736,691.1457291666667,4,1,1,74,1,TypeScript,2577.9682617335866,48.57462269546012,1
10.090921021216259,0.0,18.95664351851852,0.051900461378558575,0.7850347222222223,4,1,1,41,1,TypeScript,464774.2883065279,0.0,1
11.010101079089724,7.003065458786462,2628.062326388889,7.19524250893604,0.008576388888888889,20,1,1,148,1,TypeScript,8405.693056889519,152.7398136525782,1
10.181838727246433,8.631949428714426,488.6153472222222,1.337755912997186,0.01766203703703704,0,0,1,29,1,TypeScript,19747.99718194598,4191.347573592668,1
10.64363758669141,9.920147993429236,4015.604490740741,10.994125915785737,0.008171296296296296,5,1,1,18,1,TypeScript,3813.309063506732,1849.6240770539403,1
9.170871628065816,6.366470447731438,868.577511574074,2.3780356237483202,0.01625,19,1,1,72,1,TypeScript,4041.991593401499,244.31930043344474,1
10.09999961284942,6.926577033222725,1238.134513888889,3.389827553426116,0.01542824074074074,19,1,1,218,1,TypeScript,7180.896259869449,300.31026179225614,1
9.728538750071586,3.6109179126442243,3710.2453472222223,10.158098144345578,24.949583333333333,10,1,1,74,1,TypeScript,1652.770012794714,3.5439704842819526,1
9.228671328660907,6.045005314036012,1014.6875347222223,2.7780630656323675,0.35912037037037037,8,1,1,109,1,TypeScript,3665.863502519813,151.54443583668905,1
8.982309899088579,2.5649493574615367,2847.5369097222224,7.796131169670698,0.4392824074074074,5,1,1,70,1,TypeScript,1021.0192500309386,1.5392250000466412,1
9.622450022803015,8.14060704285845,2434.4092939814814,6.6650494017289015,0.06041666666666667,7,1,1,57,1,TypeScript,2265.3995626924157,514.624842707132,1
9.885679933886163,6.732210706467206,173.5634375,0.47519079397672825,0.4050694444444444,0,0,1,141,1,TypeScript,41343.39353586495,1763.5021776979959,1
9.216521231051264,7.635303886259415,1335.9240625,3.6575607460643393,1.0405324074074074,13,1,1,147,1,TypeScript,2750.740370020096,565.6775495051763,1
8.823942326585245,6.553933404025811,1670.7900347222221,4.574373811696707,0.015416666666666667,16,1,1,65,1,TypeScript,1485.230608532187,153.2450186313016,1
9.524420918282495,6.9874902470009905,2516.206446759259,6.888997800846705,0.012280092592592592,19,1,1,131,1,TypeScript,1987.0814878642475,157.06203300965123,1
9.582731172354919,6.756932389247553,501.7427662037037,1.373696827388648,0.38917824074074076,7,1,1,84,1,TypeScript,10563.466196238458,625.3199271289942,1
10.22037642353585,7.052721049232323,4365.779224537037,11.952852086343702,0.30605324074074075,7,1,1,34,1,TypeScript,2297.0249946762797,96.6296572279685,1
9.430037992886092,5.0238805208462765,387.86824074074076,1.0619253682155805,0.012569444444444444,0,0,1,68,1,TypeScript,11729.637856689114,142.19455012524537,1
10.909728671608544,7.00669522683704,4147.803263888889,11.356066430907294,0.06814814814814815,7,1,1,59,1,TypeScript,4817.249030096536,97.1287026815918,1
8.632127729508337,4.127134385045092,3251.8297685185184,8.903024691358025,0.978287037037037,7,1,1,55,1,TypeScript,629.8982867523174,6.851604046342968,1
9.166910814048848,5.575949103146316,3401.52630787037,9.312871479453444,0.8394560185185185,9,1,1,37,1,TypeScript,1028.0395279933448,28.240484213729857,1
8.75904072752422,5.225746673713202,2481.681527777778,6.7944737242375846,1.0268287037037036,15,1,1,124,1,TypeScript,937.0850868533528,27.22801021954928,1
9.252345666121213,7.487733761436444,3819.271087962963,10.456594354450276,0.009050925925925926,20,1,1,109,1,TypeScript,997.265423762173,170.7056752412235,1
9.127502093667179,7.475339236566737,4321.459421296297,11.8315110781555,0.010763888888888889,8,1,1,101,1,TypeScript,777.9226118456949,149.0088618735289,1
9.353401214816834,6.244166900663736,651.4054282407408,1.7834508644510356,0.6784490740740741,0,0,1,30,1,TypeScript,6468.919458317237,288.2053048084476,1
10.988000916824737,6.752270376141742,1270.684861111111,3.4789455471899005,21.365752314814817,19,1,1,86,1,TypeScript,17004.86518042381,245.76412260623673,1
9.071308163280625,5.940171252720432,436.1193171296296,1.194029615686871,21.76076388888889,3,1,1,34,1,TypeScript,7287.088934552691,317.4125624865498,1
9.328212292571072,6.432940092739179,902.3059606481481,2.4703790845945193,0.1454513888888889,9,1,1,34,1,TypeScript,4553.956949423631,251.37842360818445,1
9.460164801871723,5.720311776607412,235.7277777777778,0.6453874819377899,0.02074074074074074,12,1,1,167,1,TypeScript,19890.376493601376,471.0348565907002,1
8.943114308091785,3.332204510175204,3839.586261574074,10.51221426851218,6.2037152777777775,0,0,1,123,1,TypeScript,728.1054023914307,2.5684407975657995,1
9.070618428801046,6.642486801367256,2324.243159722222,6.363430964331888,0.09331018518518519,5,1,1,44,1,TypeScript,1366.4012462360247,120.37531392947612,1
9.670419920024225,6.7650389767805414,1199.1492361111111,3.2830916799756635,0.009456018518518518,18,1,1,144,1,TypeScript,4825.025172649892,263.77575907548805,1
8.829079952564836,5.71042701737487,170.34947916666667,0.4663914556240018,6.1776736111111115,17,1,1,210,1,TypeScript,14642.206493391344,645.3806054342941,1
8.710619527942297,6.692083742506628,2567.901875,7.030532169746749,0.8425462962962963,18,1,1,156,1,TypeScript,862.8080852972623,114.50057841481969,1
9.591990815318308,8.605387202152153,182.8279513888889,0.500555650619819,0.008414351851851852,0,0,1,58,1,TypeScript,29259.48389927157,10907.878061588337,1
8.830250570199247,5.017279836814924,2742.752372685185,7.509246742464573,4.630358796296297,7,1,1,22,1,TypeScript,910.4774732380231,19.975372383458165,1
9.05321861620397,3.4339872044851463,3495.6119675925925,9.570463976981772,0.298599537037037,13,1,1,140,1,TypeScript,892.8511742536048,3.1346442630319653,1
9.594377532670727,8.108021221376747,4646.787615740741,12.722211131391488,0.04900462962962963,15,1,1,201,1,TypeScript,1153.966071493287,260.9609261874336,1
8.349957272040324,7.963807953231451,3539.0749537037036,9.68945914771719,1.2840856481481482,5,1,1,32,1,TypeScript,436.4536694492737,296.6109827375769,1
9.196038587265322,6.3080984415095305,3988.8050694444446,10.92075309909499,0.009467592592592593,19,1,1,123,1,TypeScript,902.5934301927269,50.17968953491066,1
8.559677803022392,6.583409222158765,1492.6727430555557,4.086715244505286,3.89537037037037,18,1,1,213,1,TypeScript,1276.3306685027962,176.67000434413706,1
9.031931152002144,6.790097235513905,455.56233796296294,1.2472617055796384,0.14888888888888888,20,1,1,280,1,TypeScript,6706.691917645739,711.9596440967622,1
8.636042325254618,6.82001636467413,272.3847337962963,0.7457487578269577,0.009652777777777777,15,1,1,136,1,TypeScript,7549.459440476032,1226.9547758500123,1
8.891098830616636,7.057897937411856,787.1430092592593,2.155080107485994,0.023252314814814816,0,0,1,67,1,TypeScript,3371.5684047012724,538.727073748717,1
9.894244971169195,7.328437352895162,4899.316053240741,13.413596312774102,28.074270833333333,9,1,1,93,1,TypeScript,1477.232469053037,113.46696027750302,1
8.435766192720509,5.356586274672012,392.01135416666665,1.0732685945699292,0.2174074074074074,10,1,1,55,1,TypeScript,4293.42666254618,196.59570872336022,1
9.21283725217477,5.991464547107982,3359.777928240741,9.198570645422974,1.0750231481481483,6,1,1,52,1,TypeScript,1089.7345235901128,43.37630436077963,1
8.522578663692576,6.573680166960646,3228.6682638888888,8.839611947676628,0.009444444444444445,14,1,1,49,1,TypeScript,568.5769952063355,80.88590361570431,1
9.241742135115715,5.318119993844216,6017.687013888889,16.47552912769032,38.83966435185185,4,1,1,62,1,TypeScript,626.2621321617283,12.32130382136372,1
8.232706009860976,4.59511985013459,1995.732164351852,5.4640168770755695,0.3439583333333333,11,1,1,75,1,TypeScript,688.3214464031722,17.93552293206883,1
9.629182277125986,3.9318256327243257,4112.4589236111115,11.259298901057116,12.341979166666667,1,1,1,52,1,TypeScript,1350.084062389782,4.440773838529643,1
7.993957547573565,4.248495242049359,523.4676736111111,1.4331763822343904,0.009247685185185185,4,1,1,79,1,TypeScript,2066.7379372956875,48.14480677697584,1
8.414717399827001,6.601230118728877,3214.7838078703703,8.801598378837427,0.12060185185185185,14,1,1,78,1,TypeScript,512.634160955203,83.5075594641122,1
8.66785206770135,6.300785794663244,3596.982858796296,9.848002351256115,0.016666666666666666,13,1,1,28,1,TypeScript,590.1704521078509,55.2396293782985,1
9.020268861722167,5.313205979041787,199.92748842592593,0.5473716315562653,0.011793981481481482,20,1,1,331,1,TypeScript,15104.911404510953,369.03629701393476,1
8.290794347381356,8.517393171418904,168.30913194444443,0.4608052893756179,0.008368055555555556,18,1,1,147,1,TypeScript,8650.074319678386,10850.569894227781,1
8.629092283913646,6.976348070447749,1381.9160300925926,3.783479890739473,0.04075231481481482,20,1,1,152,1,TypeScript,1477.7401126631205,282.8084279287317,1
7.691200097522863,1.791759469228055,2702.072222222222,7.397870560498897,0.5609837962962962,7,1,1,48,1,TypeScript,295.760784418543,0.6758701654902719,1
8.390041405755754,5.147494476813453,2260.628425925926,6.189263315334499,0.018796296296296297,3,1,1,46,1,TypeScript,711.2316564547542,27.62849006219059,1
8.644882552557126,6.934397209928558,2702.7622800925924,7.399759835982457,0.02546296296296296,20,1,1,160,1,TypeScript,767.5924794721224,138.6531485807038,1
9.297618380083243,5.159055299214529,4490.521701388889,12.29437837478135,3.8402199074074073,0,0,1,29,1,TypeScript,887.4787864330755,14.071471913932918,1
8.741296282225147,6.436150368369428,3514.5447337962964,9.622299065835172,0.08508101851851851,18,1,1,111,1,TypeScript,650.0525453640215,64.74544136879064,1
9.089076284483143,5.19295685089021,1369.9093287037037,3.7506073338910437,0.009016203703703703,17,1,1,52,1,TypeScript,2361.48421082816,47.725603899541674,1
10.125550520230094,6.953684210870537,1249.9381597222223,3.4221441744619363,18.927627314814814,17,1,1,25,1,TypeScript,7297.179407681252,305.65632149746074,1
8.51959031601596,4.897839799950911,2813.9645949074074,7.70421518112911,0.8853587962962963,11,1,1,33,1,TypeScript,650.4231621507747,17.26327690402176,1
9.12598002335811,6.803505257608338,3002.878125,8.22143223819302,0.1246412037037037,0,0,1,99,1,TypeScript,1117.810100934416,109.46997724058481,1
8.850374303939237,7.138073034044347,2574.8492824074074,7.049553134585646,7.218344907407407,4,1,1,19,1,TypeScript,989.5662699207431,178.45102745990465,1
9.496721598694915,6.38856140554563,4759.491712962963,13.030778132684361,0.3773611111111111,18,1,1,135,1,TypeScript,1021.8115805841818,45.5843844436353,1
8.776321456449958,6.504288173536645,218.93545138888888,0.5994125979161913,23.451666666666668,8,1,1,56,1,TypeScript,10807.246999012426,1112.7560587127643,1
9.526755663250837,6.6293632534374485,3668.735891203704,10.044451447511852,0.01005787037037037,16,1,1,109,1,TypeScript,1366.027808656378,75.26543424999795,1
10.321671433052067,6.539585955617669,5078.759965277778,13.904886968590768,0.5790972222222223,7,1,1,60,1,TypeScript,2185.0591140101337,49.694758509067654,1
8.497806477616047,7.30854279753919,830.3733796296297,2.2734384110325245,0.009479166666666667,9,1,1,111,1,TypeScript,2156.6451838795188,656.274651101008,1
9.104757609401117,1.3862943611198906,3630.6175694444446,9.940089170279109,25.40912037037037,6,1,1,46,1,TypeScript,905.1226649858487,0.3018081577145211,1
8.205491613120236,6.96979066990159,4199.421967592592,11.497390739473216,0.20798611111111112,13,1,1,68,1,TypeScript,318.33309686817626,92.45576010133097,1
8.173293438966228,4.543294782270004,355.00984953703704,0.9719639959946257,0.9666319444444444,8,1,1,33,1,TypeScript,3646.2255953970503,95.68255653835374,1
8.34924780056679,4.983606621708336,2547.645925925926,6.975074403630187,0.09864583333333334,16,1,1,156,1,TypeScript,605.8716732542053,20.788308713170792,1
7.913521017283895,4.5217885770490405,177.57474537037038,0.486173156387051,70.24510416666666,0,0,1,56,1,TypeScript,5621.453928699038,187.17610959078394,1
8.159374736775426,6.53813982376767,1940.9621412037036,5.314064726088168,0.04894675925925926,12,1,1,115,1,TypeScript,657.688639515832,129.84410908896254,1
7.80710329012598,3.970291913552122,1493.7324768518517,4.089616637513625,12.392511574074074,11,1,1,83,1,TypeScript,600.7898093582162,12.715128240385527,1
8.481566013773087,5.293304824724492,638.7642361111111,1.748841166628641,0.16185185185185186,11,1,1,253,1,TypeScript,2758.398013525465,113.21782891335864,1
8.569406062863171,10.412200947115844,2230.8478587962964,6.107728566177403,107.85666666666667,4,1,1,58,1,TypeScript,862.3500443629598,5445.887065806108,1
4.343805421853684,0.6931471805599453,4169.355717592593,11.415073833244607,1543.9797685185185,0,0,1,62,1,Java,6.657863200031344,0.08760346315830715,0
3.6109179126442243,1.0986122886681098,4130.684236111111,11.309197087230968,27.237719907407406,0,0,1,34,1,Java,3.183249856052736,0.17684721422515198,0
4.290459441148391,4.859812404361672,4821.611122685185,13.20085180748853,52.61119212962963,4,1,1,11,1,Java,5.4541934906924805,9.696343983453298,0
4.0943445622221,0.0,4690.720370370371,12.842492458235101,910.9358449074074,0,0,1,46,1,Java,4.594123780245393,0.0,0
4.382026634673881,3.1354942159291497,2675.8304282407407,7.3260244441909395,1377.1859375,0,0,1,6,0,Java,10.783474802987023,3.00299298311031,0
3.5553480614894135,0.0,3468.915613425926,9.497373342713008,3375.041435185185,2,1,1,85,1,Java,3.5799371861154614,0.0,0
4.0943445622221,1.791759469228055,3218.1228125,8.810740075290896,3205.936990740741,0,0,1,19,1,Java,6.696372778656968,0.5674892185302515,0
5.1298987149230735,0.0,2834.0744791666666,7.759273043577458,2804.9035532407406,0,0,1,34,1,Java,21.651512848752983,0.0,0
4.418840607796598,0.6931471805599453,4167.160428240741,11.409063458564656,3814.715914351852,0,0,1,166,0,Java,7.18726828874315,0.08764961327735549,0
3.2188758248682006,0.6931471805599453,3189.0845949074073,8.731237768398104,2861.348263888889,4,1,1,52,0,Java,2.7487511663999973,0.11453129859999989,0
4.68213122712422,1.3862943611198906,4799.89130787037,13.141386195401424,704.9252083333333,4,1,1,60,1,Java,8.142215623907514,0.22828641936189292,0
4.060443010546419,2.0794415416798357,2342.012835648148,6.412081685552767,433.3588541666667,10,1,1,71,1,Java,8.889468786467306,1.0916891492152834,0
3.2188758248682006,0.0,3177.8324421296297,8.700431053058535,183.56540509259258,14,1,1,70,1,Java,2.7584840168997236,0.0,0
4.143134726391533,2.1972245773362196,3036.304247685185,8.312947974497426,1966.139201388889,0,0,1,120,0,Java,7.4582446792887955,0.9623541521662963,0
3.1354942159291497,1.3862943611198906,1258.9390740740741,3.446787334905063,936.9433101851852,0,0,1,71,1,Java,6.382755262330671,0.8703757175905461,0
5.0689042022202315,1.791759469228055,4641.238159722222,12.70701754886303,1385.4741203703704,6,1,1,62,0,Java,12.434074273717924,0.3934833630923394,0
4.394449154672439,1.0986122886681098,3107.985810185185,8.50920139681091,267.88703703703703,20,1,1,106,1,Java,9.401587325219792,0.23503968313049478,0
3.4965075614664802,0.6931471805599453,1979.0444328703704,5.418328358303547,1132.0820601851851,0,0,1,19,0,Java,5.905880538037206,0.18455876681366268,0
3.258096538021482,0.6931471805599453,3457.0216203703703,9.464809364463711,3457.0199421296297,0,0,1,29,0,Java,2.6413632897736163,0.10565453159094465,0
4.31748811353631,1.6094379124341003,4181.696180555556,11.44886017948133,1078.2331828703705,0,0,1,52,0,Java,6.4635255248049015,0.3493797580975623,0
4.1588830833596715,2.5649493574615367,628.9262731481482,1.7219062919867165,3.8777314814814816,1,1,1,78,1,Java,36.58735686906126,6.969020356011669,0
2.833213344056216,0.6931471805599453,3415.832523148148,9.35203976221259,221.68597222222223,17,1,1,83,1,Java,1.710856712206127,0.10692854451288293,0
3.8918202981106265,1.6094379124341003,3406.209479166667,9.325693303673283,2974.388611111111,1,1,1,9,0,Java,5.1470704039873745,0.42892253366561456,0
3.9512437185814275,2.772588722239781,3617.238402777778,9.903459008289605,47.6587037037037,19,1,1,71,1,Java,5.149715867689348,1.514622314026279,0
4.110873864173311,3.4965075614664802,2306.6741087962964,6.315329524425178,34.203275462962964,16,1,1,63,1,Java,9.500691890730945,5.067035675056504,0
3.970291913552122,2.0794415416798357,3400.907719907407,9.311177877912135,3398.7464699074076,0,0,1,50,1,Java,5.5846854911185595,0.7517845853428831,0
1.791759469228055,0.0,3274.7550462962963,8.965790681167135,3274.750775462963,1,1,1,15,0,Java,0.5576752991236594,0.0,0
3.6109179126442243,0.0,2829.8420254629627,7.747685216873272,2504.2867939814814,0,0,1,25,1,Java,4.646549129486767,0.0,0
3.784189633918261,0.0,3845.2023611111113,10.52759031105027,3427.4028125,3,1,1,44,0,Java,4.084505449919067,0.0,0
4.23410650459726,1.6094379124341003,2700.1177314814813,7.392519456485918,416.37649305555556,4,1,1,50,0,Java,9.198487795705342,0.5410875173944318,0
4.48863636973214,4.110873864173311,5548.085266203704,15.189829613151826,782.7882175925926,0,0,1,31,1,Java,5.793350040201035,3.9500113910461603,0
4.51085950651685,0.0,3546.003912037037,9.708429601744113,2974.323263888889,4,1,1,40,0,Java,9.270294341304341,0.0,0
4.30406509320417,2.6390573296152584,4880.594513888889,13.362339531523311,1677.8414583333333,0,0,1,37,0,Java,5.463115184865982,0.9728835260720243,0
4.454347296253507,4.290459441148391,2680.8181828703705,7.339680172129693,11.625370370370371,14,1,1,31,1,Java,11.580886088574111,9.809691745615718,0
3.970291913552122,2.1972245773362196,3702.1047222222223,10.13581032778158,3374.191747685185,9,1,1,101,0,Java,5.1303248895129245,0.7892807522327576,0
4.189654742026425,3.784189633918261,3129.0467824074076,8.56686319618729,232.03572916666667,0,0,0,0,1,Java,7.587374574736813,5.019340103287431,0
2.6390573296152584,1.791759469228055,1062.8174305555556,2.9098355388242454,129.81469907407407,10,1,1,106,1,Java,4.467606442545825,1.7183101702099326,0
3.6635616461296463,2.833213344056216,3031.958148148148,8.301049002458996,1355.268773148148,4,1,1,17,1,Java,4.577734692174853,1.9274672388104643,0
5.176149732573829,0.6931471805599453,3231.096712962963,8.846260678885594,2274.2464814814816,0,0,1,19,1,Java,19.895411902124906,0.11304211308025515,0
4.219507705176107,3.332204510175204,1807.0841087962963,4.947526649681851,0.29009259259259257,8,1,1,49,1,Java,13.542120082225006,5.45727227194142,0
4.276666119016055,1.3862943611198906,4229.781215277778,11.58050982964484,3342.884189814815,0,0,1,109,0,Java,6.130990866934698,0.2590559521240013,0
4.430816798843313,3.1354942159291497,2331.8147569444445,6.384160867746597,1356.585949074074,0,0,1,35,1,Java,13.000925527945903,3.4460284531904803,0
4.248495242049359,1.0986122886681098,4611.135694444444,12.62460149060765,4573.8092939814815,0,0,1,88,1,Java,5.465519054311066,0.15842084215394395,0
4.5217885770490405,2.4849066497880004,2633.964351851852,7.211401373995487,990.152199074074,4,1,1,37,1,Java,12.618906545425208,1.5253623296667835,0
4.356708826689592,1.9459101490553132,3445.819340277778,9.434139193094532,3081.6118055555557,1,1,1,41,0,Java,8.161846928902785,0.6359880723820351,0
4.060443010546419,1.0986122886681098,3814.9941319444442,10.444884687048445,3651.2321643518517,0,0,1,40,0,Java,5.457216781979359,0.191481290595767,0
3.5263605246161616,1.9459101490553132,798.6091782407408,2.186472767257333,526.8878935185185,0,0,0,0,0,Java,15.092801746346254,2.744145772062955,0
4.990432586778736,4.204692619390966,1835.718761574074,5.025924056328745,571.2150578703704,0,0,1,40,1,Java,29.049384424373436,13.131913506908539,0
3.4011973816621555,0.0,2084.7852430555554,5.707830918701042,1865.3472800925927,0,0,1,33,0,Java,5.080739148208628,0.0,0
4.709530201312334,3.8918202981106265,1428.3767708333332,3.9106824663472506,5.046967592592592,2,1,1,60,1,Java,28.12808274427477,12.27407247022899,0
5.3230099791384085,2.3978952727983707,3197.277800925926,8.75366954394504,901.6332407407407,6,1,1,48,0,Java,23.30451235060705,1.1423780564023065,0
3.295836866004329,3.58351893845611,3151.5538541666665,8.628484200319415,1309.2586111111111,2,1,1,24,1,Java,3.01327549502119,4.056332397143909,0
4.04305126783455,1.0986122886681098,3395.313078703704,9.295860585088853,1356.346435185185,1,1,1,43,0,Java,6.024186732084551,0.21514952614587682,0
3.6888794541139363,1.6094379124341003,4312.760011574074,11.80769339239993,2760.9285648148148,0,0,1,14,1,Java,3.302931292669109,0.3387621838634984,0
4.04305126783455,0.6931471805599453,4426.979930555555,12.120410487489542,3906.2741087962963,0,0,1,21,0,Java,4.620305562901697,0.08250545648038744,0
3.6888794541139363,2.5649493574615367,2671.2447685185184,7.313469592110933,787.1451967592593,2,1,1,69,1,Java,5.33262626019112,1.640808080058806,0
1.791759469228055,1.0986122886681098,1123.8351967592594,3.0768930780540984,412.2537615740741,3,1,1,22,0,Java,1.6250158433071458,0.6500063373228583,0
5.332718793265369,0.0,4120.165509259259,11.280398382639998,4157.073900462963,0,0,1,1338,0,Java,18.261766385575914,0.0,0
4.189654742026425,0.0,3245.105983796296,8.88461597206378,70.02384259259259,7,1,1,52,0,Java,7.316016832284237,0.0,0
4.174387269895637,1.9459101490553132,5185.4700462962965,14.197043247902249,5157.535590277777,0,0,1,102,1,Java,4.507980914227096,0.4226232107087903,0
5.081404364984463,1.3862943611198906,5607.70724537037,15.353065695743656,1269.4211921296296,6,1,1,44,1,Java,10.42137141667784,0.19540071406270948,0
2.995732273553991,1.791759469228055,1603.6821875,4.390642539356605,16.761863425925927,20,1,1,112,1,Java,4.327384848501973,1.1387854864478875,0
4.3694478524670215,2.772588722239781,4383.0898379629625,12.000245962937612,1588.5928356481481,0,0,0,0,1,Java,6.4998667728062065,1.249974379385809,0
3.9512437185814275,0.0,4550.493090277778,12.458571089056202,4147.047777777778,0,0,1,31,0,Java,4.093567363017993,0.0,0
3.7376696182833684,2.3978952727983707,2135.9339699074076,5.84786850077319,1945.660636574074,0,0,1,167,1,Java,7.011101565395851,1.7100247720477684,0
4.343805421853684,4.543294782270004,3436.5846990740743,9.408856123406089,0.045,4,1,1,62,1,Java,8.077496244303003,9.884304614739202,0
4.31748811353631,2.0794415416798357,4285.228541666666,11.732316335843029,2302.904351851852,0,0,1,63,1,Java,6.307364878487374,0.5966426236406975,0
2.9444389791664403,0.6931471805599453,2349.571388888889,6.432775876492509,2059.778900462963,0,0,1,19,1,Java,2.7981699262643294,0.15545388479246272,0
4.77912349311153,4.442651256490317,2652.3049768518517,7.261615268588232,649.6377546296296,0,0,1,32,0,Java,16.24982812163512,11.567674256079236,0
4.30406509320417,3.1780538303479458,4168.669652777778,11.413195490151342,3.8777430555555554,0,0,0,0,1,Java,6.396105285587463,2.0152112543631735,0
4.859812404361672,1.3862943611198906,4410.8007638888885,12.076114343296068,1287.1141898148148,0,0,1,76,1,Java,10.59943590804586,0.24842427909482487,0
3.5553480614894135,1.9459101490553132,4057.9975810185183,11.110191871371713,2964.830034722222,8,1,1,60,1,Java,3.060253179570175,0.540044678747678,0
4.836281906951478,3.1354942159291497,2517.1796875,6.891662388774812,64.34896990740741,0,0,1,52,1,Java,18.137858900865613,3.192263166552348,0
3.784189633918261,1.9459101490553132,3729.161585648148,10.209887982609578,1163.1966782407408,3,1,1,28,1,Java,4.211603503705581,0.5876656051682205,0
3.6375861597263857,2.9444389791664403,3472.0580555555557,9.505976880371131,2657.921747685185,6,1,1,104,0,Java,3.8922880273779343,1.8935455268325085,0
3.5263605246161616,3.6375861597263857,3527.8058680555555,9.65860607270515,1.040150462962963,0,0,1,99,1,Java,3.416642085989689,3.830780520655106,0
3.5263605246161616,3.9889840465642745,99.51478009259259,0.27245661900778256,13.534155092592593,12,1,1,80,1,Java,121.12019931898728,194.5263807244341,0
4.406719247264253,3.332204510175204,2498.946354166667,6.841742242756104,0.4645486111111111,0,0,1,35,1,Java,11.839089683005982,3.9463632276686607,0
3.2188758248682006,0.0,4207.5645138888885,11.519683816259791,4109.868703703703,0,0,1,74,1,Java,2.0833905151219954,0.0,0
5.407171771460119,4.0943445622221,5347.493078703704,14.640638134712399,6.503622685185185,0,0,1,24,0,Java,15.163273482844058,4.029878988683781,0
3.258096538021482,0.0,2039.638449074074,5.584225733262352,1692.3406944444444,2,1,1,42,1,Java,4.476896385310482,0.0,0
3.6109179126442243,2.0794415416798357,2090.8516319444443,5.724439786295536,1863.1745023148148,9,1,1,77,0,Java,6.288824993178368,1.222827082006905,0
4.499809670330265,1.6094379124341003,3570.04193287037,9.774242116003752,3228.802372685185,4,1,1,29,0,Java,9.105565315829121,0.40923889059906166,0
3.044522437723423,2.8903717578961645,943.9375694444444,2.584360217507035,840.5630902777777,8,1,1,17,1,Java,7.738859259833641,6.578030370858595,0
5.991464547107982,5.5053315359323625,3703.6340625,10.139997433264886,547.7185763888889,5,1,1,63,1,Java,39.349122386466874,24.161741816251592,0
6.037870919922137,3.367295829986474,4197.601770833333,11.492407312343143,3469.0730092592594,0,0,1,57,0,Java,36.37184000179468,2.4363911962924663,0
5.5254529391317835,5.713732805509369,5672.337696759259,15.53001422795143,266.01608796296296,4,1,1,25,1,Java,16.097860332287514,19.446215281403315,0
6.280395838960195,4.219507705176107,4829.726631944444,13.22307086090197,3454.659247685185,5,1,1,63,1,Java,40.308337269520095,5.066901683035359,0
5.634789603169249,0.0,3616.8914351851854,9.902509062793115,2338.8872569444443,3,1,1,113,1,Java,28.174677572201574,0.0,0
5.017279836814924,4.007333185232471,3384.693923611111,9.266786922959922,865.8894675925926,9,1,1,43,1,Java,16.186840298264702,5.827262507375292,0
6.439350371100098,7.277247726631484,4290.585763888889,11.746983610920983,0.20605324074074075,9,1,1,51,1,Java,53.20514786612518,123.09543010306722,0
6.52795791762255,3.4339872044851463,3951.7829861111113,10.819392159099552,1.061550925925926,0,0,1,74,1,Java,63.12739107303445,2.7727990222416303,0
6.484635235635252,1.791759469228055,6246.049953703704,17.100752782214112,2027.9381365740742,6,1,1,32,1,Java,38.24393044733108,0.29238478935268414,0
6.594413459749778,5.056245805348308,1687.3502662037038,4.619713254493371,81.0902662037037,10,1,1,61,1,Java,158.01846560280865,33.7683296356687,0
5.638354669333745,3.1780538303479458,2240.0527314814813,6.1329301341039875,331.05097222222224,9,1,1,108,1,Java,45.65517523882695,3.750246537475071,0
6.754604099487962,3.4011973816621555,3360.1574884259257,9.199609824574745,812.5183101851852,0,0,1,90,0,Java,93.15612469897495,3.152307603582583,0
6.703188113240863,3.871201010907891,4967.2538888888885,13.599599969579435,1313.9156481481482,0,0,1,113,1,Java,59.85470174275816,3.455984007259992,0
5.805134968916488,0.0,5751.3706365740745,15.746394624432785,2.3977083333333336,9,1,1,25,1,Java,21.02068491833719,0.0,0
5.726847747587197,3.091042453358316,3253.014837962963,8.906269234669304,2841.8670023148147,3,1,1,20,0,Java,34.35782053486978,2.357889644549887,0
6.576469569048224,2.6390573296152584,3590.3596875,9.82986909650924,4.9673032407407405,3,1,1,10,0,Java,72.94095098932898,1.3224998087326034,0
6.075346031088684,3.8501476017100584,3434.2365740740743,9.402427307526555,988.3172685185185,5,1,1,148,1,Java,46.158293577296476,4.8923536971328065,0
5.932245187448011,4.204692619390966,3673.657233796296,10.057925349202728,1951.0228125,0,0,1,117,0,Java,37.3834550312908,6.561989446981896,0
5.817111159963204,3.784189633918261,2835.289837962963,7.762600514614546,1333.5786921296296,10,1,1,108,1,Java,43.15564086665286,5.539380767958427,0
5.564520407322694,2.5649493574615367,3482.947777777778,9.535791314928892,712.0986342592593,6,1,1,21,1,Java,27.265697351509083,1.2584168008388807,0
6.068425588244111,2.6390573296152584,4561.749803240741,12.48939028950237,3612.892685185185,0,0,1,57,0,Java,34.50929068669315,1.0408834777888885,0
6.902742737158593,4.9344739331306915,4921.664224537037,13.474782271148628,4.641770833333333,0,0,1,88,1,Java,73.76742569921085,10.241352863673136,0
5.575949103146316,2.772588722239781,4036.888622685185,11.052398693183259,1503.7500462962962,0,0,1,213,1,Java,23.79573948614516,1.3571714535824235,0
6.92461239604856,1.0986122886681098,4858.810833333333,13.302699064567646,3326.060138888889,0,0,1,310,0,Java,76.37547801905578,0.15034542917136962,0
6.18826412308259,3.7376696182833684,2309.783310185185,6.3238420538951,481.3659837962963,4,1,1,75,1,Java,76.85201430681744,6.483400383908467,0
5.720311776607412,1.6094379124341003,3695.126377314815,10.116704660683956,686.7355324074074,3,1,1,126,0,Java,30.049310540953126,0.39538566501254113,0
5.568344503761097,3.4657359027997265,4276.147071759259,11.707452626308719,94.54476851851852,0,0,1,84,1,Java,22.29349187486668,2.6478860081259277,0
6.405228458030842,1.3862943611198906,3805.0146064814817,10.417562235404468,1.3879976851851852,20,1,1,69,1,Java,57.97901527742103,0.28797524144414416,0
8.385716828627851,4.430816798843313,3590.2581018518517,9.829590970162496,991.3326388888889,0,0,0,0,1,Java,445.89851330584344,8.443891536478441,0
5.081404364984463,3.784189633918261,2368.5262152777777,6.48467136284128,1127.0316782407408,8,1,1,83,1,Java,24.67357111060991,6.631022235976413,0
5.627621113690637,3.258096538021482,896.635636574074,2.4548545833650213,0.7559490740740741,6,1,1,156,1,Java,112.83764092466077,10.183902610528952,0
5.517452896464707,1.6094379124341003,3750.563460648148,10.26848312292443,2864.277175925926,5,1,1,32,1,Java,24.151571077361854,0.3895414689897074,0
6.180016653652572,5.187385805840755,3276.7951967592594,8.971376308718026,0.06111111111111111,7,1,1,60,1,Java,53.72642763091005,19.840879913489605,0
5.337538079701318,3.58351893845611,3002.8533333333335,8.221364362308922,67.24887731481482,14,1,1,83,1,Java,25.178302636603405,4.257200928894296,0
6.198478716492308,1.0986122886681098,4107.307106481481,11.245193994473597,734.115150462963,7,1,1,83,1,Java,43.66309734107743,0.1778537569901321,0
6.39024066706535,5.204006687076795,3470.710983796296,9.50228879889472,1.0774652777777778,9,1,1,63,1,Java,62.61649299368893,19.048042406483525,0
5.293304824724492,1.791759469228055,3601.3902083333332,9.86006901665526,2461.0881481481483,4,1,1,48,0,Java,20.080995342481458,0.507095841981855,0
6.523562306149512,0.6931471805599453,5559.512546296296,15.221115800948107,828.0049074074074,13,1,1,87,0,Java,44.674780015644025,0.06569820590535887,0
5.955837369464831,2.302585092994046,4045.954976851852,11.077221018074885,80.90734953703704,5,1,1,25,1,Java,34.75600959588954,0.8124781463974178,0
5.204006687076795,3.044522437723423,3050.023888888889,8.350510304966157,923.2058564814815,20,1,1,26,0,Java,21.675322032996828,2.395063208065948,0
6.577861357721047,1.3862943611198906,4160.493622685185,11.39081073972672,309.19745370370373,6,1,1,66,1,Java,63.03326570916459,0.26337019098536735,0
5.84354441703136,1.6094379124341003,2667.2980902777776,7.302664175982964,1242.2885185185185,19,1,1,101,0,Java,47.10609603702561,0.5477453027561118,0
5.69035945432406,2.8903717578961645,2412.9781597222222,6.606374153928056,1915.3525,6,1,1,34,0,Java,44.65384386753166,2.5732723584679262,0
5.968707559985366,5.916202062607435,4681.808414351852,12.818092852434912,1.054849537037037,16,1,1,230,1,Java,30.425743087507435,28.865448570199362,0
5.707110264748875,2.302585092994046,4207.372569444445,11.519158301011485,1386.1214699074073,0,0,0,0,1,Java,26.043569517892408,0.7813070855367722,0
5.605802066295998,4.812184355372417,2917.661076388889,7.988120674576013,0.45064814814814813,3,1,1,110,1,Java,33.92537632318429,15.272678639957503,0
6.093569770045136,4.653960350157523,4704.4757291666665,12.880152578142823,2.8374537037037038,6,1,1,45,1,Java,34.31636367026108,8.074438510649667,0
5.953243334287785,0.0,2312.8240162037036,6.332167053261338,1210.1210416666668,5,1,1,70,1,Java,60.64274627786762,0.0,0
5.438079308923196,3.091042453358316,6129.221203703703,16.78089309706695,1841.8961458333333,0,0,1,68,1,Java,13.646472727963792,1.251423263263055,0
5.153291594497779,2.995732273553991,3329.593125,9.115929158110882,2.880949074074074,8,1,1,73,1,Java,18.868071155090462,2.08426367410883,0
5.517452896464707,1.9459101490553132,4296.672476851852,11.763648122797678,2671.6161805555557,0,0,1,152,1,Java,21.081895463991458,0.5100458579997934,0
5.4680601411351315,3.4965075614664802,3160.897372685185,8.654065359849925,2251.9602662037037,10,1,1,94,1,Java,27.270420338504653,3.6976841136955465,0
5.14166355650266,2.8903717578961645,4816.641342592593,13.187245291150152,1871.4694907407406,0,0,0,0,1,Java,12.89124424750676,1.289124424750676,0
5.998936561946683,5.37989735354046,4969.4925,13.605728952772076,60.29354166666667,0,0,1,25,1,Java,29.546377220611557,15.875665372268896,0
5.19295685089021,1.3862943611198906,1627.9250925925926,4.457015996146729,370.9764236111111,3,1,1,68,0,Java,40.16139950019313,0.6730960810088233,0
5.932245187448011,4.418840607796598,4181.616516203704,11.448642070372907,1.130775462962963,19,1,1,105,1,Java,32.84232293129528,7.162421490335673,0
6.448889394146858,4.9344739331306915,4547.979270833333,12.451688626511523,760.7041435185185,15,1,1,33,1,Java,50.67585762275695,11.082834155214675,0
6.455198563340122,5.049856007249537,2231.1979166666665,6.108686972393338,255.51443287037037,0,0,1,14,0,Java,103.95032563785335,25.373701533649246,0
5.198497031265826,3.970291913552122,3004.3986805555555,8.225595292417674,329.7846759259259,6,1,1,68,1,Java,21.882914682895155,6.321730908391934,0
6.617402977974478,4.1588830833596715,3294.1530902777777,9.018899631150658,1361.320798611111,7,1,1,85,1,Java,82.82606865031666,6.985331090990561,0
7.154615356913663,2.3978952727983707,4417.601481481482,12.094733693310012,2932.9129398148148,0,0,1,56,1,Java,105.74850446748209,0.8268061334439569,0
6.593044534142437,3.8501476017100584,5183.601273148148,14.191926825867618,2496.5837962962964,0,0,1,78,1,Java,51.36723215562611,3.241279395279563,0
5.480638923341991,4.543294782270004,3420.000428240741,9.363450864451035,217.55297453703704,11,1,1,119,1,Java,25.524777505628766,9.932235598424581,0
5.993961427306569,3.091042453358316,4742.9714699074075,12.985548172231095,23.28015046296296,0,0,1,67,1,Java,30.803474346610855,1.6171824031970699,0
6.118097198041348,1.9459101490553132,4819.825486111111,13.195963000988668,3816.140011574074,0,0,1,53,1,Java,34.32868067044901,0.4546845121913776,0
7.373374309910049,0.0,3871.6721064814815,10.600060524247725,1128.39125,1,1,0,0,1,Java,150.1878216976485,0.0,0
6.309918278226516,4.0943445622221,5623.326388888889,15.395828580120162,2938.2610185185185,0,0,1,15,0,Java,35.659009655959366,3.8322068664874362,0
5.991464547107982,1.6094379124341003,2226.988761574074,6.097162933809922,1756.9388425925927,0,0,1,21,1,Java,65.44027186602962,0.6560428257246076,0
6.703188113240863,5.442417710521793,3393.05875,9.289688569472965,62.140023148148146,1,1,1,208,1,Java,87.62403539284428,24.758634079059195,0
6.023447592961033,1.0986122886681098,3576.3244907407407,9.791442822014348,0.4492361111111111,20,1,1,248,1,Java,42.077557668384685,0.20425998868147904,0
6.651571873589727,2.995732273553991,4467.8912037037035,12.232419448880776,168.17885416666667,0,0,1,175,1,Java,63.19273167752,1.5532495496415006,0
7.047517221357296,5.602118820879701,4455.567453703704,12.198678860242858,0.3260763888888889,0,0,1,14,1,Java,94.19052777467125,22.133544385692986,0
5.918893854273146,3.295836866004329,2797.218865740741,7.658367873349051,207.2036574074074,5,1,1,39,1,Java,48.44374233980999,3.3949792475338536,0
6.484635235635252,6.253828811575473,4542.197233796296,12.435858271858443,0.17210648148148147,4,1,1,51,1,Java,52.58985634147668,41.73415205080489,0
6.333279628139691,5.111987788356544,2983.358599537037,8.167990690039801,259.47442129629627,10,1,1,84,1,Java,68.8051714707894,20.20080657060543,0
3.9512437185814275,3.6109179126442243,1260.8592708333333,3.452044547113849,0.7058101851851852,11,1,1,90,1,Java,14.773853379916424,10.428602385823359,0
6.678342114654332,4.418840607796598,4161.045289351852,11.39232112074429,0.5771064814814815,0,0,1,42,1,Java,69.69606909642009,7.197830813484191,0
7.528331766707247,6.075346031088684,4165.736284722222,11.40516436611149,1807.1425925925926,0,0,1,39,1,Java,162.99633572346426,38.05293690370279,0
5.713732805509369,2.70805020110221,3914.086053240741,10.716183581767943,1440.0545486111112,7,1,1,80,1,Java,28.181674725488083,1.3064352521749443,0
7.585788821732034,6.066108090103747,5572.410914351852,15.25642960808173,2066.685972222222,0,0,1,59,1,Java,129.0603404978167,28.1848381991169,0
7.080867896690782,3.044522437723423,5408.4804861111115,14.807612556087916,0.08543981481481482,11,1,1,28,1,Java,80.22900352775456,1.350656625046373,0
5.883322388488279,0.6931471805599453,1558.220636574074,4.266175596369813,251.1882060185185,10,1,1,170,1,Java,83.91590826796498,0.2344019784021368,0
5.75890177387728,3.6635616461296463,4447.745347222222,12.177263099855503,0.6759259259259259,14,1,1,24,1,Java,25.950001852530367,3.1205698430258035,0
7.186144304522325,3.784189633918261,5379.708495370371,14.728839138591022,0.7898842592592593,5,1,1,71,0,Java,89.62009752292487,2.9194425708225524,0
9.650850821827147,3.7612001156935624,1396.9899537037038,3.824750044363323,14.579953703703703,11,1,1,129,1,Java,4061.441877200063,10.981109749092484,1
10.217750697217822,4.812184355372417,4405.756111111111,12.06230283671762,0.5076851851851852,8,1,1,35,1,Java,2270.213272762741,10.114154954610516,1
9.020268861722167,6.366470447731438,1312.6884722222221,3.5939451669328464,0.009641203703703704,13,1,1,75,1,Java,2300.5359336230767,161.66078585329072,1
10.303269877508795,2.995732273553991,3072.4044212962963,8.411784863234214,110.09862268518519,16,1,1,184,1,Java,3546.096397492882,2.2587358460680798,1
10.647636735062106,6.20455776256869,5064.8271875,13.866741101984942,0.27012731481481483,4,1,1,118,1,Java,3035.464475065073,35.62480876846304,1
9.860893154903707,0.0,2886.9691666666668,7.90409080538444,7.935949074074074,20,1,1,130,1,Java,2424.6938037382342,0.0,1
10.168808978749206,8.704170559746386,6048.898032407407,16.56098023930844,0.018449074074074073,3,1,1,56,1,Java,1574.5444788411205,363.92773331705143,1
9.53827627757511,3.1354942159291497,2826.1199537037037,7.737494739777423,80.87847222222223,5,1,1,121,0,Java,1793.8622857660607,2.8432975710989434,1
8.997394645638419,7.562681246721884,2741.3099305555556,7.505297551144574,1.0395833333333333,3,1,1,56,1,Java,1076.7061458832675,256.3522614378674,1
9.96439448743965,2.70805020110221,3699.022962962963,10.127372930767866,0.21818287037037037,10,1,1,34,1,Java,2098.7673847208102,1.3823920670943939,1
9.464905067965136,4.812184355372417,3485.6907523148147,9.543301169924202,476.9153009259259,20,1,1,43,1,Java,1351.5239402323548,12.783836308601899,1
10.565195664260694,6.20455776256869,5746.284270833334,15.732468913985855,0.06484953703703704,3,1,1,16,1,Java,2463.758244933968,31.400030262309542,1
8.906935339059165,6.398594934535208,3966.049537037037,10.858451846781758,7.8131712962962965,5,1,1,90,1,Java,679.8390879440043,55.256495904416504,1
9.323043861889268,6.625392368007956,4477.771400462963,12.259469953355136,0.5158449074074074,2,1,1,30,1,Java,912.926908143937,61.42190509581706,1
8.381373468273702,8.125630988477065,3968.102523148148,10.864072616422034,0.026909722222222224,18,1,1,43,1,Java,401.6909822015933,311.02516701631157,1
8.65591111072806,6.093569770045136,4914.740104166666,13.455825062742413,0.6458333333333334,4,1,1,22,1,Java,426.8040029668405,32.8482272873661,1
8.934323331054905,2.4849066497880004,4983.612708333333,13.64438797627196,1.1980671296296297,4,1,1,148,1,Java,556.0527898498667,0.8061922615458724,1
9.691345759329694,3.6888794541139363,2836.009791666667,7.76457164042893,0.36011574074074076,20,1,1,200,1,Java,2083.308745040622,5.0228141108175235,1
8.900957872545062,5.1298987149230735,5838.551655092592,15.985083244606686,4.72650462962963,2,1,1,47,1,Java,459.0529738076789,10.509798255613253,1
10.180361426271306,6.940222469119639,5187.123657407407,14.201570588384415,5.362546296296296,11,1,1,75,1,Java,1857.4706111432215,72.66801890518232,1
9.070848393157585,2.833213344056216,1042.3773611111112,2.8538736786067385,196.68167824074075,10,1,1,77,1,Java,3047.4369153738708,5.606414929973776,1
9.243097936214355,4.74493212836325,3085.9147453703704,8.448774114634826,0.10236111111111111,7,1,1,70,1,Java,1222.8993058416702,13.493081771772202,1
8.233768709217097,7.2813856635702825,4015.4685185185185,10.993753644130098,0.9142708333333334,11,1,1,52,1,Java,342.46719745355114,132.0749988585807,1
9.040974526342444,1.0986122886681098,2046.3164467592592,5.602509094481203,1.9254166666666668,8,1,1,212,1,Java,1506.6463717684771,0.3569829100268871,1
9.102977853647683,7.692569648067906,4511.850219907407,12.35277267599564,453.1579513888889,5,1,1,162,1,Java,727.0432505774357,177.36908607228168,1
8.941807118363164,6.182084906716632,2924.734826388889,8.007487546581489,1.2391203703703704,9,1,1,58,1,Java,954.6065423808661,60.31854526032946,1
10.883541505080103,3.258096538021482,4872.685763888889,13.340686554110578,7.771678240740741,0,0,1,36,1,Java,3994.621999688599,1.8739665232818858,1
9.09133158539398,8.066835314417336,4808.885590277778,13.166011198570233,0.025752314814814815,3,1,1,79,1,Java,674.2360967279141,241.9867302213737,1
9.158836529109067,0.6931471805599453,2906.8687847222222,7.958572990341471,0.23862268518518517,8,1,1,104,1,Java,1193.304379004322,0.12565066642143013,1
8.764990330169104,2.4849066497880004,2286.2131597222224,6.259310498897255,1176.2783449074075,5,1,1,99,0,Java,1023.2756469148497,1.7573820633978685,1
8.600062669238532,4.290459441148391,3616.5079166666665,9.901459046315308,197.5348263888889,5,1,1,82,1,Java,548.5050207848985,7.271655587647339,1
9.697078200213083,6.486160788944089,5775.063715277778,15.811262738611303,0.09413194444444445,0,0,1,74,1,Java,1028.9500762181947,41.426166323862404,1
8.729073550451737,6.495265555937008,4802.501076388889,13.148531352194082,0.24003472222222222,0,0,1,76,1,Java,469.9384162755878,50.27177426091011,1
9.073489189226986,5.2574953720277815,4977.550810185186,13.62779140365554,0.40605324074074073,8,1,1,45,1,Java,639.8689077131702,14.015477221699026,1
9.152181457802651,1.9459101490553132,5437.865729166667,14.888064966917637,1.1676967592592593,8,1,1,67,1,Java,633.6619312827445,0.40300737626632044,1
9.294957217696062,4.969813299576001,3217.185150462963,8.80817289654473,769.368912037037,9,1,1,29,1,Java,1235.4435054594342,16.23492200704825,1
9.646851848489673,6.272877006546167,5495.699884259259,15.046406253961012,0.09734953703703704,4,1,1,53,1,Java,1028.2854084128528,35.15789691380552,1
8.930361883909434,6.345636360828596,3129.3194212962962,8.567609640783836,672.1992939814814,7,1,1,29,1,Java,882.0429871159049,66.4129230738322,1
9.269834943761822,5.796057750765372,3684.691365740741,10.088135156032145,747.0110648148149,20,1,1,71,1,Java,1051.9288090281595,32.513442269245786,1
9.49461665129313,5.220355825078324,3000.169895833333,8.214017510837326,0.09767361111111111,16,1,1,130,1,Java,1617.6006421303016,22.40073140302367,1
9.111845125227083,2.1972245773362196,3891.1041782407406,10.65326263720942,0.15122685185185186,15,1,1,51,1,Java,850.5375591090743,0.750943656646352,1
7.597897950521784,6.508769136971682,2225.9168287037037,6.094228141557026,0.3697685185185185,7,1,1,54,1,Java,327.0307500320795,109.94009158128111,1
6.90975328164481,5.560681631015528,998.1999652777778,2.732922560651,0.01337962962962963,14,1,1,139,1,Java,366.2745569203231,94.77033990246123,1
9.348710041240954,4.31748811353631,3929.9128703703705,10.759515045504095,41.78673611111111,11,1,1,58,1,Java,1067.2414092490365,6.8776333958398235,1
9.405824915296419,2.8903717578961645,3587.223298611111,9.821282131721043,1017.765162037037,20,1,1,74,0,Java,1237.9239122692304,1.7309348995374993,1
8.933004591578547,1.791759469228055,4524.146006944445,12.3864367062134,0.14135416666666667,7,1,1,37,1,Java,611.7174922630618,0.40366734344929506,1
9.226607344440055,5.075173815233827,3833.020636574074,10.494238566937916,1.0341782407407407,6,1,1,114,1,Java,968.4361504815143,15.151170710081747,1
9.21024036697585,6.20455776256869,4693.865231481482,12.851102618703578,6.992418981481482,1,1,1,27,1,Java,777.9877179915167,38.44028132504593,1
8.93958096672031,7.134890851565884,4978.99599537037,13.631748105052347,33.13418981481482,0,0,1,28,1,Java,559.5027095001262,91.9911364511811,1
9.045465728785949,4.330733340286331,3195.5867013888887,8.749039565746445,4.100150462962963,20,1,1,130,1,Java,969.134947474271,8.572369508263984,1
8.998754769495703,3.58351893845611,3044.3370601851852,8.334940616523436,822.8316087962963,7,1,1,157,1,Java,970.8527477638145,4.199190085483627,1
7.922623574217286,4.477336814478207,476.2125462962963,1.303798894719497,0.20215277777777776,20,1,1,70,1,Java,2115.3569090832557,66.72808233873938,1
8.233503140233994,3.332204510175204,3411.39556712963,9.339892038684818,0.3605555555555556,10,1,1,32,1,Java,403.00251698948136,2.890825706353878,1
9.05473863988161,7.752764808851328,5416.236979166667,14.828848676705453,30.973055555555554,0,0,1,87,1,Java,577.1183040962384,156.92384828604193,1
9.22601685136119,5.37989735354046,3162.0807291666665,8.657305213324207,645.4489236111111,0,0,1,42,0,Java,1173.2288223323415,24.95002713633807,1
8.01532730902172,5.765191102784844,1168.8671296296295,3.200183790909321,0.029074074074074075,20,1,1,317,1,Java,945.570691469621,99.36929275853916,1
7.99799931797973,6.483107351457199,2564.8735069444447,7.0222409498821206,0.008067129629629629,20,1,1,82,1,Java,423.5115287591952,92.99025833212995,1
8.848222068371385,3.828641396489095,3180.0744907407407,8.706569447613253,833.3387268518519,6,1,1,52,1,Java,799.5112244706473,5.16851100433546,1
8.945202263959297,8.651549243915316,3034.0390046296297,8.30674607701473,0.35609953703703706,13,1,1,168,1,Java,923.3459081195891,688.3561802643821,1
8.789355452209982,1.9459101490553132,2909.2622916666664,7.965126055213323,501.1877662037037,0,0,1,27,0,Java,823.9668718995846,0.7532837469750888,1
9.192685436737461,8.19450550976564,5761.564386574074,15.77430359089411,0.43466435185185187,10,1,1,25,1,Java,622.7850214364463,229.48715162865793,1
8.769040810858803,4.406719247264253,1019.0270138888889,2.7899439120845693,13.087777777777777,12,1,1,77,1,Java,2305.0642603044066,29.032841717408946,1
9.548026157663058,5.940171252720432,4469.162453703703,12.235899941693917,0.08709490740740741,6,1,1,12,1,Java,1145.481743622337,30.97442785622615,1
9.088285725968877,6.778784897685177,2804.0949537037036,7.677193576190838,0.7637268518518519,7,1,1,95,1,Java,1152.76499311498,114.36470779152005,1
8.430981494597171,7.554858521040676,4463.78712962963,12.221183106446626,0.01443287037037037,8,1,1,60,1,Java,375.2500850413495,156.20418934669345,1
8.763428073953845,7.655864017616056,5416.163356481481,14.828647108778867,34.117662037037036,10,1,1,80,1,Java,431.2598413791928,142.42701876354263,1
8.29154650988391,4.3694478524670215,5278.713344907407,14.452329486399472,0.40572916666666664,6,1,1,48,1,Java,276.01086757355574,5.397053815677451,1
8.78462153484075,5.840641657373398,5134.638518518518,14.05787410956473,6.9296643518518515,16,1,1,57,1,Java,464.6506256273658,24.3991372612043,1
8.421122722665503,4.77912349311153,4928.107719907407,13.49242360002028,1095.13375,0,0,1,55,1,Java,336.5592524083794,8.74564892847143,1
8.586905803827538,4.127134385045092,2868.041111111111,7.852268613582782,971.8720138888889,6,1,1,30,0,Java,682.6052780120539,7.768455589316285,1
8.508555998020574,5.834810737062605,3378.042546296296,9.248576444343042,635.9345949074074,8,1,1,107,1,Java,535.8662524794692,36.870539163740716,1
8.79966169681513,3.6635616461296463,3951.307986111111,10.818091679975662,6.186226851851852,14,1,1,46,1,Java,612.9546870335746,3.5126343096479924,1
8.442254104751743,4.997212273764115,5159.748912037037,14.126622620224605,922.6913425925926,0,0,1,142,1,Java,328.3162667175616,10.405884262070192,1
8.37516869138682,5.3706380281276624,3233.0323958333333,8.851560289755875,777.0636342592593,0,0,1,27,1,Java,489.97011351990847,24.17652854352327,1
8.18423477409482,1.791759469228055,2089.0933912037035,5.719625985499531,0.574212962962963,2,1,1,17,1,Java,626.4395624965107,0.8741830344634535,1
8.450198322591959,4.07753744390572,5033.610648148148,13.781274875148934,258.3146296296296,0,0,1,243,0,Java,339.2284126362059,4.20860918350801,1
8.355379895253634,3.8066624897703196,2037.2803819444443,5.577769697315385,0.12291666666666666,8,1,1,70,1,Java,762.3118613245208,7.888457643057129,1
8.611593866837723,5.497168225293202,4615.866446759259,12.637553584556493,0.9964351851851851,20,1,1,330,1,Java,434.7360399495239,19.22840511607832,1
8.404696160189092,5.840641657373398,4183.689421296296,11.454317375212309,0.3233564814814815,0,0,1,87,1,Java,389.9839557149693,29.945040700746464,1
6.693323668269949,6.304448802421981,5029.444039351852,13.769867321976323,778.1180324074074,0,0,1,130,0,Java,58.533606835386614,39.65179817881028,1
9.513181956185786,6.499787040655854,1858.937974537037,5.0894947968159805,744.1056597222222,13,1,1,158,0,Java,2659.5959992862563,130.46481556782464,1
8.769196271411001,6.016157159698354,2905.9338657407407,7.956013321672117,0.010081018518518519,3,1,1,58,1,Java,808.4451018299935,51.407656506291566,1
9.004299728561636,6.760414691083428,3072.178159722222,8.411165392805536,97.08003472222222,9,1,1,121,1,Java,967.4045890192526,102.4828260703694,1
8.350666240520924,0.0,2500.388148148148,6.845689659543185,7.9231597222222225,6,1,1,108,1,Java,618.1992188472071,0.0,1
3.5553480614894135,1.6094379124341003,3160.4688425925924,8.65289210839861,1441.7767245370371,0,0,1,64,1,C++,3.9293220779904505,0.4622731856459354,0
3.258096538021482,0.0,661.2991666666667,1.810538443988136,5.222488425925926,8,1,1,180,1,C++,13.808047038720499,0.0,0
4.189654742026425,3.332204510175204,4325.98025462963,11.84388844525566,1517.9419560185186,7,1,1,31,0,C++,5.488062497417158,2.279656729696358,0
3.295836866004329,1.791759469228055,2738.5114814814815,7.497635815144371,919.7527083333333,3,1,1,72,1,C++,3.467759790023804,0.6668768826968854,0
3.7376696182833684,2.70805020110221,3857.8513541666666,10.56222136664385,1025.1844560185186,4,1,1,56,1,C++,3.881759203559257,1.3254787524348683,0
3.258096538021482,1.0986122886681098,282.7511574074074,0.774130478870383,281.83965277777776,0,0,1,62,0,C++,32.294297514910134,2.5835438011928105,0
2.8903717578961645,3.1780538303479458,2923.4527314814814,8.003977362030065,482.7785069444444,8,1,1,52,1,C++,2.1239440382035584,2.873571345804814,0
5.6240175061873385,0.0,4987.472916666667,13.65495665069587,457.7452083333333,0,0,1,65,0,C++,20.212440585516962,0.0,0
3.1780538303479458,1.3862943611198906,1478.9266898148148,4.0490806018201635,225.78949074074075,0,0,1,15,1,C++,5.680301841771419,0.7409089358832286,0
3.5263605246161616,1.791759469228055,2119.8699189814815,5.803887526301113,1902.8433564814816,4,1,1,137,0,C++,5.685844160565822,0.86149153947967,0
4.406719247264253,2.5649493574615367,4152.098518518518,11.367826197175956,3480.0690740740743,6,1,1,54,1,C++,7.125372836903714,1.055610790652402,0
4.23410650459726,3.091042453358316,2680.0784722222224,7.337654954749412,1431.2595949074075,0,0,1,625,0,C++,9.267265961584354,2.8619497822539914,0
3.970291913552122,1.6094379124341003,5090.321863425926,13.936541720536415,2524.9605787037035,5,1,1,156,1,C++,3.731198244351722,0.2870152495655171,0
2.772588722239781,0.0,1320.3520717592592,3.6149269589575885,1051.3286458333334,0,0,1,60,1,C++,4.1494614331918465,0.0,0
3.258096538021482,0.0,1004.3385069444445,2.7497289717849265,261.5018402777778,0,0,1,46,1,C++,9.09180514026144,0.0,0
3.091042453358316,0.0,1183.8235648148147,3.2411322787537706,192.09436342592593,0,0,1,19,1,C++,6.479217197538938,0.0,0
3.6109179126442243,2.0794415416798357,3224.910486111111,8.829323712829872,168.04378472222223,0,0,1,78,1,C++,4.077322473485537,0.7928127031777433,0
1.3862943611198906,1.0986122886681098,607.0599305555555,1.6620395087078865,524.9058912037037,0,0,1,127,1,C++,1.8050112432840295,1.2033408288560197,0
4.406719247264253,0.0,5486.234560185185,15.020491608994346,634.1879282407407,0,0,1,80,0,C++,5.392633084758477,0.0,0
3.784189633918261,3.091042453358316,1044.2051967592593,2.8588780198747687,1.9722916666666668,0,0,1,40,0,C++,15.040865577707855,7.3455390030666265,0
4.143134726391533,1.6094379124341003,2832.8712037037035,7.755978654904048,2825.021041666667,0,0,1,28,0,C++,7.993833242539658,0.5157311769380424,0
3.9512437185814275,1.791759469228055,3864.7727893518518,10.581171223413694,2869.677280092593,0,0,1,73,1,C++,4.819882310112207,0.4725374813835497,0
0.6931471805599453,0.0,1014.4366782407408,2.777376258017086,1011.8234259259259,0,0,0,0,1,C++,0.3600520444838656,0.0,0
3.044522437723423,1.3862943611198906,2965.816747685185,8.119963717139452,2017.9800462962962,4,1,1,62,1,C++,2.463065192986566,0.36945977894798493,0
3.5553480614894135,2.5649493574615367,2812.821354166667,7.701085158567192,2143.686076388889,0,0,1,96,0,C++,4.4149622163541675,1.5582219587132358,0
3.5553480614894135,0.6931471805599453,1714.1521296296296,4.693092757370649,1692.1902430555556,0,0,1,76,1,C++,7.244689537960215,0.2130791040576534,0
4.663439094112067,2.302585092994046,3893.9106944444443,10.660946459806828,2605.7166435185186,6,1,1,127,1,C++,9.849031734270858,0.8442027200803592,0
3.258096538021482,1.6094379124341003,433.91284722222224,1.1879886303140923,5.1083796296296295,4,1,1,58,1,C++,21.043972443903147,3.3670355910245036,0
4.976733742420574,3.091042453358316,2205.0042939814816,6.036972741906863,0.7853819444444444,0,0,1,122,1,C++,23.853014773513053,3.4785646544706537,0
4.330733340286331,4.248495242049359,3893.519571759259,10.65987562425533,551.1086111111111,6,1,1,228,1,C++,7.035729369050617,6.4728710195265675,0
3.1354942159291497,1.0986122886681098,3807.278888888889,10.423761502775877,143.30373842592593,8,1,1,77,1,C++,2.1105624868855006,0.19186931698959098,0
2.1972245773362196,2.4849066497880004,1962.0706365740741,5.371856636753112,685.1475694444445,1,1,1,73,1,C++,1.4892430198649913,2.047709152314363,0
4.007333185232471,2.3978952727983707,2834.5621180555554,7.7606081260932385,879.6749537037037,0,0,1,90,1,C++,6.958217593597797,1.2885588136292216,0
2.833213344056216,2.6390573296152584,816.2117245370371,2.234665912490177,354.6119212962963,7,1,1,142,1,C++,7.159906950999474,5.8174243976870725,0
3.713572066704308,1.3862943611198906,2334.7369444444444,6.392161381093619,1863.7402314814815,6,1,1,151,0,C++,6.257664288375101,0.46932482162813255,0
2.5649493574615367,1.9459101490553132,3169.598599537037,8.677888020635283,1812.6099768518518,0,0,1,208,1,C++,1.3828249421362682,0.6914124710681341,0
4.290459441148391,3.7376696182833684,5726.597858796296,15.678570455294446,2531.555648148148,0,0,1,62,1,C++,4.59225541035768,2.6150343308981236,0
3.367295829986474,2.6390573296152584,4178.502905092592,11.440117467741526,1119.0731481481482,4,1,1,57,1,C++,2.4475273159522613,1.1363519681206928,0
4.882801922586371,2.5649493574615367,3970.054837962963,10.869417763074505,1575.3800347222223,0,0,0,0,0,C++,12.052163497205168,1.1040149768432215,0
3.7376696182833684,2.4849066497880004,5025.850196759259,13.760027917205363,312.06539351851853,2,1,1,39,0,C++,2.9796451174880336,0.799416982740692,0
4.672828834461906,4.0943445622221,3806.9869444444444,10.422962202448856,40.719606481481485,5,1,1,98,1,C++,10.169853630966395,5.6605789078020505,0
3.2188758248682006,0.0,2161.169548611111,5.916959749790859,1272.1706018518519,1,1,0,0,0,C++,4.056137106703878,0.0,0
4.143134726391533,3.4339872044851463,2968.6547569444447,8.127733763023805,1145.7903356481481,0,0,1,74,1,C++,7.628202621751946,3.6910657847186834,0
4.912654885736052,1.0986122886681098,3539.136087962963,9.689626524197024,73.68460648148148,0,0,1,125,1,C++,13.932425533933301,0.20640630420641928,0
3.4339872044851463,3.1354942159291497,3515.4235879629628,9.624705237407154,916.931886574074,0,0,0,0,1,C++,3.1169785733699875,2.285784287137991,0
3.2188758248682006,0.6931471805599453,2630.711886574074,7.202496609374604,1553.179837962963,3,1,1,26,0,C++,3.332177896309198,0.13884074567954993,0
4.07753744390572,0.0,2547.789236111111,6.9754667655335005,2544.6169328703704,0,0,1,57,0,C++,8.31485575798081,0.0,0
3.970291913552122,2.833213344056216,3961.995023148148,10.847351192739625,2670.8783680555557,0,0,1,69,1,C++,4.793797036349737,1.4750144727229961,0
4.04305126783455,2.0794415416798357,3095.399837962963,8.474742882855477,2660.9778587962965,0,0,1,63,1,C++,6.60787008810483,0.8259837610131038,0
2.6390573296152584,0.0,1270.0605208333334,3.4772361966689482,1078.3977199074075,0,0,1,101,1,C++,3.73860136750373,0.0,0
2.3978952727983707,1.3862943611198906,1203.7072337962964,3.2955707975257944,700.6915972222222,2,1,1,53,1,C++,3.0343757164942926,0.9103127149482878,0
5.062595033026967,3.367295829986474,4883.596064814815,13.370557330088474,1057.1865277777779,0,0,1,116,0,C++,11.742218078426289,2.0941535426492743,0
4.127134385045092,4.330733340286331,4110.073819444445,11.252768841737016,147.67267361111112,0,0,1,20,1,C++,5.420888037240071,6.665026275295169,0
2.995732273553991,2.9444389791664403,1521.793923611111,4.166444691611529,1020.1817129629629,1,1,1,116,0,C++,4.560242942442861,4.3202301559985,0
2.995732273553991,3.871201010907891,772.0142708333333,2.1136598790782566,124.59135416666666,10,1,1,26,1,C++,8.989147302301866,22.236311747799355,0
4.787491742782046,0.0,5218.587384259259,14.287713577711866,3078.583946759259,0,0,1,76,0,C++,8.328834375965807,0.0,0
3.367295829986474,0.0,1392.8719791666667,3.8134756445357065,1359.8013310185186,1,1,1,31,0,C++,7.342383329527996,0.0,0
3.5263605246161616,2.4849066497880004,5663.265219907407,15.505175140061349,1321.314386574074,0,0,1,91,1,C++,2.128321654022247,0.7094405513407491,0
2.6390573296152584,0.0,1175.9819791666666,3.2196631873146244,1154.875925925926,0,0,1,47,1,C++,4.037689423918504,0.0,0
3.4965075614664802,2.70805020110221,3277.259259259259,8.97264684259893,768.3740277777778,5,1,1,39,1,C++,3.5663946839047984,1.5602976742083494,0
4.672828834461906,1.6094379124341003,2643.6076273148146,7.237803223312292,815.4163425925926,8,1,1,57,1,C++,14.645327695368099,0.5526538752969093,0
5.342334251964811,3.8918202981106265,4335.203194444444,11.869139478287321,1854.759988425926,0,0,1,33,1,C++,17.52443809262689,4.044101098298514,0
3.6375861597263857,1.6094379124341003,2284.985902777778,6.255950452505894,2172.596412037037,0,0,1,29,1,C++,5.914369092418117,0.639391253234391,0
3.367295829986474,2.4849066497880004,1262.6916898148147,3.4570614368646537,1228.2093287037037,0,0,1,29,0,C++,8.099364304440684,3.1818931196016975,0
3.295836866004329,2.302585092994046,797.98,2.1847501711156743,797.722650462963,4,1,1,68,1,C++,11.90067420236096,4.119464146971102,0
3.044522437723423,3.6375861597263857,4827.8419791666665,13.21791096281086,1346.8125578703705,0,0,0,0,1,C++,1.513098405358519,2.79923204991326,0
4.07753744390572,0.6931471805599453,5277.652407407408,14.44942479783,3538.6208912037036,0,0,1,20,1,C++,4.014000613277726,0.06920690712547803,0
3.332204510175204,0.6931471805599453,790.2626504629629,2.1636212196111235,0.8932986111111111,1,1,1,74,1,C++,12.479078941947527,0.4621881089610196,0
2.5649493574615367,2.4849066497880004,2369.0593518518517,6.486131011230258,1619.5247106481481,8,1,1,115,1,C++,1.8501013900617924,1.6959262742233099,0
3.828641396489095,2.0794415416798357,3845.413726851852,10.52816899890993,828.6548958333333,8,1,1,243,1,C++,4.274247497799402,0.6648829441021291,0
3.6888794541139363,2.0794415416798357,2905.9505439814816,7.956058984206657,2673.0867592592595,1,1,1,32,1,C++,4.901924442417757,0.879832592228828,0
3.4011973816621555,2.0794415416798357,1220.8947916666666,3.342627766370066,376.5895601851852,7,1,1,44,0,C++,8.675808982312324,2.0941607888340092,0
3.784189633918261,3.2188758248682006,2040.0509837962964,5.585355191776308,1031.8248726851853,5,1,1,46,1,C++,7.69870465235797,4.296951433874216,0
2.9444389791664403,0.0,3724.378576388889,10.196792816944255,1775.1668518518518,0,0,1,33,1,C++,1.7652609328385067,0.0,0
2.9444389791664403,1.9459101490553132,2118.3772337962964,5.799800776991914,196.75809027777777,4,1,1,64,1,C++,3.1035548792308276,1.0345182930769425,0
3.4339872044851463,0.0,4979.029305555556,13.631839303369079,404.6869560185185,4,1,1,92,1,C++,2.200730167981482,0.0,0
3.9889840465642745,2.0794415416798357,3329.214803240741,9.114893369584506,1054.9668981481482,0,0,1,57,1,C++,5.814659354859349,0.7679738770568951,0
3.1780538303479458,0.0,359.61130787037035,0.9845621023144979,265.712037037037,5,1,1,33,1,C++,23.360639157176422,0.0,0
2.5649493574615367,3.58351893845611,1376.960914351852,3.7699135232083556,886.0647106481481,8,1,1,33,1,C++,3.183096887004319,9.284032587095929,0
3.1780538303479458,2.1972245773362196,1446.3956828703704,3.960015558851117,160.14270833333333,0,0,1,71,0,C++,5.808057988204667,2.0201940828537976,0
2.4849066497880004,0.0,1202.2978472222221,3.291712107384592,101.95173611111112,0,0,1,121,1,C++,3.3417260201226946,0.0,0
2.995732273553991,0.6931471805599453,1717.5609143518518,4.702425501305549,936.5246527777778,0,0,1,53,1,C++,4.040468050950508,0.2126562132079215,0
4.219507705176107,2.302585092994046,5702.466238425926,15.612501679468656,4829.044247685185,0,0,1,58,1,C++,4.291432684878996,0.5764611069240442,0
3.8501476017100584,2.0794415416798357,4047.9327777777776,11.082635941896722,986.0110069444445,0,0,1,35,0,C++,4.150637108460986,0.631618690417976,0
5.3230099791384085,2.6390573296152584,2554.7053935185186,6.994402172535301,126.66092592592592,10,1,1,56,1,C++,29.16618103560593,1.8586291836415543,0
5.942799375126701,1.6094379124341003,4091.8239236111112,11.202803350064643,70.05828703703703,17,1,1,92,1,C++,33.92008126232148,0.35705348697180506,0
4.330733340286331,4.394449154672439,1336.4767939814815,3.659074042385986,848.6207175925925,4,1,1,63,1,C++,20.496988891510505,21.863454817611206,0
5.58724865840025,2.302585092994046,1349.7265046296295,3.695349773113291,1144.8576967592592,0,0,1,21,0,C++,71.98236062398445,2.4354934045709022,0
6.317164686747284,3.713572066704308,3793.514583333333,10.386076887976271,12.014548611111111,0,0,1,17,1,C++,53.24435838138226,3.8513098286714116,0
5.883322388488279,0.6931471805599453,1496.8311921296297,4.098100457575988,0.17340277777777777,5,1,1,36,1,C++,87.35754618659487,0.24401549214132648,0
5.147494476813453,2.833213344056216,3569.7234375,9.773370123203286,12.188680555555555,6,1,1,87,1,C++,17.49652349643683,1.6371016137016916,0
5.996452088619021,5.1647859739235145,4664.621064814814,12.77103645397622,26.79633101851852,7,1,1,76,1,C++,31.39917433053368,13.624579385318853,0
5.488937726156687,1.0986122886681098,4034.7793055555558,11.04662369761959,8.827662037037037,9,1,1,32,1,C++,21.816620770012513,0.18105079477188807,0
4.9344739331306915,2.70805020110221,1935.0311226851852,5.297826482368748,67.07046296296296,2,1,1,91,1,C++,26.048418244588838,2.642593155248143,0
5.393627546352362,4.31748811353631,4586.363101851852,12.556777828478719,229.03206018518517,9,1,1,36,1,C++,17.44078003063086,5.893231608523671,0
4.276666119016055,3.6109179126442243,1619.430914351852,4.433760203564276,323.75574074074075,0,0,1,18,1,C++,16.013495710237887,8.119518951669916,0
6.666956792429207,5.976350909297934,2754.7756365740743,7.542164644966665,0.0359375,0,0,1,24,1,C++,104.08152525865067,52.107056594458236,0
6.7912214627261855,4.624972813284271,4786.853055555555,13.105689406038481,103.60820601851852,0,0,1,31,1,C++,67.83313509554033,7.706576653149127,0
5.673323267171493,4.31748811353631,1407.6990740740741,3.854070017998834,86.68873842592592,13,1,1,95,1,C++,75.24513012106043,19.200481479167145,0
5.648974238161206,5.6240175061873385,4836.627835648148,13.241965326894313,0.5511921296296296,14,1,1,88,1,C++,21.371450008650115,20.842827570273613,0
5.081404364984463,3.6888794541139363,4594.370162037037,12.57869996450934,276.110787037037,5,1,1,51,1,C++,12.719915448451603,3.1004793905600785,0
5.968707559985366,4.1588830833596715,3180.8048726851853,8.708569124394758,28.322777777777777,11,1,1,27,1,C++,44.78347641606449,7.234253882595032,0
5.293304824724492,5.0238805208462765,2355.9080671296297,6.450124756001724,101.16543981481482,4,1,1,92,1,C++,30.697080675186104,23.41039990885405,0
6.111467339502679,4.672828834461906,2954.976990740741,8.090286080056785,316.342037037037,6,1,1,39,1,C++,55.6222605167556,13.10213247728021,0
4.955827057601261,2.302585092994046,4073.537974537037,11.152739149998732,5.875,4,1,1,51,1,C++,12.642634074340027,0.8069766430429804,0
6.774223886357614,5.662960480135946,6149.120787037037,16.83537518695972,0.48398148148148146,10,1,1,109,1,C++,51.91449494258848,17.0474371264564,0
6.38856140554563,3.4657359027997265,4220.781296296296,11.555869394377265,487.6251273148148,13,1,1,59,1,C++,51.402450108082945,2.6826194500851366,0
5.198497031265826,4.663439094112067,3111.9670138888887,8.520101338504828,788.824849537037,11,1,1,133,1,C++,21.126509280649913,12.323797080379116,0
5.631211781821365,4.406719247264253,1861.985613425926,5.09783877734682,22.30408564814815,0,0,1,56,1,C++,54.53291328775321,15.889086245712267,0
5.117993812416755,3.871201010907891,2889.621712962963,7.9113530813496595,879.6647453703704,5,1,1,40,1,C++,20.982504293902753,5.940829528996562,0
4.672828834461906,5.37989735354046,3703.789039351852,10.140421736760716,0.7219675925925926,7,1,1,58,1,C++,10.453214151412693,21.30088921419945,0
6.418364935936212,2.5649493574615367,3196.6428703703705,8.751931198823739,1014.0712731481482,3,1,1,65,1,C++,69.92742357049755,1.371125952362697,0
5.8377304471659395,5.327876168789581,3660.56375,10.022077344284735,24.573275462962965,13,1,1,74,1,C++,34.12466180926367,20.45484114297969,0
5.739792912179234,4.189654742026425,5180.572465277778,14.183634401855656,801.5048726851852,2,1,1,260,1,C++,21.85617530859668,4.582746435673497,0
6.448889394146858,6.075346031088684,4851.716134259259,13.283274837123228,3.55693287037037,2,1,1,78,0,C++,47.50334595475827,32.67266583893041,0
5.262690188904886,3.258096538021482,3136.87875,8.588305954825461,2.0517708333333333,9,1,1,115,1,C++,22.35598044712439,2.9109349540526552,0
5.529429087511423,4.02535169073515,3306.958530092593,9.053959014627221,14.186111111111112,7,1,1,32,1,C++,27.722679061667304,6.074690631042636,0
4.912654885736052,4.04305126783455,2791.8668171296295,7.643714762846351,5.977858796296296,3,1,1,31,1,C++,17.661569562510596,7.326280707411803,0
6.238324625039508,1.3862943611198906,3579.1331018518517,9.799132380155651,2316.930208333333,9,1,1,122,1,C++,52.14747389624337,0.30614955320690823,0
7.145196134997171,2.772588722239781,1785.9134027777777,4.889564415544908,10.139236111111112,14,1,1,82,1,C++,259.1232863140022,3.0677579279479343,0
5.802118375377063,3.5553480614894135,1434.5528587962963,3.927591673638046,58.57792824074074,10,1,1,114,0,C++,84.02095416765356,8.65670436878855,0
5.198497031265826,3.970291913552122,3259.006423611111,8.922673302152255,932.7196643518519,10,1,1,66,1,C++,20.17332630082756,5.827849820239074,0
5.2832037287379885,4.700480365792417,2966.142685185185,8.120856085380384,582.1310300925926,7,1,1,45,1,C++,24.135386459175173,13.422230224745377,0
6.9440872082295275,4.532599493153256,4536.791145833334,12.42105720967374,46.96736111111111,0,0,1,168,1,C++,83.40674891933874,7.4067769310609695,0
4.859812404361672,2.3978952727983707,1166.4706597222223,3.193622613886988,63.57054398148148,0,0,0,0,1,C++,40.07987651496806,3.1312403527318797,0
4.553876891600541,5.4116460518550396,3298.6398611111113,9.031183740208382,9.78357638888889,18,1,1,34,1,C++,10.408380861691015,24.6922226825223,0
5.0106352940962555,4.290459441148391,2035.4112268518518,5.572652229573858,2.4341203703703704,12,1,1,251,1,C++,26.737717313357997,12.920239238669637,0
6.148468295917647,2.302585092994046,5446.782905092593,14.912478864045429,1113.902662037037,0,0,1,16,1,C++,31.316054443903038,0.6035213918525211,0
6.678342114654332,5.8888779583328805,3814.4417939814816,10.443372468121783,46.20241898148148,6,1,1,76,1,C++,76.02907991874,34.4716231369602,0
5.455321115357702,5.902633333401366,2886.980462962963,7.904121732958147,1.7955439814814815,0,0,1,36,1,C++,29.47829093123024,46.17843858325767,0
5.645446897643238,1.6094379124341003,2601.261238425926,7.121865129160646,1497.219375,4,1,1,154,0,C++,39.59636905300892,0.5616506248653748,0
6.610696044717759,1.791759469228055,5131.7958101851855,14.05009119831673,1913.6999652777777,2,1,1,136,0,C++,52.81104510473891,0.35586957617748594,0
5.537334267018537,5.683579767338681,2831.5427314814815,7.752341496184754,17.765763888888888,0,0,1,28,1,C++,32.635301234409205,37.79503265486915,0
6.335054251498059,3.871201010907891,3686.9908796296295,10.09443088194286,1644.970150462963,0,0,1,59,1,C++,55.77332754906538,4.656032672834943,0
6.234410725718371,5.968707559985366,3290.9108217592593,9.010022783735138,167.0342824074074,0,0,1,44,0,C++,56.49264293968768,43.28512916793358,0
5.556828061699537,5.267858159063328,4855.659293981482,13.294070620072503,830.7970949074074,0,0,1,101,1,C++,19.407148297410874,14.517750470543794,0
5.351858133476067,1.6094379124341003,3287.695162037037,9.001218787233503,7.513101851851852,10,1,1,168,1,C++,23.330173942427063,0.4443842655700393,0
6.675823221634848,5.6240175061873385,5549.712662037037,15.194285180115092,103.1009375,0,0,1,45,0,C++,52.124860802040104,18.164724218892765,0
5.75890177387728,2.70805020110221,1539.4977546296295,4.2149151393008335,916.3914004629629,3,1,1,75,1,C++,74.97185341966761,3.3215378097321095,0
6.104793232414985,1.6094379124341003,2694.898587962963,7.3782302202955865,497.74881944444445,9,1,1,32,1,C++,60.5836341038017,0.5421354282219392,0
6.461468176353717,5.327876168789581,3078.2155787037036,8.427694945116231,0.6648495370370371,0,0,1,39,1,C++,75.82144396081806,24.32456339901049,0
5.099866427824199,1.6094379124341003,3305.7623842592593,9.050684145815906,0.6153935185185185,1,1,1,27,1,C++,18.00968825935156,0.4419555401067867,0
6.059123195581797,5.407171771460119,3430.230347222222,9.391458856186782,5.889641203703704,0,0,1,59,1,C++,45.46684455937392,23.638499981688547,0
5.641907070938114,3.7376696182833684,3959.4788657407407,10.840462329201207,1222.512511574074,0,0,1,147,1,C++,25.921403669570783,3.782126514065488,0
6.3818160174060985,4.875197323201151,4473.601759259259,12.248054097903514,445.50993055555557,0,0,1,24,1,C++,48.170917215412175,10.613930911870478,0
5.272999558563747,4.248495242049359,1069.8230092592592,2.929015767992496,2.529861111111111,0,0,1,297,1,C++,66.23385306422053,23.557401347583586,0
5.075173815233827,4.709530201312334,4078.6126273148147,11.166632792100794,20.588159722222223,0,0,1,48,1,C++,14.23884916431349,9.850776151411848,0
5.579729825986222,0.6931471805599453,3416.0044675925924,9.352510520445154,2047.5489583333333,7,1,1,49,1,C++,28.227714839013547,0.1069231622689907,0
4.770684624465665,2.70805020110221,2750.8953587962965,7.531541023398485,2.0335532407407406,11,1,1,94,1,C++,15.53466941712357,1.8588493319635042,0
5.420534999272286,5.683579767338681,2970.445439814815,8.132636385529953,0.07826388888888888,11,1,1,298,1,C++,27.666305160320796,36.02767738655108,0
5.5254529391317835,4.04305126783455,3266.7424421296296,8.943853366542449,479.0837037037037,10,1,1,27,1,C++,27.952157728257347,6.261283331129646,0
6.391917113392602,1.6094379124341003,3966.874398148148,10.860710193424088,394.0346875,3,1,1,34,1,C++,54.87670597829453,0.36830004012278206,0
4.276666119016055,3.784189633918261,2507.6991550925927,6.8657061056607604,0.756875,3,1,1,116,1,C++,10.341252437452958,6.263012039584186,0
6.282266746896006,4.330733340286331,3988.282349537037,10.919321969985043,876.7783564814815,0,0,1,43,1,C++,48.90413539117681,6.868558341457416,0
5.717027701406222,6.428105272684596,2490.4509143518517,6.8184829961720785,2.7991435185185187,17,1,1,116,1,C++,44.43803704872555,90.63599635680656,0
5.438079308923196,1.791759469228055,3141.694722222222,8.60149136816488,1125.3768402777778,16,1,1,86,1,C++,26.62329010147655,0.5812945437003613,0
4.430816798843313,1.9459101490553132,1643.1553356481481,4.498714129084594,36.41186342592592,20,1,1,173,1,C++,18.44971643416893,1.3337144410242598,0
5.3230099791384085,1.0986122886681098,3092.0255208333333,8.465504506046088,2.619502314814815,7,1,1,74,1,C++,24.097795926315154,0.23625290123838386,0
4.74493212836325,5.198497031265826,811.0225231481481,2.2204586533830204,0.08064814814814815,16,1,1,99,1,C++,51.340744321590144,81.06433313935285,0
6.501289670540389,5.231108616854587,3663.940949074074,10.031323611427991,810.5052546296296,0,0,1,68,1,C++,66.2923484237326,18.54192001024701,0
5.993961427306569,5.049856007249537,3596.775405092593,9.847434373970138,29.113738425925927,14,1,1,38,1,C++,40.619717259281835,15.740140437971709,0
4.844187086458591,3.8918202981106265,4481.935844907407,12.270871580855324,2448.361377314815,0,0,1,78,1,C++,10.268219267862092,3.911702578233178,0
5.641907070938114,2.995732273553991,3715.7120717592593,10.17306522042234,12.72644675925926,20,1,1,125,1,C++,27.62195994142404,1.8676770067155046,0
4.997212273764115,3.912023005428146,2510.6111921296297,6.87367882855477,288.9778703703704,0,0,1,66,1,C++,21.38592792397133,7.128642641323777,0
5.170483995038151,0.0,760.0286458333334,2.080845026237737,21.98122685185185,9,1,1,140,1,C++,84.10044851653754,0.0,0
6.0473721790462776,5.062595033026967,3312.173761574074,9.06823754024387,2448.1900462962963,1,1,1,14,1,C++,46.536054897901494,17.313176822205058,0
6.490723534502507,2.302585092994046,3868.1208333333334,10.590337668263746,0.43939814814814815,3,1,1,21,1,C++,62.132107644862,0.8498312595801795,0
6.349138991379798,2.9444389791664403,3913.888217592593,10.715641937282937,155.3885300925926,3,1,1,59,1,C++,53.2865882736637,1.6797873711487683,0
11.24151036498232,8.00736706798333,3951.3991435185185,10.818341255355287,0.008877314814814815,8,1,1,54,1,C++,7046.2743040450105,277.4917086770536,1
10.025306875857222,7.759614150696903,1270.6639583333333,3.478888318503308,0.01136574074074074,1,1,1,22,1,C++,6493.453635705874,673.4910078999054,1
10.135907940630547,7.069874128458572,4252.697106481482,11.643250120414734,0.011805555555555555,8,1,1,56,1,C++,2167.0924990058734,100.91683918563336,1
9.767324127723256,6.61472560020376,4890.379513888889,13.389129401475397,0.1226388888888889,9,1,1,75,1,C++,1303.5201525557584,55.64215399381424,1
10.187538038753859,9.843100402521033,4622.783680555555,12.65649193855046,0.6243287037037037,7,1,1,51,1,C++,2099.23888301729,1487.536996144624,1
9.165865881874353,7.47477218239787,3307.6775925925926,9.055927700458843,0.3262615740740741,11,1,1,86,1,C++,1056.1038378779695,194.56869116906967,1
10.950420507400779,7.920083199053234,5157.0512615740745,14.119236855781176,0.009583333333333333,5,1,1,35,1,C++,4035.4164025990217,194.84055888428506,1
10.580606972018876,6.5722825426940075,5734.817627314815,15.701074955002914,0.010208333333333333,5,1,1,37,1,C++,2507.025800004704,45.474593430464104,1
9.023408202624545,6.650279048587422,1253.669837962963,3.4323609526706718,461.61721064814816,2,1,1,84,1,C++,2416.4125260621427,224.91806970339692,1
9.285818833152089,6.194405391104672,4402.700775462963,12.053937783608387,6.8056018518518515,7,1,1,50,1,C++,894.562440388843,40.567655879638714,1
9.395906658935026,7.117205503164344,4424.850219907407,12.114579657515147,0.7578703703703704,15,1,1,81,1,C++,993.6787193877055,101.69564564592567,1
9.69720111828834,5.755742213586912,4388.7929513888885,12.015860236519886,0.016909722222222222,8,1,1,51,1,C++,1354.1269355436941,26.215351527027448,1
8.052933036797567,6.285998094508865,824.0666203703704,2.256171445230309,0.007615740740740741,2,1,1,29,1,C++,1392.6246636275755,237.57059825091673,1
7.804659297056102,5.973809611869261,2120.852152777778,5.806576735873451,0.4128587962962963,20,1,1,106,1,C++,422.1075706892057,67.50965634849801,1
8.719970756777574,7.121252453244542,1436.6857523148149,3.933431217836591,1.2917708333333333,6,1,1,39,1,C++,1556.6561764788362,314.48369921677613,1
8.92052268739398,4.948759890378168,4807.087696759259,13.161088834385378,0.225625,19,1,1,19,1,C++,568.5699788340845,10.637417751807007,1
9.091669442258505,8.899048433885268,3743.10125,10.248052703627653,0.010381944444444444,17,1,1,63,1,C++,866.5060823561745,714.6723589162863,1
7.949444420250626,6.3578422665081,4160.587303240741,11.39106722310949,1.8977199074074074,20,1,1,102,1,C++,248.70365037022918,50.56593809151148,1
8.237214703349489,7.205635176410364,3320.3352893518518,9.090582585494461,1.0963078703703704,0,0,1,47,1,C++,415.59492633931166,148.0653178540798,1
9.339436945310593,7.206377291472252,4284.663344907407,11.730768911450806,0.0190625,0,0,1,56,1,C++,969.8426493505059,114.82623263383418,1
7.457609289715606,6.4967749901858625,887.4501273148148,2.429706029609349,0.41748842592592594,4,1,1,28,1,C++,712.8434382156399,272.4609446297654,1
9.0831885863157,2.3978952727983707,2606.0891319444445,7.135083181230512,108.20060185185186,4,1,1,6,0,C++,1234.0430764931173,1.4015253566077426,1
8.267448958304849,7.069874128458572,5757.050208333333,15.761944444444444,67.8364699074074,8,1,1,171,1,C++,247.05073753590753,74.5466401141991,1
8.214465160759186,6.710523109452428,2988.8259375,8.182959445585215,0.008020833333333333,5,1,1,65,1,C++,451.30371530710795,100.2082443952961,1
8.413830678421084,5.638354669333745,3492.782650462963,9.56271772885137,0.6456828703703704,0,0,1,74,1,C++,471.41410295935617,29.28037906579852,1
7.637234388789473,4.990432586778736,1720.4688541666667,4.710387006616473,0.3432175925925926,16,1,1,43,1,C++,440.09122755479507,30.995330064158264,1
8.223090551161533,5.768320995793772,757.0739351851852,2.0727554693639565,36.209722222222226,0,0,1,43,1,C++,1797.1246753689907,153.90141515240484,1
8.48632152774915,7.902487437162855,5323.053009259259,14.573724871346363,0.02861111111111111,6,1,1,29,1,C++,332.5848431192608,185.4707718075845,1
9.295232838994146,6.208590026096629,4052.823761574074,11.096026725733262,0.6487037037037037,0,0,1,49,1,C++,980.9817756437211,44.70068541288798,1
9.013473543740192,6.003887067106539,4387.566828703703,12.012503295561132,174.28306712962964,0,0,1,129,1,C++,683.6210403400684,33.63162448823522,1
9.085457189829492,7.59890045687141,4395.464768518518,12.034126676299845,0.5118171296296297,15,1,1,63,0,C++,733.3311537579259,165.77854410731584,1
7.584264818389059,5.2832037287379885,1629.6283912037038,4.46167937358988,0.6642476851851852,4,1,1,119,1,C++,440.64125531686307,43.92964702039937,1
8.996528148090857,1.0986122886681098,3126.0446527777776,8.558643813217735,373.16125,13,1,1,353,1,C++,943.3737606337509,0.23368188274306437,1
8.722905701000768,6.313548046277095,2636.6509837962963,7.218756971379319,0.20575231481481482,17,1,1,71,1,C++,850.7004771524553,76.32893061569824,1
8.969032850034301,3.295836866004329,3699.0238541666668,10.127375370750627,324.83523148148146,16,1,1,140,1,C++,775.6205050606115,2.5672989346372885,1
9.821083726281312,7.069874128458572,4736.676597222222,12.968313750095064,761.4886342592592,3,1,1,47,1,C++,1420.1537960064388,90.60545747448366,1
8.992433087457218,5.886104031450156,3416.8663773148146,9.354870300656577,759.3714699074075,20,1,1,102,1,C++,859.552269734369,38.37573247539342,1
7.036148493750536,6.274762021241939,1943.6762152777778,5.321495455928208,1.212951388888889,0,0,1,22,1,C++,213.47382693608859,99.59606362335118,1
7.450079569807499,5.521460917862246,2317.547800925926,6.345100070981316,0.34322916666666664,7,1,1,140,1,C++,270.917713002144,39.24287989385333,1
8.176672771948455,6.610696044717759,2829.642650462963,7.747139357872589,0.009722222222222222,7,1,1,31,1,C++,459.00813651769636,95.7772883284957,1
7.500529485395295,6.898714534329988,3799.7230324074076,10.403074695160596,0.11787037037037038,0,0,1,27,1,C++,173.79477250519628,95.16417299786744,1
8.694502206386648,8.32069157104845,5105.103518518518,13.977011686566785,0.009224537037037036,16,1,1,91,1,C++,427.0583822818698,293.8396341148667,1
8.875985891325971,6.93537044601511,4504.928877314815,12.333823072730498,0.023703703703703703,5,1,1,30,1,C++,580.2742554191319,83.26696385572845,1
7.817222785508166,5.393627546352362,1408.045474537037,3.85501841077902,1.044212962962963,12,1,1,75,1,C++,643.8360950650917,56.809067211625745,1
7.370230641807081,8.55333223803211,3093.672673611111,8.470014164575252,0.09818287037037036,1,1,1,73,1,C++,187.36686493836385,611.9234158636042,1
8.840869624091395,7.3938782901077555,5023.192916666667,13.752752680812229,0.30943287037037037,2,1,1,83,1,C++,502.4448676111799,118.1581635120358,1
8.230044310126114,6.434546518787453,2627.2790393518517,7.193097985905138,12.100219907407407,2,1,1,42,1,C++,521.4721122039596,86.47178186906501,1
7.123672785204607,5.648974238161206,1725.0370833333334,4.722894136436231,0.01,15,1,1,44,1,C++,262.5508775294444,59.9208857587361,1
8.381373468273702,0.6931471805599453,732.8444212962963,2.0064186756914344,0.15222222222222223,17,1,1,230,1,C++,2175.0196271952645,0.49840046452687087,1
7.602900462204755,6.579251212010101,3400.631423611111,9.31042141987984,2.085787037037037,9,1,1,80,1,C++,215.13526720961798,77.22529062591879,1
8.677950570294351,6.144185634125646,5204.586828703704,14.249382145663802,0.19289351851851852,0,0,1,58,1,C++,412.01786435256713,32.63299385521099,1
8.595819511871428,3.912023005428146,4322.392511574074,11.834065740106979,24.002060185185186,5,1,1,25,1,C++,456.9858000426413,4.140588794765057,1
8.826881344130634,6.525029657843462,731.0318287037037,2.0014560676350546,1.7352546296296296,3,1,1,36,1,C++,3404.5213932931874,340.25228483015275,1
8.64135583403666,2.70805020110221,5727.107731481481,15.679966410626916,1374.6325694444445,4,1,1,27,1,C++,360.97016101794713,0.892859055521424,1
8.584103896698863,7.983098940710892,4175.450671296297,11.431760907039827,0.9890393518518519,4,1,1,29,1,C++,467.5570144848358,256.30347098981645,1
8.646465527120377,1.9459101490553132,4143.162893518518,11.343361789236189,5.807766203703704,20,1,1,214,1,C++,501.5268053425167,0.5289437215776235,1
8.6278397115033,7.53689712956617,3675.824097222222,10.063857897939005,0.10841435185185185,8,1,1,55,1,C++,554.8568011024437,186.31026183149748,1
9.09301972939964,6.066108090103747,4589.726423611111,12.565986101604686,0.07626157407407408,6,1,1,186,1,C++,707.6245292730734,34.219359827645256,1
7.549082710812286,6.806829360392176,3837.792662037037,10.507303660607905,7.761342592592593,12,1,1,103,1,C++,180.63625657985318,85.94022112308083,1
8.6652683094816,3.4965075614664802,6437.776944444445,17.62567267472812,0.035729166666666666,4,1,1,20,1,C++,328.89524882144224,1.8155335453314045,1
8.480944058741116,5.318119993844216,4341.482743055555,11.886331945395085,0.6483680555555555,5,1,1,61,1,C++,405.59190355336796,17.078439415335758,1
7.777373602657861,6.831953565565855,3568.037511574074,9.768754309579942,56.63954861111111,6,1,1,63,1,C++,244.14576561323668,94.79202472027553,1
7.699389406256737,4.867534450455582,1007.4724652777778,2.7583092820746824,0.022291666666666668,1,1,1,41,1,C++,799.7652817021088,46.767779392371736,1
8.172164452111904,7.8168199657645525,5680.229583333334,15.551621035820215,0.1757986111111111,4,1,1,43,1,C++,227.6290035518664,159.53320842151993,1
7.52294091807237,7.210079628170788,5054.219664351852,13.837699286384263,157.1966087962963,0,0,1,46,1,C++,133.6204785010281,97.70410326305569,1
9.206432747145165,6.953684210870537,3345.660127314815,9.159918213045351,137.93694444444444,5,1,1,35,1,C++,1087.3459531347332,114.19315933523403,1
8.313852267398207,5.0238805208462765,3742.8258449074074,10.247298685578118,438.91753472222223,10,1,1,175,1,C++,398.05612436580174,14.735590776963978,1
6.875232087276577,6.774223886357614,3513.119664351852,9.61839743833498,0.32947916666666666,20,1,1,195,1,C++,100.53649853830485,90.8675281514772,1
8.200013648175434,5.6131281063880705,4487.681307870371,12.286601801150912,20.628020833333334,20,1,1,51,1,C++,296.2576682235306,22.219325116764793,1
7.488852955733459,7.176254532017144,2603.525891203704,7.1280654105508665,5.601168981481481,4,1,1,188,1,C++,250.6991584778258,183.3597090825508,1
7.374629015218945,5.3612921657094255,1086.5705324074074,2.9748679874261668,5.625532407407407,9,1,1,43,1,C++,535.8220958836956,71.26366645379139,1
8.044947049617722,0.0,3664.8436458333335,10.033795060460871,72.02893518518519,7,1,1,82,1,C++,310.65015591985093,0.0,1
8.724369949208368,6.697034247666484,4032.935185185185,11.041574771212007,0.008391203703703705,8,1,1,49,1,C++,556.9857676492398,73.26853431353416,1
8.37216741936598,2.9444389791664403,4359.812222222222,11.936515324359267,0.01929398148148148,5,1,1,44,1,C++,362.2497757930961,1.507977790073018,1
7.771488760117616,6.741700694652055,4503.374560185185,12.32956758435369,2.5072685185185186,7,1,1,152,1,C++,192.30195899236693,68.61554504746623,1
7.15305163493748,4.912654885736052,3084.42,8.444681724845996,0.7715509259259259,20,1,1,146,1,C++,151.21943509638766,15.98639290369016,1
7.739794458408701,1.6094379124341003,4244.755613425926,11.621507497401577,33.94506944444444,20,1,1,44,1,C++,197.65077813817015,0.34418942644870726,1
8.70317470904168,7.30854279753919,3669.1631712962962,10.045621276649682,0.1359027777777778,8,1,1,125,1,C++,599.3656175348137,148.52242175086232,1
8.410943391573527,7.116394144093465,3349.998946759259,9.171797253276548,0.05444444444444444,20,1,1,95,1,C++,490.08933318867236,134.2157884661303,1
7.994632311431825,2.4849066497880004,5015.768981481481,13.732427054021851,1.7340972222222222,12,1,1,27,1,C++,215.83948622774048,0.8010237343134767,1
7.86172707782398,6.452048954437226,4416.601770833333,12.091996634725072,6.764652777777778,5,1,1,72,1,C++,214.6047570463123,52.34867484019872,1
8.082093278178382,4.2626798770413155,4775.127060185185,13.073585380383806,783.1347800925926,0,0,0,0,1,C++,247.44550984873203,5.354307786525886,1
7.942717540573791,6.51471269087253,1879.6857407407408,5.146299084848025,0.05637731481481482,3,1,1,94,1,C++,546.8007112694073,130.9679031256505,1
6.841615476477592,2.9444389791664403,3704.247349537037,10.141676521661976,2.252361111111111,2,1,1,72,1,C++,92.19382988630129,1.7748544790945702,1
4.941642422609304,1.9459101490553132,5231.792361111111,14.32386683397977,2.7109375,12,1,1,45,1,C#,9.704083513975254,0.41888130276152175,0
4.983606621708336,2.5649493574615367,2017.8107291666668,5.524464693132558,5.646979166666667,0,0,0,0,0,C#,26.246886902951697,2.1721561574856576,0
4.941642422609304,3.828641396489095,2903.176284722222,7.9484634763099855,583.6261805555556,0,0,0,0,1,C#,17.48765662876641,5.661471570463945,0
3.367295829986474,2.6390573296152584,4212.50318287037,11.533205155018125,1849.3843171296296,4,1,1,52,1,C#,2.427772646341692,1.1271801572300715,0
3.1780538303479458,1.0986122886681098,2554.140104166667,6.992854494638376,2232.8791087962964,3,1,1,35,0,C#,3.2890717256643573,0.28600623701429195,0
3.4011973816621555,0.0,3622.7919444444447,9.918663776713059,3195.802210648148,0,0,1,34,1,C#,2.923780929855281,0.0,0
3.1354942159291497,0.0,1697.7315509259258,4.64813566304155,1539.6970023148149,0,0,1,30,1,C#,4.733080442321707,0.0,0
3.9512437185814275,2.772588722239781,3410.6340856481484,9.337807216011358,1836.3291782407407,0,0,1,36,1,C#,5.4616676935192325,1.6063728510350683,0
4.68213122712422,0.6931471805599453,2110.1982175925928,5.777407851040637,552.3823842592593,0,0,1,12,0,C#,18.520416553372975,0.17308800517171005,0
4.442651256490317,2.4849066497880004,2919.6795949074076,7.99364707709078,2602.0657407407407,6,1,1,63,1,C#,10.508344838082479,1.3760927764155628,0
3.8918202981106265,2.0794415416798357,2850.467835648148,7.804155607524019,24.365891203703704,0,0,1,42,1,C#,6.150569313831082,0.8969580249336995,0
3.7376696182833684,3.6635616461296463,3996.713344907407,10.942404777296119,2313.857789351852,0,0,1,77,1,C#,3.746891184748436,3.4727284151326967,0
4.248495242049359,0.6931471805599453,3535.1241782407405,9.678642514006134,3207.9938194444444,0,0,1,138,0,C#,7.129098930986332,0.10332027436212077,0
2.302585092994046,1.0986122886681098,498.9549074074074,1.3660640859887951,31.659479166666667,4,1,1,106,0,C#,6.588270705825305,1.464060156850068,0
3.7612001156935624,2.0794415416798357,5403.490034722222,14.793949444824701,2160.570150462963,0,0,1,21,1,C#,2.838998480875076,0.4731664134791793,0
3.091042453358316,0.0,3102.5975810185187,8.494449229345705,41.571979166666665,20,1,1,41,1,C#,2.472202662351724,0.0,0
3.4339872044851463,1.0986122886681098,3100.1213773148147,8.48766975308642,1779.765925925926,0,0,1,39,1,C#,3.5345390281108577,0.2356359352073905,0
3.58351893845611,3.4339872044851463,4377.692754629629,11.985469554085228,2027.7468402777777,0,0,1,32,0,C#,2.920202653893548,2.5030308461944695,0
2.3978952727983707,3.6375861597263857,599.7087847222223,1.6419131683017723,4.544768518518518,11,1,1,53,1,C#,6.090456056420439,22.534687408755623,0
3.367295829986474,1.791759469228055,3440.5591550925924,9.419737590944811,413.08318287037036,9,1,1,46,1,C#,2.9724819539470384,0.530800348919114,0
4.02535169073515,0.6931471805599453,3290.7087962962964,9.009469668162344,2946.5572337962963,0,0,1,52,1,C#,6.104687847982768,0.1109943245087776,0
4.912654885736052,3.4339872044851463,3140.8321180555554,8.599129686668187,7.722546296296296,7,1,1,35,1,C#,15.699263171864898,3.4887251493033107,0
2.8903717578961645,2.302585092994046,1078.086099537037,2.9516388762136536,949.1205555555556,0,0,1,54,1,C#,5.759512160175742,3.049153496563628,0
3.58351893845611,1.9459101490553132,4162.494143518518,11.396287867264936,1180.691111111111,0,0,1,35,1,C#,3.0711754921999757,0.5264872272342815,0
3.258096538021482,3.2188758248682006,4028.5449305555558,11.029554909118565,488.8748263888889,0,0,1,108,1,C#,2.266637249281158,2.175971759309912,0
3.4657359027997265,2.9444389791664403,3723.6549652777776,10.194811677694121,2048.6171180555557,0,0,1,176,1,C#,3.0407623975857128,1.7656039727917043,0
4.955827057601261,3.6635616461296463,6214.751620370371,17.01506261566152,2548.2475,0,0,1,44,1,C#,8.286775264066117,2.233315319393705,0
4.219507705176107,2.3978952727983707,5565.909097222222,15.238628602935584,419.7605439814815,0,0,1,141,1,C#,4.396721105670431,0.6562270306970793,0
4.709530201312334,2.0794415416798357,3722.363298611111,10.191275287094076,3244.2834375,0,0,1,20,1,C#,10.7935461363997,0.6868620268617991,0
4.820281565605037,1.0986122886681098,4581.830023148148,12.544366935381651,4010.709027777778,0,0,1,47,1,C#,9.805197873563145,0.1594341117652544,0
3.4339872044851463,0.6931471805599453,337.87033564814817,0.9250385644028697,16.081435185185185,0,0,1,53,1,C#,32.431080340272715,1.0810360113424238,0
4.795790545596741,0.0,3059.2005208333335,8.375634553958477,3063.173391203704,0,0,0,0,0,C#,14.327272665363106,0.0,0
4.90527477843843,0.0,2877.2088541666667,7.87736852612366,231.1504050925926,14,1,1,124,1,C#,17.01075677183526,0.0,0
2.772588722239781,2.0794415416798357,182.42464120370371,0.4994514475118514,41.65850694444445,0,0,1,102,1,C#,30.032949298127857,14.015376339126334,0
4.110873864173311,0.6931471805599453,3138.7316319444444,8.593378869115522,3030.9589814814813,0,0,1,13,1,C#,6.982119712612593,0.11636866187687656,0
4.276666119016055,1.3862943611198906,2652.7747685185186,7.262901488072604,2651.631238425926,0,0,0,0,1,C#,9.775707424449958,0.4130580601880264,0
3.367295829986474,1.0986122886681098,3849.4566666666665,10.539237964864247,2590.382824074074,10,1,1,261,1,C#,2.6567385700319615,0.1897670407165687,0
3.7376696182833684,0.0,2972.846585648148,8.139210364539762,2825.818460648148,0,0,1,79,0,C#,5.037343693514226,0.0,0
3.9512437185814275,0.6931471805599453,2113.8775810185184,5.787481399092453,287.2780902777778,0,0,1,31,1,C#,8.812123354383035,0.172786732438883,0
2.3978952727983707,0.6931471805599453,2630.9988078703705,7.203282157071514,2388.7349305555554,0,0,1,75,1,C#,1.3882560452227917,0.13882560452227918,0
2.833213344056216,1.3862943611198906,2104.4846643518517,5.761764994803153,278.9018634259259,4,1,1,45,1,C#,2.7769268643256475,0.5206737870610589,0
4.553876891600541,1.0986122886681098,2650.539108796296,7.256780585342358,32.08751157407407,0,0,1,83,1,C#,12.953402530850436,0.27560430916703055,0
2.302585092994046,0.6931471805599453,2532.780162037037,6.934374160265673,930.0305555555556,18,1,1,156,1,C#,1.297882085966816,0.14420912066297956,0
4.0943445622221,1.3862943611198906,2905.1028356481484,7.9537380852789825,75.98659722222222,0,0,1,180,1,C#,7.417895757618544,0.377181140217892,0
5.075173815233827,4.007333185232471,5530.537974537037,15.141787746850206,1119.906875,0,0,1,75,1,C#,10.500741567525617,3.5662895889709643,0
3.7376696182833684,0.6931471805599453,2196.1019097222224,6.012599342155298,2188.2180439814815,3,1,1,107,0,C#,6.819014151257748,0.1663174183233597,0
2.9444389791664403,1.3862943611198906,213.78091435185186,0.585300244632038,3.8265162037037035,0,0,1,30,1,C#,30.753446910510178,5.125574485085029,0
2.0794415416798357,2.302585092994046,970.4876157407407,2.6570502826577433,18.02769675925926,3,1,1,55,1,C#,2.634500387775189,3.387214784282386,0
3.4657359027997265,0.6931471805599453,2307.9893055555553,6.318930336907749,2265.0108333333333,0,0,1,66,0,C#,4.905893616034112,0.15825463277529392,0
2.995732273553991,2.302585092994046,1876.217314814815,5.136803052196618,6.073819444444444,10,1,1,53,1,C#,3.698798612081332,1.7520625004595782,0
4.997212273764115,2.6390573296152584,3631.1922222222224,9.941662483839076,0.8805092592592593,2,1,1,19,1,C#,14.7862593644634,1.3076283791702326,0
4.442651256490317,0.0,3652.4397106481483,9.999834936750577,0.3612384259259259,3,1,1,85,1,C#,8.400138655418207,0.0,0
4.6443908991413725,3.6888794541139363,5132.460138888889,14.051910031181079,1012.785300925926,0,0,1,25,1,C#,7.329964380034017,2.7754234060322975,0
4.343805421853684,3.258096538021482,4766.205555555555,13.049159631911172,2160.5989236111113,0,0,1,24,1,C#,5.824129840066114,1.9158321842322743,0
4.406719247264253,1.0986122886681098,4190.792083333334,11.473763404061147,3668.0881018518517,0,0,1,54,0,C#,7.0595843009391315,0.17431072347997856,0
3.8066624897703196,2.1972245773362196,2460.874027777778,6.737505893984333,20.2778125,5,1,1,67,1,C#,6.530606531904626,1.187383005800841,0
3.58351893845611,0.0,3337.9905208333334,9.138919974903034,2496.7868518518517,4,1,1,37,1,C#,3.8297742070305585,0.0,0
3.4011973816621555,2.70805020110221,3056.797002314815,8.369054078890663,2324.86087962963,0,0,1,38,0,C#,3.465146685232558,1.6728294342502004,0
3.1780538303479458,1.6094379124341003,2519.675810185185,6.898496400233224,510.4947916666667,11,1,1,61,1,C#,3.334059868353692,0.5798364988441204,0
4.219507705176107,3.4339872044851463,4399.821886574074,12.046055815397875,1071.548912037037,5,1,1,70,0,C#,5.561986514652973,2.490441722978943,0
3.9512437185814275,1.3862943611198906,857.5665972222222,2.3478893832230585,617.4741666666666,0,0,1,106,1,C#,21.721636617305155,1.277743330429715,0
4.007333185232471,3.4965075614664802,1956.6553356481481,5.357030350850509,414.6769444444444,7,1,1,157,1,C#,10.080211696285554,5.973458782984032,0
3.4657359027997265,1.0986122886681098,2685.5256712962964,7.35256857302203,2412.885335648148,0,0,1,164,0,C#,4.216213652701573,0.2720137840452627,0
3.091042453358316,2.6390573296152584,927.0106712962963,2.5380168960884224,2.938877314814815,9,1,1,75,1,C#,8.274176595264233,5.1221093208778585,0
4.219507705176107,1.791759469228055,2105.9463194444443,5.765766788348923,71.01241898148149,2,1,1,31,1,C#,11.620310439088367,0.8671873462006244,0
3.6888794541139363,3.8066624897703196,1268.5141319444444,3.4730024146322913,34.30020833333333,6,1,1,31,1,C#,11.22947678806298,12.669153299353107,0
4.477336814478207,3.58351893845611,3018.141666666667,8.263221537759526,14.757881944444444,0,0,1,24,1,C#,10.528581329018683,4.235636166846597,0
4.143134726391533,2.5649493574615367,4185.817488425926,11.460143705478236,2413.6678587962965,0,0,1,49,1,C#,5.410054323346961,1.0471072883897345,0
3.9512437185814275,0.0,1836.228125,5.027318617385353,1806.3334375,8,1,1,86,1,C#,10.144572859104857,0.0,0
3.9318256327243257,0.0,1769.329548611111,4.844160297361015,749.0596296296296,12,1,1,175,1,C#,10.321706329007904,0.0,0
4.23410650459726,3.713572066704308,3052.2281597222222,8.35654526960225,1183.517326388889,0,0,1,36,1,C#,8.137334006596799,4.786667062703999,0
3.2188758248682006,2.6390573296152584,1748.9576967592593,4.788385206733085,0.022314814814814815,2,1,1,56,1,C#,5.012128089914929,2.7149027153705867,0
3.1780538303479458,0.6931471805599453,808.3076967592592,2.2130258638172737,716.0476620370371,5,1,1,81,1,C#,10.393010030315251,0.45187000131805444,0
3.6375861597263857,1.0986122886681098,1164.6466898148149,3.188628856440287,567.5862962962963,0,0,1,70,1,C#,11.603733662909255,0.6272288466437435,0
3.5263605246161616,1.0986122886681098,3581.497476851852,9.805605686110477,2766.9533217592593,0,0,1,102,0,C#,3.3654218878844073,0.2039649629020853,0
3.970291913552122,0.0,4649.929178240741,12.730812260754938,245.03510416666666,0,0,1,101,1,C#,4.0845783391449055,0.0,0
4.736198448394496,3.8501476017100584,1837.8885185185186,5.031864527086977,122.586875,5,1,1,115,1,C#,22.456884399751004,9.141740552111028,0
4.77912349311153,1.9459101490553132,2293.781226851852,6.28003073744518,204.67311342592592,0,0,1,42,0,C#,18.789716950972178,0.9554093364901107,0
3.4011973816621555,0.0,2486.34125,6.807231348391513,2486.2839930555556,0,0,1,54,0,C#,4.260175468673095,0.0,0
2.833213344056216,1.6094379124341003,2311.9772800925925,6.3298488161330395,1642.545949074074,0,0,1,323,1,C#,2.5277065005439643,0.6319266251359911,0
1.6094379124341003,0.6931471805599453,67.68755787037037,0.18531843359444317,57.980625,15,1,1,95,1,C#,21.584469080683732,5.396117270170933,0
4.343805421853684,1.9459101490553132,3421.1828472222223,9.366688151190205,72.8939236111111,6,1,1,51,0,C#,8.113860392623709,0.6405679257334507,0
5.209486152841421,1.0986122886681098,4684.185266203704,12.824600318148402,4521.252303240741,0,0,1,80,1,C#,14.191475405471108,0.15595027918100118,0
3.091042453358316,0.0,2092.395578703704,5.7286668821456646,790.9492476851852,0,0,1,122,1,C#,3.665774329704868,0.0,0
6.354370040797351,3.6635616461296463,1889.729074074074,5.173796232920121,1868.8096412037037,0,0,1,77,0,C#,110.94368122728154,7.344703635255573,0
6.206575926724928,6.161207321695077,3658.2975810185185,10.015872911755013,0.8450347222222222,4,1,1,43,1,C#,49.42155360408467,47.2250401105698,0
4.532599493153256,3.4657359027997265,3890.2413657407405,10.650900385327148,1298.5777777777778,0,0,1,126,1,C#,8.63776738788588,2.9105520546137207,0
6.602587892189336,4.882801922586371,6255.803935185185,17.127457728090857,751.5257986111111,6,1,1,36,1,C#,42.97193498792769,7.64853734160126,0
5.783825182329737,3.6109179126442243,1211.1503125,3.315948836413415,23.120289351851852,19,1,1,216,1,C#,97.7095896179278,10.856621068658646,0
4.499809670330265,6.486160788944089,394.8229050925926,1.0809662014855375,0.921863425925926,7,1,1,66,1,C#,82.33374908270964,605.939389316571,0
6.48768401848461,0.0,4256.746701388889,11.654337307019546,0.15797453703703704,5,1,1,60,1,C#,56.288056773925994,0.0,0
5.916202062607435,6.230481447578482,4426.968819444444,12.120380066925241,322.8516898148148,5,1,1,191,1,C#,30.52709551655697,41.83037142403887,0
5.846438775057725,3.5263605246161616,2195.7996527777777,6.011771807742034,82.81351851851852,19,1,1,97,1,C#,57.38740774486895,5.489230306030943,0
5.327876168789581,0.6931471805599453,3098.0329976851854,8.481952081273608,1172.1810416666667,3,1,1,22,1,C#,24.16896464819667,0.11789738852778864,0
5.181783550292085,4.584967478670572,3961.602650462963,10.846276934874643,1413.5893287037038,7,1,1,40,0,C#,16.318963738689167,8.943160918942652,0
4.418840607796598,1.9459101490553132,1204.8199421296297,3.2986172269120595,44.99434027777778,12,1,1,120,1,C#,24.858901278692105,1.8189439960018614,0
6.396929655216146,2.0794415416798357,2134.4983912037037,5.843938100489264,35.88804398148148,7,1,1,145,1,C#,102.4993745142254,1.1978224066770915,0
5.978885764901122,4.356708826689592,3826.974641203704,10.477685533754151,908.0363078703704,8,1,1,61,1,C#,37.60372448005985,7.348951230874642,0
7.508238774678663,3.8066624897703196,3080.5089930555555,8.433973971404669,0.6432523148148148,12,1,1,137,1,C#,216.03102003604454,5.216994995381976,0
6.498282149476434,5.159055299214529,4245.8332175925925,11.624457816817502,852.1480324074074,0,0,1,19,1,C#,57.03491813964993,14.882414537193723,0
4.897839799950911,2.1972245773362196,1965.0873958333334,5.380116073465663,21.451435185185186,0,0,1,77,1,C#,24.720656243077396,1.486956766500896,0
4.997212273764115,2.5649493574615367,2577.6077199074075,7.057105324866277,6.58462962962963,7,1,1,96,1,C#,20.83007029554082,1.7004139016768018,0
5.627621113690637,3.044522437723423,3902.896539351852,10.685548362359622,58.642673611111114,14,1,1,75,1,C#,25.92286241254088,1.8716868167899552,0
5.442417710521793,2.6390573296152584,5169.342835648148,14.15288935153497,54.05050925925926,0,0,1,67,1,C#,16.251098576917443,0.9185403543475077,0
6.39024066706535,6.795705775173514,3553.5371875,9.72905458590007,5.1596064814814815,15,1,1,81,1,C#,61.157021450194115,91.78692463029134,0
4.276666119016055,2.9444389791664403,471.1649074074074,1.2899792126143939,1.5760532407407408,17,1,1,151,1,C#,55.039646612680436,13.95371322574997,0
5.384495062789089,2.70805020110221,3698.447152777778,10.125796448399118,128.96368055555556,20,1,1,49,1,C#,21.43041301549248,1.3826072913220955,0
5.062595033026967,0.6931471805599453,2817.805266203704,7.714730366060791,0.1335300925925926,20,1,1,28,1,C#,20.350678837809543,0.12962215820260856,0
5.545177444479562,3.828641396489095,2944.331608796296,8.061140612720866,1951.088900462963,12,1,1,110,1,C#,31.63324053640719,5.582336565248328,0
6.008813185442595,4.605170185988092,3560.1397916666665,9.747131530914897,2107.2331481481483,4,1,1,86,1,C#,41.6532801175703,10.156834314382904,0
6.728628613084702,0.0,4592.60431712963,12.573865344639643,2827.152650462963,1,1,1,199,1,C#,66.40758248265864,0.0,0
5.288267030694535,2.302585092994046,2940.838888888889,8.05157806677314,186.73916666666668,0,0,1,54,1,C#,24.46725329696175,1.1177932978307399,0
5.736572297479192,5.318119993844216,4579.985069444445,12.539315727431745,592.5260069444445,4,1,1,92,1,C#,24.642492996967402,16.18908115982001,0
5.420534999272286,4.31748811353631,2759.847986111111,7.55605198113925,1203.8324652777778,11,1,1,180,1,C#,29.777455285064892,9.793474182643564,0
5.8664680569332965,2.70805020110221,3728.8472569444443,10.209027397520723,0.5267824074074074,20,1,1,344,1,C#,34.479288407579716,1.371335334392375,0
6.767343125265392,4.736198448394496,4527.938356481482,12.396819593378458,5.159224537037037,0,0,1,53,1,C#,70.0179585144263,9.115241143007111,0
5.056245805348308,3.6635616461296463,1403.9649189814816,3.843846458539306,188.22756944444444,0,0,0,0,1,C#,40.58434739333509,9.885930775299572,0
4.04305126783455,3.784189633918261,504.7665625,1.3819755304585901,0.42019675925925926,0,0,1,60,1,C#,40.521701553874216,31.114877978867703,0
4.948759890378168,3.6635616461296463,2589.197314814815,7.088835906406064,22.06542824074074,0,0,1,27,1,C#,19.749363908040852,5.3605416321825174,0
5.117993812416755,3.5553480614894135,1396.8785069444446,3.824444919765762,5.725636574074074,6,1,1,38,1,C#,43.40499170012026,8.890179022916199,0
6.272877006546167,3.4339872044851463,3960.0241435185185,10.8419552183943,0.7480555555555556,11,1,1,91,1,C#,48.79193737145367,2.767028584392458,0
5.43372200355424,3.258096538021482,3319.5837615740743,9.08852501457652,809.3992824074074,0,0,1,9,1,C#,25.086578915096233,2.750721372269324,0
5.811140992976701,2.833213344056216,1065.0540509259258,2.915959071665779,779.1872916666666,6,1,1,64,1,C#,114.19913373810472,5.487045464893921,0
4.0943445622221,0.0,476.12957175925925,1.3035717228179582,0.9465972222222222,14,1,1,134,1,C#,45.260263756303694,0.0,0
5.560681631015528,2.302585092994046,4581.660567129629,12.543902990087965,2326.517974537037,0,0,1,651,1,C#,20.647481107328282,0.717480038478589,0
6.182084906716632,5.755742213586912,3935.9207407407407,10.775963698126601,81.82180555555556,4,1,1,104,1,C#,44.821977275588765,29.231724310166587,0
8.07246736935477,4.812184355372417,4419.3651736111115,12.099562419195378,1833.9955902777779,5,1,1,139,1,C#,264.80296468548374,10.083009267050256,0
5.3471075307174685,3.091042453358316,1034.819085648148,2.8331802481811037,2.954513888888889,0,0,1,118,1,C#,73.76869160872401,7.412165185565571,0
6.401917196727186,5.181783550292085,4816.046076388889,13.185615541105786,4.240462962962963,9,1,1,46,1,C#,45.655813194559016,13.423719161855391,0
5.6937321388027,4.110873864173311,1925.4327777777778,5.2715476462088375,7.696666666666666,11,1,1,207,1,C#,56.15049315031339,11.381856719658119,0
6.238324625039508,3.4339872044851463,3885.890625,10.638988706365502,2645.457025462963,0,0,1,70,0,C#,48.03088095151932,2.819816885607788,0
6.836259277277067,5.420534999272286,3833.8870138888888,10.496610578751236,0.20836805555555554,0,0,1,23,1,C#,88.6000288400373,21.435490848396118,0
5.902633333401366,3.4339872044851463,2649.414074074074,7.253700408142571,383.0755324074074,10,1,1,53,1,C#,50.31914463826943,4.135820107255022,0
6.787844982309579,4.454347296253507,2906.028449074074,7.956272276725733,21.480960648148148,0,0,1,209,1,C#,111.35868270770366,10.683395067894821,0
5.147494476813453,1.0986122886681098,747.5569560185185,2.0466994004613785,47.88854166666667,0,0,1,24,1,C#,83.54915233837085,0.9771830682850392,0
5.267858159063328,4.060443010546419,4302.109814814815,11.77853474281948,0.2386574074074074,12,1,1,36,1,C#,16.385739331257493,4.8393116159672385,0
5.3706380281276624,3.332204510175204,3035.9944097222224,8.312099684386645,41.902233796296294,0,0,1,69,1,C#,25.745600765829987,3.248276732137428,0
5.680172609017068,3.1780538303479458,3529.778136574074,9.66400584962101,172.27126157407406,6,1,1,70,1,C#,30.21521349880508,2.379965446823688,0
6.0844994130751715,4.795790545596741,3600.8113310185186,9.85848413694324,234.7705439814815,0,0,1,86,1,C#,44.42873710763083,12.172256741816666,0
4.90527477843843,5.075173815233827,3065.8225231481483,8.393764608208484,0.06167824074074074,16,1,1,62,1,C#,15.964231337743003,18.942632706724908,0
6.037870919922137,4.8283137373023015,2231.466701388889,6.109422864856643,755.4151851851852,17,1,1,60,1,C#,68.41890130154026,20.29651617557654,0
6.621405651764134,5.389071729816501,3925.9015856481483,10.748532746469948,1832.8360648148148,18,1,1,126,1,C#,69.7769656278264,20.28183800915487,0
5.8377304471659395,1.0986122886681098,1991.9782291666668,5.453739162673968,291.1698842592593,0,0,1,110,1,C#,62.70926969531073,0.3667208754111739,0
4.465908118654584,5.37989735354046,1775.0219444444444,4.859745227773975,1061.6656134259258,10,1,1,107,1,C#,17.696400936514245,44.446774445198564,0
4.663439094112067,2.772588722239781,2663.625949074074,7.292610401297944,76.72532407407408,15,1,1,281,1,C#,14.398136500108661,2.0568766428726657,0
5.480638923341991,1.3862943611198906,536.5921412037037,1.4691092161634598,5.482152777777777,12,1,1,131,1,C#,162.68361628289435,2.042053760873151,0
5.755742213586912,2.6390573296152584,2902.8551967592593,7.947584385377849,1845.6880902777777,0,0,1,62,1,C#,39.63468454384006,1.6357171399045103,0
5.384495062789089,3.4339872044851463,3219.1841666666664,8.81364590463153,1296.3120601851851,0,0,0,0,0,C#,24.620911975368504,3.403812715488733,0
6.19644412779452,1.0986122886681098,3202.736782407407,8.768615420691054,280.8925925925926,9,1,1,35,1,C#,55.88111423426791,0.2280861805480323,0
6.0867747269123065,1.9459101490553132,4503.836944444444,12.330833523461859,1531.7442361111111,5,1,1,100,0,C#,35.60181062899887,0.48658511110249025,0
5.25227342804663,2.302585092994046,3828.953611111111,10.483103658072856,1976.8083564814815,0,0,1,50,1,C#,18.12440343978515,0.8585243734635073,0
6.647688373563329,5.049856007249537,5224.338101851852,14.303458184399322,369.09925925925927,10,1,1,78,1,C#,53.83313532106756,10.836540226968145,0
6.226536669287466,2.9444389791664403,4330.274131944445,11.855644440641875,1362.8372106481481,3,1,1,29,1,C#,42.595744375466346,1.5182641559572163,0
5.857933154483459,1.6094379124341003,1957.1566087962963,5.358402761933734,13.132222222222222,13,1,1,195,1,C#,65.13134893093653,0.7464911052256334,0
4.23410650459726,2.3978952727983707,1627.6188194444444,4.456177465966993,5.56693287037037,20,1,1,34,1,C#,15.25971542186863,2.2440757973336223,0
4.1588830833596715,4.406719247264253,1806.126712962963,4.944905442745963,3.9660300925925926,0,0,0,0,0,C#,12.740385176104677,16.380495226420297,0
5.0369526024136295,3.9318256327243257,3048.592199074074,8.346590551879737,1433.1695486111112,10,1,1,89,1,C#,18.330838088798167,5.990469963659532,0
5.594711379601839,2.833213344056216,3881.210914351852,10.62617635688392,69.93112268518519,0,0,1,21,1,C#,25.22073707410121,1.5057156462149974,0
6.309918278226516,0.0,3722.8522453703704,10.192613950363778,0.36618055555555556,10,1,1,310,1,C#,53.862532484162806,0.0,0
6.037870919922137,5.170483995038151,4190.695729166667,11.473499600730094,1800.780462962963,0,0,1,131,1,C#,36.431778842211436,15.252538988964119,0
6.380122536899765,2.3978952727983707,4481.11511574074,12.268624546860343,3.2352777777777777,19,1,1,174,1,C#,48.0086416982033,0.815087295385455,0
4.969813299576001,1.6094379124341003,2732.7669328703705,7.481908098207722,820.0344791666666,9,1,1,44,1,C#,19.11277151803768,0.5346229795255295,0
5.438079308923196,4.394449154672439,2880.814826388889,7.887241140010647,59.92533564814815,4,1,1,71,1,C#,29.034233382103857,10.142963626935845,0
5.209486152841421,1.6094379124341003,5552.707002314814,15.202483237001545,15.088368055555556,5,1,1,33,1,C#,11.97172837902084,0.2631149094290295,0
5.313205979041787,4.454347296253507,4795.35644675926,13.128970422338835,1597.540474537037,0,0,1,44,1,C#,15.385821850607467,6.474231966839776,0
5.910796644040527,6.484635235635252,3802.2331944444445,10.409947144269527,1020.5092939814815,20,1,1,66,1,C#,35.35080388977545,62.82452647802484,0
5.910796644040527,1.0986122886681098,1784.376226851852,4.885355857226152,81.1269212962963,9,1,1,138,1,C#,75.32716362016382,0.4093867588052381,0
5.459585514144159,2.1972245773362196,2332.7180902777777,6.386634059624306,726.7393055555556,0,0,1,87,0,C#,36.63901795772608,1.2526159985547378,0
9.668840589963489,3.1780538303479458,2590.2963194444446,7.091844817096358,1.037048611111111,11,1,1,79,1,C#,2230.1672425025804,3.2431617714693566,1
9.692025505995757,5.318119993844216,4978.1248842592595,13.629363132811115,608.1140162037037,3,1,1,24,1,C#,1187.6563741288594,14.894312963993233,1
8.592486175451668,6.393590753950631,2823.178715277778,7.729442067837859,0.48280092592592594,4,1,1,53,1,C#,697.3336435792362,77.23714011443488,1
9.040974526342444,7.3864708488298945,3883.4670254629627,10.632353252465332,0.27751157407407406,8,1,1,28,1,C#,793.8976254426816,151.70677287513865,1
7.957527402230773,6.124683390894205,2796.6908796296298,7.656922326159151,0.3773726851851852,20,1,1,72,1,C#,372.9958171630847,59.553954000828654,1
8.27052509505507,6.493753839851686,4710.473564814814,12.896573757193195,0.11037037037037037,20,1,1,231,1,C#,302.8711403151855,51.176383156175746,1
8.310169021981912,4.127134385045092,2598.820300925926,7.11518220650493,15.918310185185184,10,1,1,77,1,C#,571.1730047172312,8.57321685230096,1
9.301733800405394,8.330622620332868,4557.1975,12.476926762491445,0.011180555555555555,4,1,1,123,1,C#,878.1008503581422,332.4536625853938,1
7.465655310134056,5.8289456176102075,1798.3843171296296,4.923707918219383,187.9586574074074,19,1,1,34,1,C#,354.6107992188591,68.8505503637991,1
7.937374696163295,7.540090320145325,4652.6116319444445,12.738156418739068,0.09211805555555555,20,1,1,94,1,C#,219.73352406651236,147.66658048199704,1
8.662677858158219,6.159095388491933,2772.7071412037035,7.591258429031358,6.471921296296296,7,1,1,76,1,C#,761.6655465038333,62.17677930643537,1
8.63497622707262,5.225746673713202,4079.7839814814815,11.169839785028012,2080.457534722222,0,0,1,33,0,C#,503.4987169232612,16.56245779352833,1
7.60887062919126,4.465908118654584,170.1353472222222,0.4658051943113544,0.19892361111111112,14,1,1,203,1,C#,4325.842701215413,184.62653712383403,1
8.46653127661401,5.575949103146316,1281.7183333333332,3.5091535477983116,0.008148148148148147,5,1,1,71,1,C#,1354.1727186550347,74.94684869660651,1
7.763021309018518,5.805134968916488,3682.3924421296297,10.081841046213908,34.70923611111111,7,1,1,102,1,C#,233.1915360719642,32.8313051636836,1
7.438383530044307,7.057897937411856,2085.8763310185186,5.710818154739271,1.0314699074074074,17,1,1,38,1,C#,297.50553317654504,203.29836610828065,1
8.215817791832453,5.198497031265826,5687.979004629629,15.572837795016097,0.01824074074074074,10,1,1,95,1,C#,237.46474783057852,11.558586968497602,1
6.82001636467413,6.171700597410915,1903.9139814814814,5.212632392830887,0.5919560185185185,12,1,1,149,1,C#,175.5351099107681,91.70030878398597,1
7.20934025660291,2.302585092994046,3622.958900462963,9.919120877379775,163.39469907407408,6,1,1,95,1,C#,136.20158648140992,0.907338473969422,1
7.164720378771857,5.303304908059076,3428.8308796296296,9.387627322736837,3.1789814814814816,1,1,1,43,1,C#,137.62796024835535,21.304637809342935,1
9.218110109240543,4.276666119016055,3617.5129976851854,9.904210808172992,1020.5186226851852,8,1,1,345,0,C#,1017.4460333259891,7.1686680923037835,1
10.999128765259284,4.04305126783455,652.6193981481481,1.7867745329175855,1.7115277777777778,6,1,1,63,1,C#,33479.8817074696,31.341391411348813,1
7.583756300707112,8.252185436003328,2306.6965393518517,6.315390935939361,0.05921296296296296,13,1,1,134,1,C#,311.1446337894398,607.2466516959296,1
6.413458957167357,5.472270673671475,4787.523715277778,13.107525572286868,1531.7777893518519,4,1,1,51,0,C#,46.46185862018104,18.08121591622809,1
8.558335134747413,5.560681631015528,4295.273460648148,11.759817825183157,0.5076736111111111,15,1,1,60,1,C#,442.949038619046,22.02415070115817,1
7.990238185720363,5.365976015021851,3820.2930208333332,10.459392254163815,186.31092592592591,6,1,1,86,0,C#,282.1387637341191,20.364471933367458,1
6.827629234502852,5.099866427824199,3682.817372685185,10.083004442669912,21.36263888888889,19,1,1,54,1,C#,91.44099908339032,16.16581654077291,1
8.369157112588834,8.74862232231722,4251.343784722222,11.639544927370903,0.05,5,1,1,93,1,C#,370.3753047821048,541.3441882236239,1
8.361240889642351,3.044522437723423,2520.673310185185,6.901227406393389,1.2127893518518518,9,1,1,53,1,C#,619.7448291644079,2.8980352076895386,1
8.130353547431238,0.0,2787.622013888889,7.632093124952468,0.21199074074074073,19,1,1,64,1,C#,444.8320984056577,0.0,1
7.467942332285852,5.393627546352362,3934.4642708333336,10.77197610084417,0.050555555555555555,11,1,1,62,1,C#,162.45858546444947,20.33053155240825,1
6.77078942390898,5.170483995038151,2147.185439814815,5.878673346515578,745.3214814814814,0,0,1,21,1,C#,148.16268036329342,29.768621198135875,1
8.408716715080153,3.091042453358316,3279.5729398148146,8.978981354729129,7.092002314814815,7,1,1,229,1,C#,499.49986783721306,2.33879536779966,1
7.202661196523238,5.963579343618446,2581.2060185185187,7.0669569295510435,124.24613425925926,20,1,1,119,1,C#,189.89786033480976,54.90340522347704,1
7.685703061234547,3.4965075614664802,3018.881296296296,8.265246533323193,0.5561805555555556,9,1,1,157,1,C#,263.27103386777014,3.8716328509966194,1
7.936660155225426,7.554858521040676,4415.269166666667,12.08834816335843,4.773877314814815,7,1,1,30,1,C#,231.37983471373866,157.92066659582665,1
8.031385330625534,3.7612001156935624,3622.857476851852,9.91884319466626,8.601516203703703,7,1,1,94,1,C#,310.01599074109214,4.234364751585648,1
8.207401833376355,6.304448802421981,5619.091053240741,15.38423286308211,11.856412037037037,3,1,1,40,1,C#,238.36092658216208,35.49088244173998,1
7.091742115095153,4.5217885770490405,3275.128125,8.966812114989734,223.6592476851852,15,1,1,28,1,C#,133.9383478318119,10.148534265357938,1
8.624791202014256,8.94324493313279,2533.4704513888887,6.9362640695109885,0.04605324074074074,3,1,1,74,1,C#,802.5934341903562,1103.6200356973552,1
7.951207156472972,1.9459101490553132,2625.0406944444444,7.18696973153852,2.4363310185185183,9,1,1,21,1,C#,394.8813068665126,0.8348442005634515,1
8.014996894348302,7.367077059881012,5811.136122685185,15.910023607625421,1.7719675925925926,15,1,1,183,1,C#,190.13171033575122,99.43417049625072,1
8.159946655578548,4.990432586778736,4223.474513888889,11.563243022283064,4.194791666666666,10,1,1,57,1,C#,302.42380906991843,12.62621564890137,1
7.732807530422021,5.560681631015528,2692.8821412037037,7.372709489948538,1186.0577662037037,7,1,1,111,1,C#,309.38422341335485,35.12955452172683,1
7.621684998724611,3.044522437723423,2845.9744907407407,7.791853499632418,5.963067129629629,10,1,1,43,1,C#,261.9402431136936,2.5667833720107165,1
7.349230824613334,5.37989735354046,3959.771377314815,10.84126318224453,0.05991898148148148,20,1,1,46,1,C#,143.34123006487758,19.92387753797526,1
7.992268643270745,5.209486152841421,3681.9548032407406,10.080642856237484,1362.8031134259259,2,1,1,86,1,C#,293.3344670742234,18.054404128342465,1
6.46302945692067,5.723585101952381,2324.1123958333333,6.363072952315766,0.9038773148148148,19,1,1,78,1,C#,100.58033355834456,47.93281521139858,1
7.560080465021827,4.564348191467836,5453.20613425926,14.930064707075317,0.42498842592592595,0,0,1,45,1,C#,128.5325976578381,6.362999884051391,1
7.011213987350367,6.184148890937483,1101.4106597222221,3.0154980416761727,0.691412037037037,6,1,1,156,1,C#,367.4351582016333,160.50416657905282,1
6.823286122355687,5.855071922202427,4166.026539351852,11.405959039977692,185.8732175925926,0,0,1,127,1,C#,80.48424483924812,30.510367324682296,1
6.3561076606958915,4.787491742782046,1298.4879398148148,3.5550662281035312,0.562349537037037,20,1,1,203,1,C#,161.74100933887152,33.47335671534906,1
6.976348070447749,6.436150368369428,4410.101273148148,12.074199242020939,0.037662037037037036,11,1,1,46,1,C#,88.6187132208452,51.5976246136323,1
8.133587417660966,7.776954403322442,4604.418113425926,12.606209756128477,0.2187037037037037,9,1,1,127,1,C#,270.1843032830849,189.11314710125495,1
8.220941168281389,5.783825182329737,3558.4984027777778,9.742637653053464,0.1928587962962963,15,1,1,327,1,C#,381.51885889290423,33.25588116257761,1
8.041734711487537,6.6293632534374485,5626.437800925926,15.404347162014856,4.917164351851852,13,1,1,57,1,C#,201.69631126345058,49.077055460305324,1
7.108244139731541,6.249975242259483,3536.969212962963,9.683693943772656,0.6953125,8,1,1,53,1,C#,126.08824763459143,53.388717466899074,1
7.434847875211999,5.472270673671475,6054.336423611111,16.57586974294623,33.230381944444446,6,1,1,95,1,C#,102.13642036614378,14.297892278072107,1
7.160845906664299,1.791759469228055,4867.25974537037,13.325830925038659,3.7594097222222222,8,1,1,278,1,C#,96.57934332498417,0.3752111240286875,1
6.612041034833092,5.420534999272286,4992.77837962963,13.66948221664512,0.19797453703703705,19,1,1,173,1,C#,54.35465573782014,16.46002360835738,1
6.646390514847729,3.828641396489095,2065.5047453703705,5.655043792937359,0.13212962962962962,10,1,1,195,1,C#,135.98480014609467,7.957498057963927,1
7.164720378771857,5.4638318050256105,4593.108622685185,12.575246058001875,0.10190972222222222,0,0,1,22,1,C#,102.74152839958747,18.68750710054416,1
7.690743163541872,4.23410650459726,2566.4458680555554,7.026545839987831,818.7101851851852,20,1,1,69,1,C#,311.24823630322857,9.677585765258135,1
7.454141078146678,5.5053315359323625,2227.9657175925927,6.099837693614217,109.80084490740741,1,1,1,35,1,C#,282.95834851588114,40.16500312073631,1
6.520621127558696,6.569481420414296,3446.651388888889,9.436417218039395,0.5493981481481481,4,1,1,153,1,C#,71.84930300706523,75.45236539974991,1
7.2875606403097235,4.48863636973214,531.994537037037,1.4565216619768298,0.4958912037037037,16,1,1,172,1,C#,1003.0746799996728,60.41791364816646,1
7.017506142941256,1.3862943611198906,3964.2371875,10.853489904175222,0.05008101851851852,20,1,1,97,1,C#,102.73193321634467,0.27640878892290044,1
7.055312843339752,4.204692619390966,168.14908564814814,0.46036710649732554,136.04535879629628,0,0,0,0,1,C#,2515.3838831157395,143.36384826048257,1
10.111030037621687,6.26530121273771,4273.719490740741,11.700806271706341,0.2696296296296296,5,1,1,30,1,C#,2103.444790767466,44.86870287473264,1
7.846198815497425,2.995732273553991,3083.9066435185186,8.443276231399093,4.209733796296296,0,0,1,31,1,C#,302.607652524549,2.2503113103586814,1
6.4457198193855785,4.2626798770413155,595.8986226851852,1.6314815131695692,0.44359953703703703,20,1,1,80,1,C#,385.53915255711786,42.905788042922495,1
6.984716320118266,5.66988092298052,3553.3810069444444,9.728626986843105,0.4542476851851852,2,1,1,63,0,C#,110.90979245675967,29.70614459685222,1
7.363913501405819,4.672828834461906,1711.9329166666666,4.687016883413187,0.9084027777777778,4,1,1,60,0,C#,336.4613440119709,22.615664213867415,1
7.099201743553092,1.791759469228055,1404.8302777777778,3.8462156818008975,921.5863541666666,20,1,1,26,1,C#,314.5949421727298,1.2999790998873133,1
8.246958032568177,4.143134726391533,4761.589560185185,13.036521725353005,11.89511574074074,14,1,1,47,1,C#,292.6394079933693,4.755869802251349,1
6.546785410760524,3.9889840465642745,1106.5410648148147,3.029544325297234,0.040011574074074074,12,1,1,247,1,C#,229.73751999212428,17.494380114342796,1
6.921658184151129,2.8903717578961645,3337.7331828703705,9.138215421958577,0.01824074074074074,7,1,1,33,1,C#,110.85315384071845,1.8603194622825405,1
7.688913336864796,1.0986122886681098,4564.828287037037,12.497818718787233,60.87708333333333,1,1,1,51,1,C#,174.67048043499182,0.16002792527255322,1
6.8501261661455,4.962844630259907,3354.82912037037,9.185021547899714,839.4157638888889,4,1,1,119,1,C#,102.66715163184679,15.459952843819982,1
6.729824070489475,5.3612921657094255,4915.8765625,13.458936516084872,1600.0405092592594,0,0,1,48,1,C#,62.114863161802596,15.751616017107835,1
6.51025834052315,5.187385805840755,2233.0380324074076,6.11372493472254,1.5230671296296296,9,1,1,77,1,C#,109.75305679669935,29.11481983578612,1
6.495265555937008,5.093750200806762,2088.520972222222,5.718058787740512,0.6281944444444445,20,1,1,221,1,C#,115.59867160113508,28.331293191201034,1
6.315358001522335,3.1780538303479458,3730.2851041666668,10.21296400866986,0.8126851851851852,3,1,1,21,1,C#,54.0489518548585,2.252039660619104,1
6.8690144506657065,6.253828811575473,4262.529108796296,11.670168675691434,12.959479166666666,12,1,1,44,1,C#,82.34671037803682,44.47236491800324,1
4.276666119016055,2.3978952727983707,3058.9644560185184,8.37498824371942,797.8942824074074,3,1,1,55,1,Go,8.477623840635763,1.1940315268501076,0
2.9444389791664403,1.0986122886681098,1160.8508796296296,3.1782364945369737,1075.1682060185185,6,1,1,75,1,Go,5.663518127408061,0.629279791934229,0
3.258096538021482,0.6931471805599453,3265.7943287037037,8.941257573452988,108.64944444444444,8,1,1,24,1,Go,2.7960272696120696,0.11184109078448279,0
4.6913478822291435,2.6390573296152584,3966.8042939814814,10.860518258676198,1142.0389699074074,4,1,1,29,1,Go,9.94427682249155,1.1969962841887978,0
2.8903717578961645,0.0,3975.0022453703705,10.882963026339139,2846.4766319444443,0,0,1,38,1,Go,1.562074589324277,0.0,0
3.58351893845611,2.6390573296152584,1314.821712962963,3.5997856617740256,0.7126041666666667,0,0,1,55,1,Go,9.722801102205485,3.6113261236763234,0
3.6375861597263857,1.6094379124341003,1872.7228587962964,5.127235753035719,1518.6270717592593,5,1,1,39,0,Go,7.216364096012778,0.7801474698392192,0
2.4849066497880004,1.0986122886681098,2284.8656944444447,6.255621340025858,1324.948298611111,7,1,1,52,1,Go,1.7584184531147677,0.3197124460208669,0
2.70805020110221,1.3862943611198906,4058.745034722222,11.112238288082743,2548.998125,4,1,1,51,1,Go,1.2598721910971096,0.26997261237795206,0
2.302585092994046,2.302585092994046,1408.5504398148148,3.856400930362258,49.813472222222224,11,1,1,88,1,Go,2.333782239585387,2.333782239585387,0
3.6888794541139363,0.0,2309.368287037037,6.322705782442265,483.0819560185185,0,0,1,60,1,Go,6.168245264282329,0.0,0
3.4657359027997265,0.6931471805599453,1847.632962962963,5.058543361979365,1480.0690393518519,8,1,1,162,1,Go,6.1282463708821435,0.19768536680264978,0
6.003887067106539,0.6931471805599453,3780.997337962963,10.351806537886278,0.13905092592592594,8,1,1,86,1,Go,39.02700446742432,0.09660149620649583,0
0.6931471805599453,0.0,79.84476851851852,0.21860306233680635,6.132256944444444,6,1,1,72,1,Go,4.574501332736496,0.0,0
4.110873864173311,2.0794415416798357,4554.217407407407,12.468767713641087,4.980590277777778,5,1,1,76,1,Go,4.812023239021348,0.5614027112191573,0
4.997212273764115,3.828641396489095,2344.6760300925926,6.419373114558775,69.48413194444444,0,0,1,18,1,Go,22.899432292946535,7.010030293759144,0
3.044522437723423,1.0986122886681098,4135.681585648148,11.322879084594518,2411.7145717592593,0,0,1,79,1,Go,1.7663352094973128,0.17663352094973128,0
3.4965075614664802,3.367295829986474,1472.2216087962963,4.030723090475829,286.2910763888889,5,1,1,145,1,Go,7.939022175850434,6.94664440386913,0
3.4339872044851463,3.2188758248682006,3851.5430208333332,10.544950091261693,2916.8289583333335,0,0,1,47,1,Go,2.8449636783829035,2.275970942706323,0
2.8903717578961645,0.0,3704.712789351852,10.14295082642533,128.52346064814816,16,1,1,83,1,Go,1.6760408574307653,0.0,0
2.6390573296152584,2.3978952727983707,1432.582662037037,3.9221975688899025,1288.0192939814815,8,1,1,82,1,Go,3.314468425332124,2.5495910964093262,0
3.332204510175204,3.044522437723423,156.9097337962963,0.4295954381828783,2.8397685185185186,20,1,1,193,1,Go,62.849829398109506,46.55542918378482,0
4.110873864173311,2.1972245773362196,3504.706886574074,9.595364508074125,0.16239583333333332,2,1,1,22,1,Go,6.253019356326937,0.8337359141769249,0
4.174387269895637,1.0986122886681098,116.32155092592592,0.3184710497629731,0.01965277777777778,2,1,1,41,1,Go,200.96018161661152,6.28000567551911,0
3.4965075614664802,0.6931471805599453,1887.0539467592594,5.166472133495577,308.0653472222222,13,1,1,48,1,Go,6.1937815927692155,0.19355567477403798,0
2.302585092994046,1.3862943611198906,489.636099537037,1.3405505805257687,43.91452546296296,7,1,1,93,1,Go,6.713659395433008,2.237886465144336,0
2.4849066497880004,2.9444389791664403,179.22739583333333,0.49069786675792837,13.805046296296297,4,1,1,83,1,Go,22.4170528245368,36.68245007651476,0
3.1354942159291497,0.6931471805599453,2103.758240740741,5.759776155347682,1266.5409143518518,10,1,1,48,1,Go,3.819592881152861,0.17361785823422096,0
4.060443010546419,3.332204510175204,1235.2773032407408,3.3820049370040817,32.275613425925926,3,1,1,27,1,Go,16.85390798113173,7.983430096325556,0
2.4849066497880004,0.0,1338.4264583333334,3.664411932466347,0.15775462962962963,7,1,1,70,1,Go,3.0018459176330663,0.0,0
3.4339872044851463,3.9889840465642745,1632.5407523148149,4.469652983750349,195.97365740740742,7,1,1,31,1,Go,6.711930458374852,11.85774380979557,0
3.044522437723423,4.709530201312334,208.76096064814814,0.571556360432986,55.4843287037037,0,0,1,236,1,Go,34.99217467346331,192.4569607040482,0
3.044522437723423,3.295836866004329,11.497858796296295,0.03147942175577357,0.2897106481481482,0,0,1,207,1,Go,635.3356854889447,825.9363911356281,0
3.5553480614894135,4.1588830833596715,2037.7983333333334,5.579187770933151,1086.1160416666667,0,0,1,29,1,Go,6.094077022669073,11.291966247886812,0
2.302585092994046,2.0794415416798357,1606.8494675925926,4.399314079651178,486.8692361111111,0,0,1,69,1,Go,2.045773463101687,1.5911571379679788,0
3.828641396489095,4.584967478670572,2338.1719675925924,6.401565961923593,837.8816898148148,5,1,1,15,1,Go,7.029530003698977,15.152542452417794,0
3.4339872044851463,3.4339872044851463,2739.734814814815,7.500985119273962,10.933391203703703,4,1,1,66,1,Go,3.999474672055311,3.999474672055311,0
3.295836866004329,2.1972245773362196,2015.0775347222223,5.51698161457145,731.8608680555556,8,1,1,75,0,Go,4.712721886063352,1.4500682726348775,0
4.007333185232471,0.0,2005.0244560185185,5.489457785129415,1223.750300925926,3,1,1,12,1,Go,9.837037119819465,0.0,0
2.9444389791664403,0.6931471805599453,3487.776099537037,9.549010539458008,311.8067824074074,13,1,1,28,1,Go,1.8850120570734716,0.10472289205963731,0
3.8066624897703196,2.5649493574615367,3903.1846875,10.68633726899384,134.12931712962964,2,1,1,26,1,Go,4.117407011630166,1.1229291849900453,0
4.77912349311153,0.6931471805599453,365.2469560185185,0.9999916660329049,365.1671412037037,0,0,1,78,0,Go,118.00098341631298,1.0000083340365507,0
2.9444389791664403,1.791759469228055,4620.779027777778,12.651003498364894,3831.380150462963,0,0,1,59,1,Go,1.4228120324467897,0.3952255645685527,0
2.8903717578961645,2.0794415416798357,1413.6248148148147,3.8702938119502113,0.8235416666666666,9,1,1,77,1,Go,4.392431382731077,1.808648216418679,0
4.174387269895637,1.9459101490553132,1826.1359953703704,4.999687872335032,806.944074074074,1,1,1,9,1,Go,12.800799096706355,1.2000749153162207,0
2.4849066497880004,0.0,4455.301701388889,12.19795127005856,3014.7310416666664,0,0,1,134,1,Go,0.90179078080111,0.0,0
3.970291913552122,0.0,168.831875,0.46223648186173855,4.068159722222222,0,0,0,0,1,Go,112.49652946163158,0.0,0
3.044522437723423,0.0,3858.399837962963,10.56372303343727,0.02290509259259259,8,1,1,58,1,Go,1.8932719020267907,0.0,0
2.8903717578961645,2.0794415416798357,3000.788009259259,8.215709813167035,160.9631712962963,3,1,1,56,1,Go,2.0692064820442764,0.8520261984888198,0
2.0794415416798357,1.0986122886681098,537.5134722222223,1.47163168301772,6.796238425925926,0,0,1,82,1,Go,4.756624963146918,1.3590357037562624,0
2.8903717578961645,0.0,609.7487731481482,1.6694011585164905,584.8460069444444,3,1,1,53,1,Go,10.183292322084531,0.0,0
2.772588722239781,0.6931471805599453,2336.827025462963,6.39788371105534,975.7080439814815,0,0,1,36,1,Go,2.3445252645152763,0.15630168430101843,0
4.442651256490317,3.6375861597263857,4001.814351851852,10.956370573174132,1284.155324074074,5,1,1,14,1,Go,7.666772444304487,3.377030719515072,0
2.833213344056216,0.6931471805599453,1831.1346527777778,5.013373450452506,1165.8156712962964,3,1,1,29,1,Go,3.191463823337526,0.19946648895859537,0
3.6109179126442243,2.302585092994046,4562.389722222222,12.49114229218952,3161.6035185185187,0,0,0,0,1,Go,2.882042263061092,0.720510565765273,0
2.3978952727983707,0.0,716.4817708333334,1.9616201802418436,339.3412152777778,15,1,1,90,1,Go,5.097826837592547,0.0,0
3.1354942159291497,1.0986122886681098,4304.557013888889,11.785234808730701,745.6149421296296,0,0,1,45,1,Go,1.8667426111613854,0.16970387374194412,0
2.995732273553991,0.0,2221.213796296296,6.0813519405784975,2219.917384259259,0,0,1,43,1,Go,3.1243052837018666,0.0,0
1.9459101490553132,1.3862943611198906,967.9942708333333,2.650223876340406,25.37059027777778,19,1,1,128,1,Go,2.2639596803743136,1.1319798401871568,0
2.5649493574615367,1.6094379124341003,3232.442326388889,8.84994476766294,153.2292361111111,0,0,1,30,1,Go,1.355940665736936,0.45198022191231196,0
2.5649493574615367,1.0986122886681098,503.09890046296294,1.3774097206378177,361.5558564814815,4,1,1,103,1,Go,8.712004729023786,1.452000788170631,0
4.762173934797756,1.0986122886681098,2127.7972685185186,5.825591426470961,0.09630787037037038,5,1,1,86,1,Go,19.912141361803453,0.34331278210005955,0
4.836281906951478,3.295836866004329,4219.894907407407,11.553442593860115,2160.7652662037035,1,1,1,42,1,Go,10.819286025312419,2.250411493264983,0
3.258096538021482,1.3862943611198906,4656.785659722223,12.749584283975969,3424.388310185185,0,0,1,85,0,Go,1.9608482475323288,0.23530178970387947,0
4.060443010546419,1.3862943611198906,2442.0793171296295,6.6860487806423805,2001.063726851852,0,0,1,28,1,Go,8.525214498139448,0.4486954999020762,0
4.997212273764115,3.295836866004329,2894.289537037037,7.924132887165057,1254.7591782407408,9,1,1,66,1,Go,18.550925646148624,3.2811161006793483,0
2.5649493574615367,0.6931471805599453,3078.5519444444444,8.428615864324284,1281.0904282407407,4,1,1,27,1,Go,1.4237213076458113,0.11864344230381761,0
3.5553480614894135,2.0794415416798357,725.197025462963,1.9854812469896317,38.747627314814814,0,0,1,66,1,Go,17.124311826943963,3.5255936114296396,0
4.330733340286331,0.0,1600.8242476851851,4.382817926585038,1552.8524537037038,2,1,1,48,1,Go,17.112278277650876,0.0,0
4.2626798770413155,2.833213344056216,3044.637314814815,8.335762668897509,0.1984375,0,0,1,33,1,Go,8.397551943409423,1.9194404442078683,0
5.056245805348308,3.367295829986474,4049.964884259259,11.088199546226582,11.35494212962963,3,1,1,33,1,Go,14.069010874997128,2.52520708012769,0
1.9459101490553132,0.6931471805599453,2703.626446759259,7.402125795371004,1388.8511921296297,4,1,1,48,1,Go,0.8105779563692584,0.13509632606154307,0
3.4965075614664802,0.6931471805599453,3593.4640046296295,9.838368253606104,6.085381944444444,6,1,1,60,1,Go,3.252571887443925,0.10164287148262266,0
3.4339872044851463,0.6931471805599453,5481.304027777778,15.006992546961747,1842.484074074074,0,0,1,29,1,Go,1.9990680948311441,0.06663560316103814,0
2.995732273553991,1.0986122886681098,5051.533576388889,13.830345178340558,4248.53707175926,0,0,1,88,0,Go,1.373790730093674,0.14460955053617622,0
4.07753744390572,3.7612001156935624,3330.0812037037035,9.117265444774,40.861180555555556,12,1,1,19,1,Go,6.361556581995262,4.6066444214448445,0
1.9459101490553132,0.0,2092.784097222222,5.7297305878774045,1230.8654282407408,4,1,1,36,1,Go,1.0471696544850493,0.0,0
4.007333185232471,2.0794415416798357,2346.0221643518516,6.423058629300073,602.3527777777778,4,1,1,53,1,Go,8.40720957359289,1.0898234632435229,0
4.5217885770490405,0.0,3092.1525578703704,8.465852314497933,1404.1252314814815,0,0,1,32,1,Go,10.749065376933256,0.0,0
1.0986122886681098,0.6931471805599453,384.4920486111111,1.0526818579359647,80.60858796296296,0,0,1,83,1,Go,1.8999092507602247,0.9499546253801123,0
3.332204510175204,3.367295829986474,395.7447222222222,1.0834899992394857,1.3616550925925925,15,1,1,53,1,Go,24.919473201369293,25.842416653271858,0
3.828641396489095,0.0,3108.0154398148147,8.509282518315715,224.02637731481482,0,0,1,23,1,Go,5.288342454624138,0.0,0
2.5649493574615367,1.3862943611198906,1185.9063425925926,3.2468346135320814,368.7847800925926,5,1,1,100,0,Go,3.695907376983934,0.9239768442459835,0
3.970291913552122,3.2188758248682006,1125.0544444444445,3.080231196288691,636.0527314814815,0,0,0,0,1,Go,16.88184966850987,7.7916229239276324,0
6.18826412308259,4.997212273764115,2294.0829050925927,6.280856687454053,1.1499074074074074,5,1,1,71,1,Go,77.37797949932212,23.40445058930114,0
7.247080584585756,4.2626798770413155,2583.674340277778,7.073714826222527,181.80278935185186,0,0,1,48,1,Go,198.3399153721926,9.895790503245532,0
5.44673737166631,3.4965075614664802,480.79476851851854,1.3163443354374225,270.82100694444443,0,0,1,62,1,Go,175.48599844374192,24.309748702163382,0
5.0238805208462765,0.0,4465.773275462963,12.226620877379776,122.59017361111111,8,1,1,85,1,Go,12.350100777178922,0.0,0
5.521460917862246,4.02535169073515,4624.196516203704,12.660360071741831,923.8459606481481,0,0,1,24,1,Go,19.66768706332238,4.344268226838277,0
6.470799503782602,0.6931471805599453,3749.934189814815,10.26676027327807,60.47799768518519,4,1,1,97,1,Go,62.824102524218986,0.0974017093398744,0
5.075173815233827,1.0986122886681098,2667.6891435185184,7.3037348214059366,94.9779050925926,0,0,1,58,0,Go,21.769684125716,0.2738325047259874,0
4.672828834461906,3.4965075614664802,2843.889039351852,7.786143844905823,941.8143865740741,18,1,1,51,1,Go,13.61392778138202,4.109864990605893,0
5.389071729816501,4.634728988229636,3738.9986458333333,10.236820385580652,380.8382986111111,20,1,1,61,1,Go,21.295675003448313,9.964031423631779,0
4.68213122712422,4.867534450455582,2146.21681712963,5.87602140213451,424.65591435185183,12,1,1,87,1,Go,18.209600114991314,21.953630045176443,0
5.298317366548036,3.9889840465642745,4195.7778240740745,11.48741361827262,1061.7259490740742,0,0,1,58,1,Go,17.323307631533158,4.613745248599283,0
5.3471075307174685,4.290459441148391,1916.924988425926,5.248254588435115,13.112094907407407,19,1,1,237,1,Go,39.822763259340675,13.718846673074298,0
5.493061443340548,3.367295829986474,4273.760729166666,11.70091917636322,804.1810879629629,2,1,1,57,1,Go,20.682135852101183,2.3929743961108807,0
6.405228458030842,1.6094379124341003,4153.1350694444445,11.370664118944406,7.573275462962963,14,1,1,20,1,Go,53.1191488625268,0.3517824427981907,0
5.529429087511423,3.4965075614664802,4936.7140625,13.51598648186174,28.923819444444444,5,1,1,35,1,Go,18.570601586265155,2.3675667360975496,0
6.063785208687608,2.302585092994046,3602.8902777777776,9.864175982964483,3389.0119212962964,5,1,1,62,1,Go,43.49070827009643,0.9123924811908342,0
5.10594547390058,0.6931471805599453,149.56628472222224,0.4094901703551601,0.9643981481481482,6,1,1,84,1,Go,400.4980140494193,2.442061061276947,0
5.869296913133774,5.645446897643238,680.3292476851852,1.8626399662838746,2.5963078703703704,7,1,1,71,1,Go,189.51595927809123,151.3980184601182,0
6.354370040797351,2.4849066497880004,3830.138298611111,10.486347155677239,708.0509027777778,0,0,1,137,1,Go,54.73784068737799,1.0489830096884283,0
5.673323267171493,3.367295829986474,4413.280231481482,12.082902755596116,1005.1443634259259,5,1,1,50,1,Go,24.000855246947047,2.3173239548776463,0
4.770684624465665,3.58351893845611,154.70769675925925,0.4235665893477324,12.206423611111111,0,0,1,40,1,Go,276.22575279172304,82.63163545051545,0
5.056245805348308,2.6390573296152584,4526.5888888888885,12.393124952467867,1049.2156944444444,0,0,1,57,1,Go,12.587624235075223,1.0489686862562686,0
6.400257445308821,5.0689042022202315,157.4460300925926,0.4310637374198291,0.05025462962962963,0,0,1,106,0,Go,1394.2253727890443,366.5351229628436,0
4.859812404361672,1.6094379124341003,1832.9107523148148,5.018236145968007,476.473125,11,1,1,100,1,Go,25.50697023352397,0.797092819797624,0
4.499809670330265,0.6931471805599453,428.1163425925926,1.172118665551246,8.646099537037037,14,1,1,55,1,Go,75.93087851573748,0.8531559383790728,0
4.219507705176107,2.1972245773362196,3555.8958912037037,9.735512364691866,935.5561458333333,2,1,1,55,1,Go,6.882020944577228,0.8217338441286243,0
5.062595033026967,0.0,4401.681168981481,12.051146253200496,1928.504398148148,0,0,1,41,1,Go,13.027806376368932,0.0,0
5.484796933490655,3.258096538021482,5269.432037037037,14.426918650340964,1546.5758564814814,0,0,1,31,1,Go,16.635568953896325,1.732871766030867,0
7.149131598557407,5.799092654460526,2242.4977777777776,6.139624306030877,2.110266203703704,6,1,1,108,1,Go,207.1788006231147,53.586340727204984,0
5.662960480135946,4.2626798770413155,1131.4809027777778,3.0978258802950798,6.7160416666666665,0,0,1,270,1,Go,92.64562021564045,22.59649273552206,0
5.746203190540153,1.0986122886681098,4842.361724537037,13.257663859102086,19.63939814814815,0,0,1,73,1,Go,23.533557896461186,0.15085614036193068,0
6.411818267709897,4.248495242049359,3317.161076388889,9.081892064035287,805.3684722222222,5,1,1,60,1,Go,66.94640232597656,7.597535790283524,0
5.786897381366708,2.5649493574615367,4529.879016203704,12.402132830126499,146.37298611111112,5,1,1,26,1,Go,26.205170066436473,0.9675755101453467,0
5.755742213586912,3.1780538303479458,5569.456469907407,15.248340780033969,3195.891064814815,0,0,1,53,0,Go,20.657985320767356,1.508360832944918,0
5.170483995038151,3.091042453358316,3205.3845601851854,8.775864641164095,744.9304166666667,0,0,1,45,1,Go,19.941055059024556,2.3929266070829467,0
6.340359303727752,2.3978952727983707,4925.195115740741,13.484449324409969,905.8567939814815,0,0,1,33,0,Go,41.974276174215674,0.7415949854101709,0
4.997212273764115,0.6931471805599453,4088.259189814815,11.193043640834537,0.5621990740740741,0,0,1,63,1,Go,13.133157049769164,0.08934120442019838,0
6.1092475827643655,3.7376696182833684,2345.075787037037,6.420467589423784,92.40958333333333,2,1,1,21,1,Go,69.9326012858662,6.38582773434413,0
5.749392985908253,3.8501476017100584,3620.905300925926,9.913498428270845,0.3899074074074074,13,1,1,70,1,Go,31.57311238456461,4.640137922332179,0
3.295836866004329,3.258096538021482,1131.6104398148148,3.098180533373894,6.7028125,7,1,1,37,1,Go,8.392022259492478,8.069252172588921,0
5.209486152841421,5.267858159063328,1735.8811342592592,4.752583529799478,0.567650462962963,8,1,1,43,1,Go,38.294960805808074,40.609491403961314,0
4.709530201312334,2.70805020110221,3860.878310185185,10.570508720561765,1070.8628935185186,0,0,1,54,1,Go,10.406310888900538,1.3244395676782503,0
5.849324779946859,2.1972245773362196,4454.74511574074,12.19642742160367,1063.6729629629629,7,1,1,41,0,Go,28.36896314302058,0.655929783653655,0
5.030437921392435,2.995732273553991,3406.942777777778,9.327700965852916,4.6914699074074075,4,1,1,59,1,Go,16.295548126644007,2.036943515830501,0
5.318119993844216,3.295836866004329,4372.322372685185,11.97076624965143,1.053599537037037,0,0,1,53,1,Go,16.957978776497374,2.1719578728518805,0
5.231108616854587,4.219507705176107,4730.617615740741,12.951725162876771,2742.905914351852,0,0,1,31,1,Go,14.361021227745589,5.173056033650292,0
4.9344739331306915,1.9459101490553132,3241.0346875,8.87346937029432,9.052395833333334,7,1,1,66,1,Go,15.551977951485592,0.6761729544124171,0
4.8283137373023015,1.791759469228055,2120.4992592592594,5.805610566076001,1400.7846412037038,2,1,1,53,1,Go,21.358649290837867,0.8612358585015268,0
4.189654742026425,1.0986122886681098,4033.532511574074,11.043210161735999,26.097581018518518,5,1,1,58,1,Go,5.885969663533231,0.18110675887794558,0
3.828641396489095,3.2188758248682006,647.6382060185185,1.773136772124623,119.94638888888889,0,0,1,19,1,Go,25.378752901322844,13.535334880705518,0
5.840641657373398,1.0986122886681098,2827.1174421296296,7.740225714249499,92.89785879629629,0,0,1,111,1,Go,44.31395319241768,0.2583903976234267,0
4.962844630259907,4.574710978503383,2324.586400462963,6.3643707062641015,0.6759606481481482,17,1,1,32,1,Go,22.3117110164933,15.083973644953216,0
5.1647859739235145,3.1780538303479458,2908.9410185185184,7.964246457271782,669.0168287037037,10,1,1,29,1,Go,21.847641322190462,2.887906611553912,0
4.955827057601261,4.406719247264253,3227.9864583333333,8.837745265799681,0.37094907407407407,6,1,1,68,1,Go,15.954295553826608,9.16523361602805,0
4.804021044733257,1.9459101490553132,500.2099421296296,1.3695001837909093,3.8611342592592592,5,1,1,44,1,Go,88.35340179733329,4.381160419702478,0
4.919980925828125,2.3978952727983707,2538.411574074074,6.94979212614394,844.0776273148148,10,1,1,69,1,Go,19.568930628642985,1.4388919579884547,0
5.247024072160486,3.8501476017100584,3273.5945717592595,8.962613475042463,740.6705902777778,3,1,1,83,1,Go,21.087599116741398,5.132431531058753,0
5.981414211254481,1.3862943611198906,4738.626458333333,12.973652178872918,15.028043981481481,0,0,1,28,1,Go,30.446322635598477,0.23123789343492512,0
4.844187086458591,3.6109179126442243,3588.580138888889,9.82499695794357,0.16087962962962962,4,1,1,68,1,Go,12.824431451668616,3.6641232719053187,0
4.976733742420574,3.5263605246161616,1474.7943055555556,4.037766750323219,11.79076388888889,3,1,1,40,1,Go,35.66327846661102,8.172834648598357,0
5.0369526024136295,3.8918202981106265,1732.859675925926,4.744311227723275,56.76932870370371,5,1,1,160,1,Go,32.249149066348764,10.11738009924667,0
5.641907070938114,5.375278407684165,1577.182337962963,4.318089905442746,0.7783217592592593,10,1,1,34,1,Go,65.07506933697998,49.79053347847222,0
5.003946305945459,3.332204510175204,3580.946354166667,9.804096794433038,2012.1902777777777,9,1,1,97,1,Go,15.095730193528624,2.753950778549141,0
6.895682697747868,4.418840607796598,4760.712743055556,13.034121130884477,1.1172685185185185,4,1,1,50,1,Go,75.7243231123036,6.2911798330383935,0
6.71901315438526,2.3978952727983707,3064.6427662037036,8.39053460972951,6.564849537037037,0,0,1,78,0,Go,98.56344541395801,1.1918191706645467,0
5.501258210544727,3.1354942159291497,1620.8491898148147,4.437643230156919,792.072349537037,16,1,1,77,1,Go,54.98414075783464,4.957586461771975,0
5.267858159063328,4.04305126783455,1110.1915162037037,3.039538716505691,759.7242361111112,0,0,1,70,1,Go,63.49647693314343,18.423848229305865,0
5.877735781779639,1.6094379124341003,2755.074201388889,7.542982070879915,1964.8483680555555,4,1,1,77,0,Go,47.19618801353871,0.5302942473431316,0
4.61512051684126,0.0,2768.195451388889,7.578906095520573,8.359537037037038,8,1,1,69,1,Go,13.194516298216689,0.0,0
4.820281565605037,3.2188758248682006,2182.7302199074074,5.97598965067052,0.6052662037037037,3,1,1,71,1,Go,20.582364962127922,4.0160712121225215,0
5.793013608384144,4.248495242049359,2536.956863425926,6.945809345450858,7.558356481481481,13,1,1,97,1,Go,47.07874687262586,9.934047505232979,0
5.645446897643238,2.1972245773362196,3183.407361111111,8.71569434938018,0.3161111111111111,12,1,1,45,1,Go,32.35542559154275,0.9178844139444751,0
4.394449154672439,1.791759469228055,860.0742476851852,2.3547549560169343,7.272719907407407,4,1,1,141,1,Go,33.973811073454506,2.1233631920909066,0
4.499809670330265,2.70805020110221,215.0616435185185,0.5888066899890992,0.9657060185185186,0,0,1,43,1,Go,151.1531738908192,23.776903758106393,0
4.330733340286331,2.772588722239781,1004.0697685185186,2.748993206073973,0.10401620370370371,19,1,1,153,1,Go,27.282715662696262,5.456543132539252,0
3.6635616461296463,3.5553480614894135,289.2902314814815,0.7920334879712019,51.09386574074074,9,1,1,142,1,Go,47.977769345759874,42.92747783567989,0
3.713572066704308,4.454347296253507,3445.745185185185,9.433936167515908,5.971655092592592,20,1,1,140,1,Go,4.240011728904095,9.010024923921202,0
5.402677381872279,3.2188758248682006,1844.0998032407408,5.048870097852816,0.39491898148148147,6,1,1,69,1,Go,43.772169954221425,4.753538818557983,0
5.093750200806762,3.367295829986474,3451.770972222222,9.45043387329835,125.22497685185185,5,1,1,43,1,Go,17.14207010724889,2.9628269321170926,0
5.0369526024136295,3.58351893845611,3103.168449074074,8.496012180900955,780.190324074074,3,1,1,28,1,Go,18.00844875716447,4.119579781050696,0
5.703782474656201,3.9512437185814275,3805.509074074074,10.418916013892057,307.50502314814815,8,1,1,72,1,Go,28.69780307292318,4.894942999060476,0
4.990432586778736,2.302585092994046,1267.3781828703704,3.4698923555656958,832.3522337962963,2,1,1,72,1,Go,42.076233219689506,2.5937404039534626,0
5.780743515792329,2.0794415416798357,2912.0574537037037,7.972778791796588,843.1954050925926,11,1,1,68,1,Go,40.51285109431903,0.8779874850162019,0
4.897839799950911,2.3978952727983707,3073.7871180555558,8.415570480644917,1144.4820486111112,4,1,1,35,1,Go,15.804038514785002,1.1882735725402258,0
9.512664721164834,5.41610040220442,4439.883229166667,12.155737793748575,0.27297453703703706,6,1,1,63,1,Go,1112.9723452045555,18.427511665741772,1
9.777697546477828,8.262042843966942,1162.6351157407407,3.183121466778209,0.44537037037037036,15,1,1,101,1,Go,5540.159300879346,1216.7301940632667,1
9.8698790613623,9.219993629004321,4396.264189814815,12.036315372525161,0.3722800925925926,4,1,1,27,1,Go,1606.6378622931497,838.7949042151018,1
10.691467526242246,8.01102337918644,4469.498634259259,12.236820353892565,0.044375,4,1,1,52,1,Go,3593.9074635520396,246.2240935850265,1
9.532423871145296,8.550241045462437,4458.809340277778,12.207554661951479,0.45155092592592594,4,1,1,80,1,Go,1130.3656122883267,423.26249139023,1
9.630037062331072,3.871201010907891,3906.811886574074,10.696267998833878,2.832337962962963,10,1,1,96,1,Go,1422.3652587667634,4.394055945973306,1
8.690305809124883,4.762173934797756,150.0354861111111,0.410774773747053,2.52556712962963,10,1,1,112,1,Go,14470.21672187737,282.39319309181946,1
9.26785427817679,7.447751280047908,994.1950578703704,2.7219577217532387,0.02431712962962963,14,1,1,172,1,Go,3890.949486599019,630.0612189139192,1
9.031094081699155,5.472270673671475,4806.810879629629,13.16033095038913,0.008842592592592593,7,1,1,52,1,Go,635.0904115943124,18.008665655402254,1
9.06900719585954,6.645090969505644,4459.456030092592,12.20932520217,17.215127314814815,7,1,1,253,1,Go,711.0139058673857,62.9027392818975,1
8.601901919343192,5.940171252720432,4662.045659722222,12.763985379116281,7.392534722222222,4,1,1,43,1,Go,426.2775174360713,29.69292025514998,1
7.95892649305011,5.793013608384144,4695.784525462963,12.856357359241514,1.0307870370370371,10,1,1,44,1,Go,222.45803535821528,25.434887259488253,1
8.010027528481734,6.934397209928558,3027.417361111111,8.288617005095444,0.6446875,3,1,1,35,1,Go,363.14864085885455,123.78422110338364,1
8.796641458940915,5.983936280687191,4823.677037037037,13.206507972722893,0.09273148148148148,20,1,1,77,1,Go,500.586530039171,29.985216441614238,1
8.503297086224126,5.6240175061873385,4248.6312847222225,11.632118507110807,0.6069444444444444,15,1,1,77,1,Go,423.82649359927444,23.727406132535446,1
9.863966794373844,8.270269111436624,4973.696631944445,13.617239238725379,0.031712962962962964,4,1,1,106,1,Go,1411.7399028526897,286.7688473075194,1
7.611842399580417,5.929589143389895,2798.6252662037036,7.6622183879635966,22.502719907407407,4,1,1,33,1,Go,263.7617329172897,48.941439804049296,1
9.288319413292772,6.78332520060396,5028.986041666667,13.768613392653435,0.5261805555555555,7,1,1,58,1,Go,785.119001581374,64.0587381493776,1
8.728749873478527,6.813444599510896,4005.6597685185184,10.966898750221816,0.04165509259259259,14,1,1,34,1,Go,563.2403599855487,82.88578391239498,1
8.457867725331422,3.871201010907891,1727.8081944444446,4.730481025173018,0.7898842592592593,13,1,1,113,1,Go,995.881808833108,9.935564639175563,1
8.965973184210347,4.394449154672439,4247.645925925926,11.62942074175476,129.7079513888889,12,1,1,95,1,Go,673.3783370553658,6.879104452104364,1
8.207129168071326,2.995732273553991,1519.1998263888888,4.1593424404897705,4.059525462962963,4,1,1,38,1,Go,881.389318732872,4.568029747933597,1
8.050065422915965,5.181783550292085,2990.2229513888888,8.186784261160545,748.8863425925925,12,1,1,101,1,Go,382.68994272433304,21.6202106167274,1
8.585599224080298,7.126087273299125,4551.773715277778,12.462077249220474,0.0425462962962963,20,1,1,161,1,Go,429.5431566462838,99.74260110430241,1
8.866017398810255,7.8336002236611035,3591.3615740740743,9.832612112454687,0.1625925925925926,20,1,1,167,1,Go,720.663026158061,256.5950910241022,1
7.59890045687141,5.3612921657094255,3032.7986689814816,8.303350223084138,259.7315972222222,6,1,1,49,1,Go,240.2644651135757,25.53186295943762,1
7.430114138561801,5.697093486505405,2663.0835185185183,7.291125307374451,135.33541666666667,0,0,1,42,1,Go,231.10287218568897,40.734452842225295,1
9.25770094333602,5.808142489980444,4804.539409722222,13.154112004715188,0.2500115740740741,10,1,1,87,1,Go,797.0131314255142,25.23925597417691,1
10.005502477942859,6.068425588244111,4631.908564814815,12.681474510102163,0.35560185185185184,5,1,1,42,1,Go,1746.4057497696758,33.98658410397482,1
8.97941663334301,6.333279628139691,2077.717789351852,5.688481285015337,1.078425925925926,6,1,1,131,1,Go,1395.2757515275187,98.79614115641496,1
8.935771938669784,6.194405391104672,426.6323958333333,1.168055840748346,0.023842592592592592,6,1,1,211,1,Go,6504.825997986654,418.64436865168125,1
9.270305953143616,7.560601162768557,4554.519652777778,12.469595216366264,0.025972222222222223,5,1,1,268,1,Go,851.4310060414196,153.97452496934403,1
8.39072252736229,5.241747015059643,1262.4972685185185,3.4565291403655536,0.007650462962962963,18,1,1,123,1,Go,1274.3997869302323,54.38982064537654,1
8.738575192110787,7.265429723253953,230.70439814814816,0.6316342180647452,0.03263888888888889,0,0,1,75,1,Go,9875.969068161818,2262.385347611933,1
8.531884740159228,6.918695219020472,4584.372893518518,12.551328935026744,6.334398148148148,11,1,1,45,1,Go,404.18030841681474,80.46956662743601,1
9.322775801305971,7.1731917424865985,1025.6392361111111,2.8080471899003725,1.094664351851852,7,1,1,237,1,Go,3984.6196460811534,464.0235408744073,1
9.083869707922235,2.833213344056216,4014.9661226851854,10.992378159302355,1.3121064814814816,8,1,1,63,1,Go,801.5553934108106,1.4555540000650287,1
9.099297073182859,6.9782137426306985,2524.8119560185187,6.912558401145842,0.10075231481481481,4,1,1,35,1,Go,1294.4556097373093,155.0800641080013,1
8.346642090221199,7.16703787691222,2542.173877314815,6.960092751033032,0.023854166666666666,18,1,1,95,1,Go,605.5953779314796,186.0607388899801,1
9.252441547994819,5.14166355650266,1299.6507986111112,3.558249961974295,7.906689814814815,20,1,1,139,1,Go,2930.9351820279285,47.77629503737155,1
7.176254532017144,5.332718793265369,2425.5764236111113,6.640866320632748,0.9841550925925926,8,1,1,33,1,Go,196.8116713837823,31.02004920050433,1
8.078688229229872,6.0844994130751715,4745.592824074074,12.992725048799656,52.42429398148148,16,1,1,42,1,Go,248.13886139288786,33.71117285672608,1
9.250618218474752,4.9344739331306915,5142.961469907407,14.080661108576063,842.4210648148148,0,0,1,51,1,Go,739.3118774557832,9.800676185292804,1
8.353732642263202,4.23410650459726,971.4830439814815,2.659775616650189,2.7616782407407405,5,1,1,191,1,Go,1595.9992916042654,25.566066390833935,1
7.8434564043761155,5.003946305945459,2263.0645949074074,6.1959331824980355,2.766238425925926,4,1,1,74,1,Go,411.2374883572767,23.88663590144307,1
8.671629544720656,4.060443010546419,2121.9798148148147,5.809664106269171,0.24787037037037038,20,1,1,114,1,Go,1004.1888641556004,9.811238473923417,1
8.737773460327283,8.83346272071993,4013.286273148148,10.987778981925114,0.008101851851851851,19,1,1,210,1,Go,567.2665977585897,624.2389850836141,1
7.3864708488298945,1.0986122886681098,3240.8151388888887,8.872868278956574,0.7028009259259259,7,1,1,82,1,Go,181.79014376055682,0.2254062538878572,1
7.749322464660356,6.142037405587356,3138.9540625,8.593987850787132,0.1762152777777778,8,1,1,25,1,Go,269.8398043217621,53.99123294751944,1
7.613818684808629,3.8066624897703196,2420.2880324074076,6.6263874946130255,0.3035300925925926,15,1,1,47,1,Go,305.5963753472371,6.6401187729770035,1
9.02485381183907,7.984121958702927,257.35263888888886,0.7045931249524678,0.046203703703703705,9,1,1,77,1,Go,11788.363675220826,4162.6860895042955,1
7.201916317531627,6.424869023905388,3730.7814351851853,10.21432288893959,22.731875,11,1,1,37,1,Go,131.28623547353095,60.307472820055985,1
8.33758794211651,6.261491684321042,4694.098935185185,12.851742464572718,68.14785879629629,5,1,1,67,1,Go,325.014293704871,40.69487086608751,1
9.032886946579088,6.222576268071369,3573.456076388889,9.78358953152331,0.05618055555555555,16,1,1,47,1,Go,855.8208593095299,51.4126229825264,1
8.125926802707886,4.6443908991413725,4589.124560185185,12.564338289350268,0.041296296296296296,12,1,1,160,1,Go,269.01536094940565,8.197805378044018,1
8.664750755773852,4.6913478822291435,4648.9674537037035,12.728179202474205,0.0666550925925926,5,1,1,55,1,Go,455.21043566653395,8.485109950290934,1
6.473890696352274,5.583496308781699,2700.4117939814814,7.393324555733009,3.919259259259259,15,1,1,116,1,Go,87.51137531197607,35.84314444771817,1
8.414052432496725,5.71042701737487,1523.893564814815,4.172193195933785,0.10488425925925926,0,0,1,28,1,Go,1080.7265599288323,72.14431016601874,1
7.69484807238461,6.726233402358747,1801.3478819444445,4.931821716480341,391.0833564814815,10,1,1,74,1,Go,445.2715702722531,168.90310475263516,1
7.273092595999522,5.746203190540153,856.6656018518519,2.345422592339088,2.9015162037037037,14,1,1,61,1,Go,613.9618526330853,133.02506807050182,1
8.109525659752872,5.762051382780177,1504.7980787037036,4.119912604253809,0.026782407407407408,14,1,1,105,1,Go,807.0559546741206,76.94337973885601,1
8.465057436995709,7.267525427828172,4206.443136574074,11.516613652495753,0.39613425925925927,3,1,1,88,1,Go,412.0134740277335,124.34210638729492,1
7.509883061154913,5.7430031878094825,2816.4861111111113,7.711118716252187,0.43092592592592593,11,1,1,38,1,Go,236.67123632185493,40.331372326628426,1
8.305731144875866,0.0,4007.5639814814813,10.972112201181332,32.032731481481484,7,1,1,143,1,Go,368.75306466191444,0.0,1
8.054204897064407,8.415381925269553,2404.537534722222,6.583264982127918,0.09991898148148148,6,1,1,54,1,Go,477.8783792754327,685.8299054127714,1
7.5251007461258,6.369900982828227,4509.86537037037,12.347338454128323,0.38203703703703706,6,1,1,38,1,Go,150.07282799318187,47.21665338371562,1
7.765993079407675,7.430707082545968,133.10212962962962,0.3644137703754404,0.02515046296296296,18,1,1,111,1,Go,6470.666565565429,4626.608918381388,1
9.0455836463617,3.8501476017100584,4908.732962962963,13.43937840646944,748.1595023148149,4,1,1,34,0,Go,630.9815635459674,3.42277734942388,1
8.532081803909987,3.7612001156935624,2696.0334722222224,7.381337364058104,6.707777777777777,13,1,1,63,1,Go,687.4093067073176,5.690025794581659,1
7.727094484779841,4.532599493153256,2775.6722685185186,7.599376505184171,0.4934722222222222,8,1,1,50,1,Go,298.44553674275875,12.106256340535186,1
7.998335395952982,6.637258031284457,4431.758668981482,12.133493960250464,0.13418981481481482,17,1,1,194,1,Go,245.18906176128257,62.80136640742767,1
8.712101863715663,6.26530121273771,2857.8967013888887,7.8244947334398045,824.2937268518518,15,1,1,241,1,Go,776.4079607641718,67.09698426357039,1
7.360739903058278,5.929589143389895,1773.644837962963,4.8559749157096865,4.6090277777777775,7,1,1,63,1,Go,323.72490123752146,77.22445163108814,1
7.906547232368036,4.430816798843313,3015.3863425925924,8.255677871574518,3.5576041666666667,2,1,1,22,1,Go,328.7434469003074,10.053686843303431,1
8.650149418664864,1.0986122886681098,3332.4499074074074,9.123750602073669,11.52837962962963,18,1,1,83,1,Go,625.8391147498286,0.21920809623461596,1
8.370547611074752,5.560681631015528,2215.8028819444444,6.066537664461175,0.6246759259259259,20,1,1,73,1,Go,711.6085383083882,42.69321552510367,1
8.118505067587098,7.0431599159883405,3225.8282291666665,8.831836356376911,0.012569444444444444,5,1,1,52,1,Go,379.875697943335,129.53138552821915,1
7.767263996757308,3.4339872044851463,4201.7160300925925,11.503671540294572,0.13912037037037037,13,1,1,45,1,Go,205.23882238205337,2.607863054409827,1
8.491875383431948,5.817111159963204,545.7583564814814,1.494204945876746,0.06671296296296296,3,1,1,28,1,Go,3261.9353947728446,224.19949882004573,1
8.31898612539206,9.032289682032873,4590.44119212963,12.567943031155728,5.487615740740741,6,1,1,139,1,Go,326.2268129188815,665.8209684159025,1
8.626764827845529,3.091042453358316,5298.348587962963,14.506087852054657,6.36900462962963,2,1,1,88,1,Go,384.52821028585777,1.4476680559345667,1
8.576781982827894,6.315358001522335,3790.510775462963,10.377852910233985,0.5102199074074074,6,1,1,22,1,Go,511.2810950295467,53.19019307506781,1
8.104401307921613,6.300785794663244,3110.9757291666665,8.517387348847821,155.69108796296297,13,1,1,67,1,Go,388.3820078286666,63.86935074328737,1
7.388946097618437,6.687108607866515,3815.808125,10.447113278576317,1.3151157407407408,9,1,1,51,1,Go,154.77959862041018,76.67189764684512,1
3.295836866004329,4.060443010546419,239.0944212962963,0.6546048495449591,3.7783564814814814,4,1,1,143,1,Rust,39.71861806106935,87.07543190311358,0
3.332204510175204,3.332204510175204,2326.8146990740743,6.370471455370498,726.7952546296297,4,1,1,104,1,Rust,4.238304839626617,4.238304839626617,0
3.7612001156935624,1.6094379124341003,898.2924652777778,2.4593907331355997,6.304768518518519,17,1,1,69,1,Rust,17.077400282163424,1.6264190744917546,0
3.9318256327243257,2.0794415416798357,73.63293981481482,0.2015960022308414,1.3674421296296295,16,1,1,163,1,Rust,248.02079131880072,34.7229107846321,0
2.1972245773362196,0.0,1846.9243055555555,5.0566031637386875,449.8182638888889,0,0,1,32,0,Rust,1.582089743045025,0.0,0
3.4657359027997265,0.0,41.982337962962966,0.11494137703754405,8.763993055555556,0,0,1,16,1,Rust,269.70270235995406,0.0,0
2.70805020110221,2.4849066497880004,1889.5455439814814,5.173293754911653,9.874606481481482,5,1,1,41,1,Rust,2.7062062707550782,2.126304927021847,0
1.9459101490553132,3.1354942159291497,1880.983414351852,5.149851921565645,0.04619212962962963,3,1,1,32,1,Rust,1.1650820434028897,4.271967492477263,0
4.174387269895637,2.70805020110221,3335.2795254629627,9.131497674094353,557.7678472222223,7,1,1,51,1,Rust,7.008707912346637,1.5331548558258268,0
3.332204510175204,3.2188758248682006,2412.5564930555556,6.605219693512815,334.9383217592593,0,0,1,37,1,Rust,4.087676300383697,3.6334900447855083,0
3.9889840465642745,2.0794415416798357,3332.125798611111,9.122863240550611,634.2982638888889,3,1,1,30,1,Rust,5.8095795807195705,0.767302963491264,0
2.302585092994046,0.0,124.79569444444445,0.34167199026541945,89.72015046296296,14,1,1,79,0,Rust,26.341052987716587,0.0,0
2.9444389791664403,2.3978952727983707,644.9515277777778,1.7657810479884402,4.827303240740741,0,0,1,56,1,Rust,10.193789326544996,5.663216292524998,0
1.6094379124341003,0.6931471805599453,2691.1314814814814,7.367916444850052,1094.9580787037037,8,1,1,41,1,Rust,0.5428943216091813,0.13572358040229532,0
2.302585092994046,0.6931471805599453,163.65922453703703,0.4480745367201561,10.941180555555556,9,1,1,41,1,Rust,20.085943883084184,2.2317715425649096,0
4.844187086458591,3.828641396489095,3407.579560185185,9.329444381068269,24.53607638888889,0,0,1,30,1,Rust,13.505627436472519,4.823438370168757,0
3.5263605246161616,3.4965075614664802,886.5405439814815,2.42721572616422,196.01148148148147,0,0,1,29,1,Rust,13.595824896928544,13.183830203082225,0
5.153291594497779,2.995732273553991,1103.4483680555556,3.0210769830405355,28.022395833333334,0,0,0,0,0,Rust,56.933338993199754,6.289147912039508,0
2.772588722239781,2.70805020110221,1057.9690856481482,2.896561493903212,0.042650462962962966,0,0,1,45,1,Rust,5.178553961851853,4.833317031061729,0
3.1354942159291497,3.1780538303479458,713.0590856481482,1.952249378913479,333.56481481481484,5,1,1,37,1,Rust,11.269052118866117,11.781281760632758,0
3.5263605246161616,3.6109179126442243,1936.5411574074074,5.3019607321215805,74.43038194444445,0,0,1,30,1,Rust,6.224112487305248,6.789940895242088,0
1.791759469228055,1.3862943611198906,982.7012731481482,2.6904894542043754,74.48280092592593,0,0,1,54,1,Rust,1.8583979179649255,1.1150387507789554,0
4.276666119016055,3.5553480614894135,3299.974097222222,9.034836679595406,97.97880787037037,0,0,1,48,1,Rust,7.858470774612773,3.7632113568568206,0
3.091042453358316,1.9459101490553132,2179.5388078703704,5.9672520407128555,97.34935185185185,4,1,1,36,1,Rust,3.519207812360363,1.0054879463886752,0
4.330733340286331,4.143134726391533,3066.745625,8.396291923340177,36.1678125,0,0,1,35,1,Rust,8.932514577240166,7.384212050518537,0
2.1972245773362196,0.6931471805599453,2840.615717592593,7.777181978350699,56.645,0,0,1,57,1,Rust,1.0286502260419723,0.12858127825524654,0
3.6109179126442243,4.143134726391533,1510.8913194444444,4.136594988212031,104.81445601851851,10,1,1,127,1,Rust,8.702809944553056,14.988172682285821,0
2.833213344056216,1.791759469228055,4116.341342592593,11.26992838492154,1814.7180208333334,0,0,1,30,1,Rust,1.419707335621316,0.44365854238166125,0
2.1972245773362196,0.6931471805599453,1625.0536689814815,4.449154466752858,257.29335648148145,3,1,1,46,1,Rust,1.7980944603702798,0.22476180754628497,0
4.382026634673881,4.0943445622221,1776.4976967592593,4.863785617410703,8.407060185185186,0,0,1,71,1,Rust,16.242492209608663,12.130468865403937,0
2.5649493574615367,0.0,1349.8837268518519,3.695780224098157,18.794525462962962,0,0,1,155,1,Rust,3.2469463204967055,0.0,0
2.3978952727983707,2.0794415416798357,127.01197916666666,0.3477398471366644,0.49244212962962963,0,0,1,134,1,Rust,28.757130027925516,20.12999101954786,0
1.791759469228055,0.6931471805599453,252.9296412037037,0.6924836172586002,133.63703703703703,11,1,1,72,1,Rust,7.220387422007136,1.444077484401427,0
2.5649493574615367,0.6931471805599453,2947.7298958333336,8.070444615560119,70.09203703703703,10,1,1,77,1,Rust,1.4869069266473314,0.12390891055394429,0
2.3978952727983707,0.0,264.0771064814815,0.7230037138438918,67.48847222222223,0,0,1,57,0,Rust,13.831187597687999,0.0,0
4.68213122712422,4.465908118654584,2975.734375,8.147116700889802,91.94068287037037,3,1,1,29,1,Rust,13.133480705918181,10.55588168886882,0
3.258096538021482,0.0,3329.3784953703703,9.11534153421046,1263.994699074074,0,0,1,123,1,Rust,2.742628995981489,0.0,0
2.772588722239781,0.6931471805599453,622.3807407407407,1.7039856009328973,74.23967592592592,0,0,1,157,1,Rust,8.802891287219685,0.586859419147979,0
2.70805020110221,1.9459101490553132,3014.063587962963,8.252056366770605,2225.1696990740743,4,1,1,75,1,Rust,1.6965468215141168,0.7270914949346214,0
3.871201010907891,2.772588722239781,3115.4347222222223,8.52959540649479,154.2974074074074,0,0,1,109,1,Rust,5.510226190120605,1.7585828266342356,0
4.290459441148391,4.127134385045092,2556.115671296296,6.9982633026592636,1274.4908680555557,6,1,1,26,1,Rust,10.288266800799105,8.71644826178813,0
4.5217885770490405,5.0689042022202315,2604.9191087962963,7.131879832433392,167.6918287037037,0,0,1,83,1,Rust,12.759609266853122,22.154046858931792,0
3.258096538021482,3.295836866004329,1233.6577199074075,3.377570759500089,0.6567013888888888,0,0,1,53,1,Rust,7.401769431382757,7.697840208638067,0
3.7376696182833684,2.9444389791664403,2630.893935185185,7.202995031307831,1271.3580787037038,0,0,1,25,1,Rust,5.692076673910426,2.498960490985065,0
2.6390573296152584,2.772588722239781,575.5912615740741,1.575882988566938,389.4005324074074,5,1,1,40,1,Rust,8.249343443844026,9.518473204435415,0
2.6390573296152584,2.8903717578961645,1568.8377662037037,4.295243713083377,43.30337962962963,4,1,1,24,1,Rust,3.026603580234994,3.9578662203073,0
2.1972245773362196,3.4339872044851463,170.8636574074074,0.46779919892514005,14.067164351851853,0,0,1,24,1,Rust,17.10135463759143,64.13007989096786,0
3.332204510175204,2.3978952727983707,2761.626585648148,7.56092152128172,3.581516203703704,3,1,1,42,1,Rust,3.570993287524956,1.3225901064907244,0
2.5649493574615367,2.6390573296152584,2854.8322337962964,7.816104678429285,913.805,0,0,1,172,1,Rust,1.5352916182299012,1.6632325864157265,0
2.5649493574615367,0.6931471805599453,1515.259074074074,4.148553248662763,870.2338425925926,12,1,1,96,1,Rust,2.892574659338905,0.24104788827824208,0
2.5649493574615367,1.0986122886681098,148.33427083333333,0.406117100159708,54.07425925925926,0,0,1,39,1,Rust,29.548127855933494,4.924687975988916,0
4.74493212836325,4.532599493153256,1606.7545023148148,4.399054078890663,0.8448032407407408,0,0,1,31,1,Rust,25.914662096799702,20.91358695531204,0
3.091042453358316,1.3862943611198906,568.8731365740741,1.5574897647476362,82.72704861111112,6,1,1,62,1,Rust,13.483234673714007,1.9261763819591438,0
2.5649493574615367,1.3862943611198906,1614.1586111111112,4.419325423986615,858.0030555555555,0,0,1,39,1,Rust,2.7153465401909593,0.6788366350477398,0
2.833213344056216,0.6931471805599453,3208.8370949074074,8.78531716607093,291.02125,11,1,1,100,1,Rust,1.8212205316607484,0.11382628322879677,0
3.871201010907891,2.9444389791664403,4158.4956134259255,11.38534048850356,302.3728009259259,0,0,1,53,1,Rust,4.128115452274671,1.5809803859775335,0
3.713572066704308,4.442651256490317,2134.816898148148,5.844810124977818,528.7147685185186,14,1,1,133,1,Rust,6.843678262371578,14.371724350980314,0
2.6390573296152584,2.833213344056216,481.88909722222223,1.3193404441402388,70.70092592592593,5,1,1,74,1,Rust,9.853408237228397,12.127271676588796,0
2.4849066497880004,2.995732273553991,205.92061342592592,0.5637799135548964,188.04644675925925,0,0,1,46,1,Rust,19.51115982589704,33.701094244731244,0
2.9444389791664403,5.14166355650266,693.4842013888889,1.898656266636246,19.713414351851853,0,0,1,44,1,Rust,9.480389007900675,89.5370072968397,0
4.499809670330265,3.091042453358316,4203.633090277778,11.508920165031562,2160.7345949074074,0,0,1,24,1,Rust,7.733132103080839,1.8246716198280633,0
2.302585092994046,1.791759469228055,2873.641666666667,7.867602099018938,1220.490752314815,0,0,1,72,1,Rust,1.1439317706626608,0.6355176503681449,0
3.1354942159291497,2.995732273553991,2333.3752430555555,6.388433245874211,1218.0809027777777,0,0,1,47,1,Rust,3.4437238604955414,2.9741251522461494,0
2.0794415416798357,1.0986122886681098,1103.9652199074073,3.0224920462899587,284.1809490740741,14,1,1,133,1,Rust,2.315969700761444,0.661705628788984,0
3.044522437723423,2.0794415416798357,770.8744328703704,2.1105391728141556,298.7005902777778,13,1,1,58,1,Rust,9.47625149896287,3.316688024637005,0
2.9444389791664403,3.4657359027997265,1054.470960648148,2.8869841496184754,136.79390046296297,10,1,1,81,1,Rust,6.234880091869836,10.737849047109162,0
3.4657359027997265,2.70805020110221,1544.1811805555556,4.2277376606586055,118.64068287037037,5,1,1,129,1,Rust,7.332526870924805,3.311463748159589,0
2.9444389791664403,0.0,3429.079548611111,9.38830814130352,1078.8167592592592,3,1,1,38,1,Rust,1.917278356129967,0.0,0
2.0794415416798357,0.0,1698.8478009259259,4.651191788982685,1617.9146180555556,0,0,1,67,1,Rust,1.5049906169384275,0.0,0
4.143134726391533,1.3862943611198906,2785.3127893518517,7.625770812736076,2005.5455902777778,3,1,1,71,0,Rust,8.130325644779614,0.3934028537796588,0
1.0986122886681098,1.0986122886681098,1118.8664930555556,3.0632895087078866,825.1153356481482,0,0,1,44,0,Rust,0.6528929095061641,0.6528929095061641,0
4.30406509320417,2.8903717578961645,3089.8892824074073,8.459655803990163,286.95030092592594,5,1,1,34,1,Rust,8.629192687197524,2.0095380230459985,0
3.5263605246161616,0.0,1727.9491550925925,4.730866954394504,119.08855324074074,4,1,1,137,1,Rust,6.975465663718632,0.0,0
2.8903717578961645,3.1354942159291497,856.6432175925926,2.3453613075772557,10.06045138888889,0,0,1,23,1,Rust,7.24835015614754,9.38021784913211,0
3.1354942159291497,0.6931471805599453,1834.6708217592593,5.023054953481887,418.57927083333334,0,0,1,38,1,Rust,4.379804760995102,0.19908203459068644,0
2.833213344056216,1.9459101490553132,2453.235347222222,6.716592326412655,55.08037037037037,0,0,1,47,1,Rust,2.3821603608545394,0.8933101353204523,0
2.8903717578961645,1.3862943611198906,217.9088888888889,0.5966020229675261,18.836840277777778,0,0,1,74,1,Rust,28.494707268073302,5.0284777531894065,0
1.791759469228055,0.0,1452.1279166666666,3.9757095596623313,1351.1415046296297,0,0,0,0,1,Rust,1.2576371399787727,0.0,0
2.0794415416798357,0.6931471805599453,2343.3777546296296,6.4158186300605875,787.8084375,0,0,0,0,1,Rust,1.0910532862014362,0.15586475517163373,0
3.713572066704308,2.4849066497880004,3483.7119560185183,9.537883520926812,85.53273148148148,0,0,1,61,1,Rust,4.19380252571098,1.1532956945705195,0
2.0794415416798357,1.6094379124341003,2254.4200578703703,6.1722657299667905,581.2965393518518,0,0,1,57,1,Rust,1.1341054170779623,0.6480602383302642,0
2.0794415416798357,1.791759469228055,377.89780092592594,1.0346277917205364,32.452152777777776,8,1,1,81,1,Rust,6.76571812203047,4.832655801450335,0
2.995732273553991,0.0,2627.5949884259257,7.1939630073262855,1345.8174884259258,5,1,1,67,1,Rust,2.6411033780199484,0.0,0
3.1354942159291497,4.1588830833596715,150.5708912037037,0.41224063300124214,53.2869212962963,15,1,1,82,1,Rust,53.36688875095365,152.82336324136728,0
5.996452088619021,3.1354942159291497,1390.2237384259258,3.8062251565391536,13.69976851851852,2,1,1,24,1,Rust,105.35372541245381,5.780004885471281,0
5.111987788356544,4.356708826689592,2748.5216782407406,7.5250422402210555,40.05518518518519,4,1,1,95,1,Rust,21.926787216964907,10.23250070125029,0
6.361302477572996,4.74493212836325,1902.9091782407406,5.209881391487312,1.088101851851852,0,0,1,197,1,Rust,110.94302471922362,21.881496224898775,0
5.204006687076795,3.6888794541139363,1367.122523148148,3.7429774761071815,982.6361689814814,14,1,1,75,1,Rust,48.35722393612849,10.41951233982879,0
5.8944028342648505,5.075173815233827,3593.8961921296295,9.839551518493169,47.47923611111111,5,1,1,85,1,Rust,36.79029469174798,16.159273082839583,0
4.07753744390572,3.7376696182833684,3952.1579861111113,10.820418853144727,2138.5182638888887,3,1,1,35,1,Rust,5.36023612275818,3.78913243160492,0
3.6635616461296463,0.0,3849.0593171296296,10.538150081121504,487.31392361111114,1,1,1,33,1,Rust,3.6059459874342497,0.0,0
5.680172609017068,4.564348191467836,2909.5500462962964,7.965913884452557,1.6094907407407408,0,0,1,20,1,Rust,36.65618336270367,11.925813080331674,0
6.07993319509559,7.190676034332207,707.6755092592592,1.9375099500595736,7.528043981481481,14,1,1,86,1,Rust,225.03110241400003,684.3835821123029,0
5.267858159063328,5.214935757608986,2117.4899074074074,5.79737140973965,0.32535879629629627,8,1,1,133,1,Rust,33.29094970105896,31.566030027428965,0
5.1298987149230735,3.7612001156935624,3934.6924189814813,10.77260073643116,893.9014351851852,4,1,1,16,1,Rust,15.59511988890962,3.898779972227405,0
5.8522024797744745,2.4849066497880004,265.9782523148148,0.7282087674601364,46.155902777777776,0,0,1,69,1,Rust,476.5117031071663,15.10555831175455,0
5.241747015059643,5.081404364984463,2428.5029050925928,6.64887859026035,1.0347569444444444,17,1,1,103,1,Rust,28.275444866054997,24.064208396642552,0
3.970291913552122,3.7376696182833684,239.83837962962963,0.6566416964534693,1.0637847222222223,10,1,1,141,1,Rust,79.19082854599809,62.438922507421566,0
4.04305126783455,2.8903717578961645,1267.907013888889,3.471340215986007,10.011550925925926,10,1,1,62,1,Rust,16.13209783993864,4.897243987124231,0
4.61512051684126,4.30406509320417,1912.894212962963,5.23721892666109,7.678194444444444,8,1,1,43,1,Rust,19.094103454589305,13.938695521850192,0
4.204692619390966,3.367295829986474,224.50336805555557,0.6146567229447106,1.3447337962962962,10,1,1,10,1,Rust,107.37700823283244,45.55388228059558,0
4.867534450455582,4.543294782270004,2145.863900462963,5.875055168960885,43.680856481481484,20,1,1,154,1,Rust,21.95724061988955,15.829638586432,0
4.127134385045092,2.4849066497880004,2061.5129976851854,5.6441149833954425,542.432349537037,4,1,1,62,1,Rust,10.807717450735389,1.9489326550506438,0
4.07753744390572,2.8903717578961645,891.9213425925926,2.4419475498770504,280.5032986111111,0,0,1,40,1,Rust,23.751533894706395,6.961656486379461,0
4.634728988229636,4.68213122712422,402.235775462963,1.1012615344639642,8.045787037037037,0,0,1,181,1,Rust,92.62105032084699,97.1612978855944,0
4.836281906951478,2.833213344056216,419.93038194444443,1.1497067267472811,7.344328703703703,9,1,1,73,1,Rust,108.72337883387583,13.916592490736106,0
4.553876891600541,3.7376696182833684,2884.8049189814815,7.898165418156006,835.5554050925925,0,0,1,48,1,Rust,11.901498009134668,5.191078918877888,0
4.770684624465665,3.7612001156935624,2508.473703703704,6.867826704185363,0.09190972222222223,9,1,1,16,1,Rust,17.03595693943447,6.115471721848271,0
5.7745515455444085,3.5553480614894135,2508.5970949074076,6.8681645308895485,41.23688657407408,0,0,1,38,1,Rust,46.73737773116871,4.950376457506967,0
5.556828061699537,4.634728988229636,4546.163368055555,12.446716955662026,28.005914351851853,4,1,1,42,1,Rust,20.728357599763324,8.194932074325035,0
4.276666119016055,2.3978952727983707,2957.6097800925927,8.097494264456106,65.10506944444444,8,1,1,37,1,Rust,8.768144524862956,1.2349499330792897,0
4.5217885770490405,4.0943445622221,1927.8509143518518,5.278168143331558,330.86631944444446,15,1,1,211,1,Rust,17.240830062408957,11.1781205899135,0
5.3230099791384085,3.713572066704308,1251.6162962962962,3.42673866200218,6.842696759259259,0,0,1,139,1,Rust,59.53182314778758,11.67290649956619,0
4.48863636973214,2.9444389791664403,284.83328703703705,0.7798310391157757,5.951805555555556,0,0,1,28,1,Rust,112.8449569021775,23.081923002718124,0
4.204692619390966,3.7376696182833684,827.4963078703704,2.265561417851801,16.34724537037037,0,0,1,22,1,Rust,29.13185203453059,18.097059597208396,0
5.332718793265369,2.995732273553991,1739.8277777777778,4.763388850863183,131.4909375,14,1,1,228,1,Rust,43.24652184603202,3.988756869294215,0
4.634728988229636,4.356708826689592,2405.607326388889,6.586193912084569,96.48336805555556,7,1,1,58,1,Rust,15.486941526705884,11.691122525062285,0
2.995732273553991,4.68213122712422,1137.8089583333333,3.1151511521788726,929.7227893518518,3,1,1,48,1,Rust,6.0992225005552525,34.34825302944274,0
4.820281565605037,2.995732273553991,1044.4683796296297,2.859598575303572,0.27288194444444447,9,1,1,18,1,Rust,43.01303024217042,6.64428922440031,0
5.2832037287379885,4.836281906951478,3493.0422337962964,9.563428429284864,0.7715625,3,1,1,21,1,Rust,20.494742178423614,13.070626389300775,0
4.941642422609304,4.2626798770413155,2210.169224537037,6.051113551093872,11.696712962962962,5,1,1,56,1,Rust,22.97097861845159,11.568118728716628,0
3.970291913552122,3.1354942159291497,5476.378356481481,14.993506793926027,15.898599537037038,14,1,1,115,1,Rust,3.468167968621294,1.4673018328782397,0
4.127134385045092,2.302585092994046,135.69950231481482,0.37152498922605015,0.03113425925925926,0,0,1,30,1,Rust,164.18814822408956,24.224480885521412,0
4.382026634673881,3.713572066704308,1468.6044212962963,4.020819770831749,79.08765046296297,3,1,1,14,1,Rust,19.647734666718975,9.948220084414672,0
4.976733742420574,3.7612001156935624,3155.6933680555558,8.639817571678455,120.6471412037037,14,1,1,103,1,Rust,16.667018580581576,4.861213752669626,0
4.204692619390966,3.58351893845611,915.6181365740741,2.506825835931757,3.540347222222222,0,0,1,29,1,Rust,26.328115441441746,13.961879400764563,0
4.7535901911063645,3.258096538021482,2395.1314583333333,6.557512548482774,1.6749652777777777,10,1,1,53,1,Rust,17.537137618838077,3.8124212214865385,0
4.948759890378168,3.4965075614664802,279.85833333333335,0.7662103582021447,22.607175925925926,1,1,1,59,1,Rust,182.7174463270107,41.76398773188816,0
4.74493212836325,0.6931471805599453,1043.798611111111,2.8577648490379497,17.534537037037037,0,0,1,110,1,Rust,39.89131577371646,0.34992382257646015,0
5.402677381872279,2.5649493574615367,139.2808564814815,0.38133020255025735,0.019189814814814816,0,0,1,50,1,Rust,579.5502127080357,31.468789830300583,0
4.6913478822291435,4.5217885770490405,1785.33,4.8879671457905545,770.3667592592593,19,1,1,69,1,Rust,22.095074860109897,18.617146409907413,0
4.394449154672439,3.6635616461296463,286.7021875,0.7849478097193703,6.737604166666666,15,1,1,71,1,Rust,101.91760395968377,48.410861880849794,0
5.963579343618446,5.6131281063880705,4374.483125,11.976682067077343,856.600949074074,4,1,1,28,1,Rust,32.39628453247263,22.794292982899552,0
4.990432586778736,4.204692619390966,866.6710416666666,2.3728159936116815,793.8962731481481,0,0,1,191,1,Rust,61.53026631355947,27.815051895170722,0
4.30406509320417,2.0794415416798357,349.3532986111111,0.9564772035896265,110.97630787037038,9,1,1,62,1,Rust,76.32173534929372,7.3185225677404935,0
4.02535169073515,2.833213344056216,3059.468738425926,8.376368893705479,34.71983796296296,6,1,1,175,1,Rust,6.566090951573348,1.9101355495486103,0
4.248495242049359,1.0986122886681098,2834.159641203704,7.759506204527594,32.81760416666667,0,0,1,47,1,Rust,8.892318426105414,0.2577483601769685,0
4.060443010546419,3.4657359027997265,2068.88818287037,5.664307139959946,1286.3897916666667,4,1,1,55,1,Rust,10.063013638134578,5.472867066353893,0
4.997212273764115,0.0,2253.2122453703705,6.168958919562958,1.184212962962963,14,1,1,67,0,Rust,23.82898020828679,0.0,0
5.645446897643238,4.897839799950911,2428.9661226851854,6.650146810910843,0.014849537037037038,7,1,1,171,0,Rust,42.405078867931884,19.99955847317355,0
4.127134385045092,2.3978952727983707,251.46622685185184,0.6884770071234821,0.18475694444444443,6,1,1,180,1,Rust,88.60136122027284,14.524813314798827,0
5.583496308781699,4.820281565605037,4246.412094907408,11.626042696529522,0.06408564814814814,5,1,1,39,1,Rust,22.793654463277075,10.579696222577661,0
4.442651256490317,4.770684624465665,3735.047453703704,10.226002611098437,0.07056712962962963,4,1,1,21,1,Rust,8.21435346680173,11.441420900188126,0
4.672828834461906,3.258096538021482,4447.563634259259,12.176765596876821,120.77348379629629,3,1,1,62,1,Rust,8.705103104488403,2.0530903548321704,0
4.820281565605037,3.8501476017100584,1925.3171875,5.271231177275839,538.1075115740741,4,1,1,34,1,Rust,23.334207107108163,8.726614040056711,0
5.680172609017068,4.330733340286331,2047.8575115740741,5.6067282999974655,6.604444444444445,0,0,1,54,1,Rust,52.08028361212581,13.376785174347383,0
4.912654885736052,4.990432586778736,1080.5477430555557,2.9583784888584685,0.7005555555555556,7,1,1,56,1,Rust,45.633106280492065,49.351359384828456,0
5.3706380281276624,4.787491742782046,4183.320162037037,11.453306398458691,1.1175694444444444,0,0,1,31,1,Rust,18.684560820690056,10.39001279281363,0
6.1070228877422545,5.1647859739235145,2266.1916666666666,6.204494638375541,0.053425925925925925,0,0,1,83,1,Rust,72.2057195809416,28.044185730097855,0
4.04305126783455,4.219507705176107,3874.4333449074074,10.607620383045605,21.916689814814816,3,1,1,44,1,Rust,5.279223612630976,6.316213965112061,0
4.442651256490317,3.7376696182833684,2279.7154166666664,6.241520647958019,52.92003472222222,4,1,1,151,1,Rust,13.458258770237586,6.568912018806442,0
4.007333185232471,4.736198448394496,956.8666319444444,2.6197580614495397,14.131215277777779,8,1,1,72,1,Rust,20.61259045047894,43.13375409081704,0
4.574710978503383,3.8066624897703196,1460.0320949074073,3.997350020280376,2.8177430555555554,6,1,1,51,1,Rust,24.01591041888959,11.007292275324396,0
4.23410650459726,2.772588722239781,916.9159490740741,2.5103790529064316,9.122754629629629,20,1,1,88,1,Rust,27.08754278413529,5.975193261206314,0
4.007333185232471,0.0,1436.6560416666666,3.933349874515172,38.61018518518519,2,1,1,45,0,Rust,13.728755824615293,0.0,0
6.4425401664681985,4.532599493153256,60.222118055555555,0.1648791733211651,13.437708333333333,0,0,1,47,1,Rust,3802.7847142263277,557.9843599821725,0
4.290459441148391,3.5553480614894135,1505.0826157407407,4.120691624204629,37.3975,4,1,1,74,1,Rust,17.47279499807204,8.251042082422908,0
6.650279048587422,5.342334251964811,1565.9407638888888,4.2873121530154386,0.06550925925925925,5,1,1,99,1,Rust,180.06619822562288,48.5152451177844,0
5.3706380281276624,0.0,1006.7826388888889,2.7564206403528786,245.7835300925926,4,1,1,59,1,Rust,77.6369168287042,0.0,0
6.208590026096629,3.6888794541139363,248.3723263888889,0.6800063693056506,21.708541666666665,0,0,1,21,1,Rust,729.4049326427073,57.35240397795481,0
4.343805421853684,0.6931471805599453,218.10305555555556,0.5971336223286942,13.154259259259259,0,0,1,75,1,Rust,127.2746955758682,1.6746670470508973,0
4.276666119016055,4.48863636973214,2773.7899421296297,7.594222976398712,41.70883101851852,2,1,1,80,1,Rust,9.349211923412499,11.587755623384506,0
4.430816798843313,0.0,405.17462962962964,1.1093076786574392,77.28387731481482,0,0,0,0,1,Rust,74.82144187485689,0.0,0
4.59511985013459,4.3694478524670215,4409.548726851852,12.072686452708698,1250.1945717592594,3,1,1,48,1,Rust,8.117497326207138,6.4608652188179265,0
4.890349128221754,4.74493212836325,3479.2841435185187,9.525760830988416,42.77755787037037,4,1,1,32,1,Rust,13.857160844369359,11.967548001955356,0
4.04305126783455,3.7612001156935624,1729.536099537037,4.735211771490861,0.1792013888888889,0,0,1,35,1,Rust,11.826292614230566,8.869719460672924,0
4.219507705176107,1.3862943611198906,4250.518310185185,11.63728490125992,0.07435185185185185,11,1,1,26,1,Rust,5.757356683150912,0.25779209029033934,0
3.6109179126442243,3.091042453358316,2528.518449074074,6.922706226075493,1.0174305555555556,0,0,1,82,1,Rust,5.200278449546245,3.0334957622353094,0
11.5972114648245,3.7376696182833684,154.08053240740742,0.42184950693335366,16.19121527777778,0,0,1,129,1,Rust,257895.28780268974,97.1910582474082,1
9.100748695346088,7.85243908535751,392.8596064814815,1.0755909828377317,0.2652777777777778,20,1,1,151,1,Rust,8331.233845376979,2390.3138284191737,1
9.839215662515988,4.941642422609304,2163.8041435185187,5.924172877531879,0.33796296296296297,19,1,1,101,1,Rust,3165.673991575558,23.46319104345753,1
9.823578169307826,9.597709395814938,506.21958333333333,1.3859536846908511,0.008125,0,0,1,51,1,Rust,13321.5129797922,10628.060780606571,1
9.648530784697051,9.440975789048688,5920.593784722222,16.20970235379116,0.012986111111111111,3,1,1,61,1,Rust,956.094051682281,776.8803970083214,1
8.271804031154709,7.284820912568604,2607.0725578703705,7.137775654675894,0.07703703703703704,7,1,1,91,1,Rust,547.929801833704,204.1252163824359,1
8.759197750371365,7.336285660021297,3031.388657407407,8.299489821786194,0.011018518518518518,4,1,1,47,1,Rust,767.2760780167445,184.8306381403401,1
8.522777569710138,9.062768007509048,1966.4207060185186,5.383766477805663,0.007928240740740741,12,1,1,90,1,Rust,933.7329211293958,1602.409769362104,1
9.412709624073916,6.393590753950631,451.265,1.2354962354551677,0.18597222222222223,20,1,1,159,1,Rust,9908.569244235649,483.20665241044617,1
9.246575864558277,8.075893630298857,2019.3284722222222,5.5286200471518745,0.03549768518518519,4,1,1,124,1,Rust,1875.3323454269898,581.5194338877095,1
8.16961956172385,7.95892649305011,1064.6041087962963,2.914727197252009,0.0693287037037037,4,1,1,70,1,Rust,1211.4341278075733,981.2239041432057,1
8.502282578680484,7.630946580890459,221.74988425925926,0.6071180951656653,0.11024305555555555,13,1,1,116,1,Rust,8112.0955531001055,3393.079561296694,1
8.265135629937385,5.267858159063328,1203.514201388889,3.295042303597232,37.69032407407408,19,1,1,151,1,Rust,1179.0440431549862,58.5728443575064,1
8.677439540558334,2.3978952727983707,1145.1551157407407,3.1352638350191397,12.304490740740741,6,1,1,43,1,Rust,1871.6128239217794,3.1895242398121666,1
7.917171988845776,5.220355825078324,3826.3691319444442,10.476027739752071,27.871087962962964,10,1,1,92,1,Rust,261.8358855228572,17.563909200220827,1
8.062747901086354,4.442651256490317,3117.5095601851854,8.53527600324486,2.8275462962962963,6,1,1,86,1,Rust,371.75130585041643,9.841509515107148,1
8.18646442942209,5.8289456176102075,3848.244166666667,10.535918320784852,0.5714583333333333,10,1,1,43,1,Rust,340.834077359523,32.17564807153392,1
8.611775833902186,8.545780648268149,1880.6708101851852,5.1489960580018765,0.06707175925925926,8,1,1,69,1,Rust,1067.198331111637,999.0297025001383,1
9.328301169609748,3.5263605246161616,4004.3533333333335,10.96332192562172,2.161909722222222,4,1,1,72,1,Rust,1026.240046249665,3.010036576858852,1
8.596743470174246,6.843749949006225,2050.583020833333,5.614190337668264,0.42900462962962965,4,1,1,70,1,Rust,964.163962108947,166.89850960577928,1
9.439863530254431,1.0986122886681098,1418.0563541666668,3.8824267054528865,2.416747685185185,13,1,1,56,1,Rust,3239.983895209853,0.5151417275156774,1
7.401231264413015,6.0473721790462776,3055.0011921296295,8.364137418561613,0.3061921296296296,8,1,1,26,1,Rust,195.71653573830403,50.45349913351515,1
7.8804263442924,6.952728644624869,2709.313125,7.417695071868583,0.7106365740740741,12,1,1,81,1,Rust,356.44495687444766,140.87934188116407,1
7.899524472032198,5.777652323222656,3052.964328703704,8.358560790427664,1.075787037037037,20,1,1,100,1,Rust,322.42392770372027,38.52337837498995,1
8.182000136293405,2.1972245773362196,4429.006203703703,12.125958121023144,0.14524305555555556,2,1,1,42,1,Rust,294.8220638995869,0.659741681453621,1
7.959275960116396,5.308267697401205,2195.570740740741,6.011145080741248,2.430277777777778,2,1,1,54,1,Rust,475.9492511944502,33.43788867182261,1
7.437206366871292,7.153833801578843,2533.5501157407407,6.936482178619413,0.32104166666666667,4,1,1,69,1,Rust,244.64850572682627,184.24324709421566,1
8.722091302389098,6.8501261661455,1364.049351851852,3.7345635916546254,732.7054976851852,15,1,1,55,0,Rust,1643.0299951811508,252.50607650844609,1
8.726156679156613,5.5254529391317835,738.6600694444444,2.022341052551525,0.10197916666666666,4,1,1,117,1,Rust,3046.469334253418,123.61910948926382,1
7.772331575169614,7.68017564043659,1483.733587962963,4.0622411716987346,0.038043981481481484,11,1,1,68,1,Rust,584.1602946995062,532.7108629286689,1
8.475746001502063,8.142936010432265,2417.5695717592594,6.618944754987705,0.36243055555555553,6,1,1,59,1,Rust,724.5868000916573,519.4181440189988,1
8.220133957151859,7.399398083331354,2283.2688657407407,6.251249461302507,6.477766203703704,4,1,1,32,1,Rust,594.1212269628659,261.3877449804316,1
7.024649030453636,5.288267030694535,3401.5603703703705,9.31296473749588,4.209513888888889,9,1,1,54,1,Rust,120.58458628953836,21.15330676673113,1
8.53817159780143,7.658227526161352,1414.9830787037038,3.8740125358075392,0.01269675925925926,20,1,1,348,1,Rust,1317.7551576858439,546.4618352244725,1
7.214504414151143,4.30406509320417,1765.5140277777778,4.833713970644156,2.9370717592592595,0,0,1,21,1,Rust,280.9433922336594,15.102258934504516,1
6.907755278982137,4.204692619390966,1150.9640162037037,3.151167737724035,0.08431712962962963,19,1,1,73,1,Rust,317.02533255863386,20.94461656543527,1
7.9291264873067995,6.517671272912275,233.21934027777777,0.6385197543539433,0.25697916666666665,0,0,1,36,1,Rust,4347.555390527843,1058.6986469729184,1
7.586803535162581,4.248495242049359,1492.5403935185186,4.086352891221132,0.5377314814814815,19,1,1,46,1,Rust,482.33719712127026,16.88547265416928,1
8.17188200612782,4.718498871295094,224.6896412037037,0.6151667110299895,0.028564814814814814,11,1,1,135,1,Rust,5752.912074963486,180.4388924331582,1
7.708859601047175,7.273092595999522,2670.746111111111,7.312104342535554,0.588912037037037,3,1,1,19,1,Rust,304.5634875647525,196.9337324172625,1
8.03073492409854,7.959275960116396,2301.6309375,6.301522073921971,0.02701388888888889,8,1,1,59,1,Rust,487.65995960201593,454.0172939867776,1
8.257385655730436,5.948034989180646,194.61989583333335,0.5328402349988592,0.16568287037037038,10,1,1,170,1,Rust,7234.814015139554,716.9128284781607,1
6.785587645007929,4.948759890378168,2370.9044675925925,6.491182662813395,0.5834837962962963,20,1,1,48,1,Rust,136.18473642164594,21.56771843781723,1
7.529943370601589,6.63200177739563,2055.372685185185,5.62730372398408,4.707476851851852,13,1,1,53,1,Rust,330.88670726337136,134.70038888594817,1
7.201916317531627,4.007333185232471,1800.2396064814816,4.928787423631709,34.43238425925926,8,1,1,119,1,Rust,272.07503281038294,10.956041589679849,1
7.186144304522325,6.8001700683022,3129.092361111111,8.566987983877102,47.976724537037036,5,1,1,55,1,Rust,154.07982391059883,104.70424397561149,1
8.236420527265391,8.066207568006265,5318.657418981482,14.56169040104444,0.0196875,7,1,1,129,1,Rust,259.24188030595934,218.65593295209922,1
7.85979918056211,4.700480365792417,3239.1911921296296,8.868422155043476,0.08896990740740741,9,1,1,50,1,Rust,292.0474414410985,12.290799659104145,1
7.426549072397305,7.828038032125829,3869.1342939814813,10.593112372297005,0.028703703703703703,8,1,1,42,1,Rust,158.49921543274692,236.85201400879217,1
6.727431724850855,5.159055299214529,3728.198587962963,10.207251438639187,11.494872685185186,0,0,1,23,1,Rust,81.70661857539069,16.948735028228526,1
7.258412150595307,7.54274354536855,2190.867800925926,5.9982691332674225,0.6619328703703704,3,1,1,44,1,Rust,236.56824468411799,314.4240376844584,1
7.682943169878292,4.060443010546419,197.77957175925926,0.5414909562197379,0.016215277777777776,6,1,1,79,1,Rust,4007.453818156495,105.26491596079272,1
7.87359778968554,6.561030665896573,2284.5535300925926,6.254766680609426,0.01204861111111111,20,1,1,165,1,Rust,419.83980124165697,112.8739145760129,1
7.825644732219989,5.659482215759621,157.70802083333334,0.4317810289755875,0.0109375,18,1,1,38,1,Rust,5796.919808956028,662.3727788099976,1
7.347943823148687,6.030685260261263,3174.967962962963,8.692588536517352,0.016412037037037037,11,1,1,31,1,Rust,178.54290393248064,47.74182031699708,1
7.767687277186908,6.3473892096560105,5227.328599537037,14.311645720840621,1.6239930555555555,4,1,1,37,1,Rust,165.0404185565085,39.82770473209562,1
7.488293515159428,5.814130531825066,1265.066724537037,3.463563927548356,62.59449074074074,9,1,1,31,1,Rust,515.6538286458594,96.43246291585501,1
7.6362696033793735,5.181783550292085,1349.8171527777777,3.6955979542170505,0.027546296296296298,8,1,1,111,1,Rust,560.396456989262,47.89482032211462,1
7.2485040723706105,4.143134726391533,1330.8401041666666,3.643641626739676,0.03269675925925926,0,0,1,32,1,Rust,385.60323542499196,17.015943484946266,1
8.078688229229872,6.1092475827643655,3643.515625,9.97540212183436,0.7511458333333333,3,1,1,117,1,Rust,323.1949911014859,45.010716812831014,1
7.212294468500341,6.61472560020376,1726.8268171296297,4.727794160519178,3.549259259259259,18,1,1,85,1,Rust,286.60300216014525,157.57877240539352,1
7.282761179605593,4.74493212836325,3180.8576851851853,8.708713717139453,0.3182291666666667,13,1,1,74,1,Rust,166.9592143255795,13.090337299254513,1
8.502688505213357,6.709304340258298,200.0819675925926,0.5477945724643193,0.019363425925925926,8,1,1,127,1,Rust,8994.247565899206,1495.0860069964378,1
8.58316818033977,4.394449154672439,224.48716435185185,0.614612359621771,0.4465277777777778,0,0,1,40,1,Rust,8688.40321285795,130.16334401285317,1
7.786551806428712,6.38856140554563,1717.2810763888888,4.701659346718381,0.3622916666666667,3,1,1,39,1,Rust,511.94691543954895,126.33837464523974,1
6.340359303727752,6.073044534100405,2625.829085648148,7.1891282290161485,30.45335648148148,8,1,1,76,1,Rust,78.72999089313207,60.229834022484425,1
8.312871394342615,8.106212902619962,178.57858796296296,0.4889215276193373,0.06424768518518519,0,0,1,34,1,Rust,8334.67084143756,6778.183845036583,1
8.220941168281389,7.677400430514807,4722.849259259259,12.930456561969224,0.41707175925925927,8,1,1,63,1,Rust,287.46084735571975,166.89279219629896,1
7.254177846456518,3.6635616461296463,1012.8812037037037,2.7731176008314953,0.007569444444444445,12,1,1,223,1,Rust,509.5348280853016,13.702989007248027,1
6.858565034791365,6.0330862217988015,2157.494537037037,5.90689811646006,0.417650462962963,6,1,1,27,1,Rust,160.99820603811665,70.426134292173,1
7.4109518755836366,6.194405391104672,2604.5134259259257,7.130769133267422,1.0399537037037037,10,1,1,54,1,Rust,231.8123009042885,68.57605271760258,1
7.085064293952548,7.107425474110705,2083.283784722222,5.7037201498212795,0.25930555555555557,0,0,1,53,1,Rust,209.16173456325367,213.89548714766931,1
7.796880342783522,2.8903717578961645,1791.7200810185186,4.905462234136944,0.7424652777777778,5,1,1,69,1,Rust,495.7738708241999,3.465524590465213,1
8.11102783819368,7.501082124259871,279.00478009259257,0.7638734567901234,1.760023148148148,2,1,1,201,1,Rust,4359.360795167579,2368.1932968342794,1
7.860570785538664,2.995732273553991,2947.2449652777777,8.069116948056886,8.13869212962963,17,1,1,109,0,Rust,321.2247407845757,2.3546566647017513,1
7.9291264873067995,5.0369526024136295,565.341400462963,1.5478203982558876,0.4808101851851852,4,1,1,93,1,Rust,1793.4897376517636,98.84867790371752,1
7.495541943884256,4.844187086458591,182.63055555555556,0.5000152102821508,6.526747685185185,16,1,1,184,1,Rust,3597.8905501391696,251.9923342509924,1
7.6586995582682995,7.037027614686276,2787.8019791666666,7.632585843029888,0.012569444444444444,7,1,1,80,1,Rust,277.49442240917176,148.96655253976783,1
8.063377822367027,6.180016653652572,5002.118460648148,13.695053964813548,0.1265162037037037,0,0,1,51,1,Rust,231.83552311348825,35.195188075811444,1
8.08794755464267,5.8971538676367405,613.917962962963,1.6808157781326845,0.12091435185185186,20,1,1,349,1,Rust,1935.9646918682886,215.96655904984289,1
7.551186867296149,6.937314081223682,118.05644675925926,0.32322093568585697,1.2326504629629629,0,0,1,121,1,Rust,5884.519812938667,3183.580908261771,1
7.815207062189088,6.710523109452428,1426.7051157407407,3.9061057241361827,0.4241898148148148,6,1,1,28,1,Rust,634.1354215515447,209.92775360204547,1
6.2285110035911835,4.584967478670572,3152.7945833333333,8.631881131644992,124.10464120370371,6,1,1,32,1,Rust,58.61989898644153,11.237411465780292,1
7.437206366871292,7.513163545234075,3128.221064814815,8.56460250462646,0.5178935185185185,6,1,1,106,1,Rust,198.1411278670911,213.78692111057381,1
3.6888794541139363,1.6094379124341003,5271.815902777777,14.433445319035668,3636.657511574074,0,0,1,32,1,Ruby,2.702057557149195,0.27713410842555847,0
3.4011973816621555,2.772588722239781,5250.937696759259,14.37628390625396,1894.120798611111,2,1,1,34,1,Ruby,2.0172111366960723,1.0433850707048649,0
1.0986122886681098,0.0,782.9104629629629,2.143492027277106,445.48545138888886,4,1,1,34,1,Ruby,0.9330568878021976,0.0,0
3.5263605246161616,4.060443010546419,6466.086319444445,17.703179519355086,5267.7801851851855,0,0,1,45,0,Ruby,1.8640719292215688,3.2197606050190735,0
4.174387269895637,1.0986122886681098,6004.088599537037,16.43829869825335,39.596099537037034,0,0,1,40,1,Ruby,3.893346943914598,0.12166709199733118,0
3.4965075614664802,2.772588722239781,2615.6674305555557,7.161307133622329,6.923171296296296,2,1,1,40,1,Ruby,4.468457978817867,2.094589677570875,0
3.8918202981106265,2.1972245773362196,3856.3441087962965,10.558094753720182,270.0487962962963,0,0,0,0,1,Ruby,4.546274789122065,0.7577124648536775,0
1.791759469228055,0.6931471805599453,5114.665185185185,14.003190103176413,5051.720092592593,0,0,1,57,1,Ruby,0.3570614954992167,0.07141229909984333,0
3.1354942159291497,2.3978952727983707,4777.395914351852,13.079797164549904,3833.53318287037,0,0,1,90,0,Ruby,1.6819832695591388,0.7645378497996086,0
3.7376696182833684,0.0,1328.6310416666668,3.6375935432352273,79.60788194444444,0,0,1,107,1,Ruby,11.271187809382118,0.0,0
2.833213344056216,2.3978952727983707,2609.4596296296295,7.144311100970922,831.5298379629629,0,0,1,65,1,Ruby,2.2395441315294313,1.3997150822058946,0
4.584967478670572,2.772588722239781,6692.620625,18.323396646132785,5443.831446759259,0,0,1,116,1,Ruby,5.293778324690263,0.8186255141273603,0
3.912023005428146,2.1972245773362196,4500.995532407407,12.32305416127969,2096.9274421296295,0,0,1,17,0,Ruby,3.976286994985631,0.6491897134670418,0
1.791759469228055,1.0986122886681098,90.74070601851852,0.24843451339772354,4.788576388888889,0,0,1,39,1,Ruby,20.126028109449532,8.050411243779813,0
2.9444389791664403,1.0986122886681098,3185.6047916666666,8.721710586356377,36.30180555555555,4,1,1,94,1,Ruby,2.063815328630363,0.22931281429226255,0
2.6390573296152584,0.6931471805599453,4800.708078703704,13.143622392070373,832.5239236111111,0,0,1,18,1,Ruby,0.9890728455378465,0.07608252657983434,0
1.791759469228055,1.791759469228055,1917.6700925925925,5.250294572464319,147.2834837962963,6,1,1,34,1,Ruby,0.9523275181973573,0.9523275181973573,0
4.330733340286331,3.044522437723423,4134.2969907407405,11.319088270337414,39.22510416666667,2,1,1,45,1,Ruby,6.62597536203897,1.766926763210392,0
4.127134385045092,2.302585092994046,6670.45400462963,18.262707747103708,3062.8052199074073,0,0,1,24,0,Ruby,3.3401399641668155,0.49280753569674324,0
3.1780538303479458,1.791759469228055,5929.363113425926,16.233711467285218,4469.5285300925925,0,0,1,40,1,Ruby,1.4168047797541836,0.30800103907699644,0
2.4849066497880004,0.6931471805599453,4965.770995370371,13.595540028392527,2026.734085648148,2,1,1,68,1,Ruby,0.8090888612756774,0.0735535328432434,0
1.6094379124341003,1.791759469228055,206.1800810185185,0.5644902971075113,174.16003472222224,0,0,1,60,1,Ruby,7.086038538653873,8.85754817331734,0
4.04305126783455,0.6931471805599453,2013.0056944444445,5.511309225036125,789.1601041666667,6,1,1,126,1,Ruby,10.160925056719702,0.1814450902985661,0
3.091042453358316,0.0,2770.330138888889,7.5847505513727285,819.315925925926,0,0,1,53,0,Ruby,2.7687133357601734,0.0,0
3.258096538021482,4.919980925828125,4286.432222222223,11.735611833599515,1140.4854050925926,15,1,1,78,1,Ruby,2.1302681406370327,11.58865868506546,0
3.6109179126442243,1.3862943611198906,4446.7832523148145,12.17462902755596,1633.6253125,4,1,1,78,0,Ruby,2.956968948993672,0.246414079082806,0
4.248495242049359,3.367295829986474,5187.009212962963,14.20125725657211,483.8801851851852,3,1,1,28,1,Ruby,4.858724741999017,1.9716564170430797,0
3.4657359027997265,0.0,5061.576087962963,13.857840076558421,936.7465856481482,0,0,1,41,1,Ruby,2.2370008478044734,0.0,0
4.700480365792417,3.367295829986474,4614.385243055555,12.633498269830405,829.0925347222222,0,0,1,38,1,Ruby,8.62785569538557,2.216329903401798,0
1.3862943611198906,0.6931471805599453,1198.9062037037038,3.282426293507745,800.0840393518519,10,1,1,46,1,Ruby,0.9139580699599101,0.3046526899866367,0
5.342334251964811,3.970291913552122,3572.0231828703704,9.779666482875758,168.69318287037038,1,1,0,0,1,Ruby,21.268618962027894,5.3171547405069735,0
3.58351893845611,1.9459101490553132,4928.049664351852,13.492264652571805,2505.6012731481483,0,0,1,78,1,Ruby,2.5940789705254215,0.4446992520900722,0
3.295836866004329,1.3862943611198906,6221.310196759259,17.033019019190306,5431.748275462963,0,0,1,53,1,Ruby,1.5264469540430277,0.17612849469727243,0
1.9459101490553132,0.0,4599.244930555556,12.592046353334855,1340.7094097222223,0,0,1,49,1,Ruby,0.4764912573889129,0.0,0
3.8066624897703196,1.9459101490553132,6680.610011574074,18.290513378710674,5013.04394675926,0,0,1,93,1,Ruby,2.405618644428756,0.32803890605846675,0
3.6375861597263857,1.6094379124341003,6673.658043981482,18.271479928765178,2101.774965277778,0,0,1,161,1,Ruby,2.025013854611203,0.21892041671472465,0
4.74493212836325,1.3862943611198906,5644.652974537037,15.454217589423784,84.5070949074074,0,0,1,41,1,Ruby,7.376627081918194,0.1941217653136367,0
3.6635616461296463,0.0,4432.790752314815,12.136319650417017,120.69460648148149,2,1,1,18,1,Ruby,3.131097490390695,0.0,0
4.9344739331306915,2.4849066497880004,3761.4300462962965,10.298234212994652,2169.90775462963,4,1,1,80,1,Ruby,13.400355550844536,1.0681442830383325,0
3.258096538021482,0.0,2690.628263888889,7.366538710168073,1407.762685185185,0,0,1,59,1,Ruby,3.393724106206401,0.0,0
5.8971538676367405,3.4657359027997265,6046.616365740741,16.554733376429134,376.711875,0,0,1,72,1,Ruby,21.927263444595525,1.8725762170315738,0
2.833213344056216,1.3862943611198906,2859.7871180555558,7.829670412198647,1365.1019328703703,0,0,1,60,1,Ruby,2.0435087503903047,0.3831578906981822,0
3.4657359027997265,3.091042453358316,3143.0651851851853,8.605243491266764,42.37700231481482,0,0,1,29,1,Ruby,3.6024547162972307,2.440372549749737,0
3.7376696182833684,1.3862943611198906,5807.619803240741,15.900396449666642,2702.0509606481482,0,0,1,77,1,Ruby,2.578552058735591,0.18867454088309202,0
3.6888794541139363,1.6094379124341003,4653.3616203703705,12.740209775141329,96.7564699074074,0,0,1,51,1,Ruby,3.0611740849115936,0.3139665728114455,0
3.58351893845611,1.0986122886681098,3827.9302199074073,10.480301765660252,3490.8429976851853,0,0,1,34,1,Ruby,3.3395984946426798,0.19083419969386742,0
2.0794415416798357,0.0,1965.039085648148,5.379983807387127,84.151875,0,0,1,57,0,Ruby,1.3011191577172532,0.0,0
2.8903717578961645,1.3862943611198906,6551.743425925926,17.937695895758868,3928.772002314815,0,0,1,76,1,Ruby,0.947724841517657,0.16724556026782184,0
2.6390573296152584,3.2188758248682006,1288.748125,3.52840006844627,105.66706018518518,2,1,1,31,1,Ruby,3.6843894535249078,6.801949760353676,0
1.3862943611198906,0.0,3846.6644212962965,10.531593213679114,3547.472986111111,0,0,1,43,1,Ruby,0.28485718534052434,0.0,0
3.6109179126442243,3.1780538303479458,797.6502777777778,2.183847440870028,193.42917824074075,0,0,1,48,1,Ruby,16.484667988372795,10.53187121479373,0
4.04305126783455,2.9444389791664403,6615.783460648148,18.11302795523107,1562.783923611111,0,0,1,44,0,Ruby,3.091697320757854,0.9937598531007387,0
2.1972245773362196,0.0,2102.5721412037037,5.756528791796588,9.523055555555555,8,1,1,30,1,Ruby,1.3897263940381048,0.0,0
4.356708826689592,2.1972245773362196,6178.411909722222,16.915569910259336,2644.387060185185,0,0,1,71,1,Ruby,4.5520192584997865,0.47293706581815964,0
2.6390573296152584,2.3978952727983707,5162.035972222222,14.132884249752832,727.9134259259259,14,1,1,110,1,Ruby,0.919840548487288,0.7075696526825292,0
4.382026634673881,2.302585092994046,4736.826099537037,12.968723065125358,1344.272210648148,0,0,1,56,1,Ruby,6.091578916697021,0.6939773449401669,0
3.8918202981106265,2.70805020110221,5371.505509259259,14.706380586609882,873.500625,0,0,1,60,1,Ruby,3.263889419787209,0.9519677474379359,0
4.02535169073515,3.4657359027997265,5879.952418981481,16.098432358607752,1276.4319560185186,3,1,1,38,0,Ruby,3.416481727836796,1.9256533375080123,0
4.406719247264253,0.0,4893.493611111111,13.397655335006464,1555.3480787037038,0,0,1,52,1,Ruby,6.04583398920233,0.0,0
1.9459101490553132,0.0,3166.0152546296295,8.668077356959971,120.46049768518519,5,1,1,63,1,Ruby,0.6921950223693312,0.0,0
4.1588830833596715,3.4965075614664802,6147.585590277778,16.831172047303976,3100.8363194444446,5,1,1,161,1,Ruby,3.743054840324763,1.9012342046094035,0
2.5649493574615367,3.1354942159291497,4212.830763888889,11.534102022967527,2598.349085648148,0,0,1,102,1,Ruby,1.0403930861808526,1.9073873246648962,0
3.367295829986474,2.9444389791664403,3287.2152083333335,8.999904745608031,2159.126863425926,5,1,1,40,1,Ruby,3.1111440389037504,2.000021167866697,0
3.9318256327243257,1.0986122886681098,5591.986168981482,15.310023734377772,2745.5271527777777,0,0,1,153,1,Ruby,3.2658342578351394,0.13063337031340558,0
2.0794415416798357,0.6931471805599453,4063.447280092593,11.125112334271302,2242.712465277778,0,0,1,25,1,Ruby,0.6292071297506141,0.0898867328215163,0
3.091042453358316,1.3862943611198906,6449.379409722223,17.657438493421555,151.65591435185186,0,0,1,92,1,Ruby,1.1893004757073766,0.16990006795819668,0
3.5553480614894135,3.044522437723423,4391.517071759259,12.023318471620149,2485.472337962963,4,1,1,66,1,Ruby,2.8278382611467565,1.6634342712627979,0
3.4011973816621555,0.0,5141.715578703704,14.077250044363323,3615.703645833333,0,0,1,46,1,Ruby,2.0600614401682735,0.0,0
3.8066624897703196,1.6094379124341003,5690.543842592592,15.579859938651861,1028.122037037037,3,1,1,79,1,Ruby,2.8241588931644372,0.2567417175604034,0
2.8903717578961645,1.3862943611198906,5738.762233796297,15.711874698963166,21.684305555555557,5,1,1,75,1,Ruby,1.0819841887564083,0.19093838625113088,0
4.9344739331306915,4.2626798770413155,4100.2910763888885,11.22598515096205,3589.7837962962963,0,0,1,90,1,Ruby,12.292907762146257,6.235532922827812,0
3.7612001156935624,0.6931471805599453,3894.600104166667,10.662833960757473,1720.4150578703704,8,1,1,28,0,Ruby,3.9389153160006987,0.09378369800001662,0
2.8903717578961645,2.3978952727983707,6372.1485416666665,17.445991900524753,4626.661261574074,0,0,1,79,1,Ruby,0.9744358530562348,0.5731975606213146,0
5.003946305945459,4.51085950651685,5373.848333333333,14.712794889345197,2704.7044791666667,0,0,1,25,1,Ruby,10.059271614476156,6.11712463042469,0
2.833213344056216,1.9459101490553132,2882.309386574074,7.891333022790072,763.1838541666667,8,1,1,135,1,Ruby,2.0275408418060925,0.7603278156772847,0
1.791759469228055,3.4011973816621555,2221.318842592593,6.081639541663498,852.3271064814815,13,1,1,68,1,Ruby,0.822146719769643,4.76845097466393,0
3.367295829986474,2.9444389791664403,5072.597789351852,13.888015850381525,64.11087962962964,0,0,1,44,1,Ruby,2.016126731251592,1.2960814700903092,0
4.07753744390572,2.9444389791664403,2893.0977430555554,7.9208699330747585,5.114108796296296,0,0,0,0,1,Ruby,7.322428027483757,2.2724776637018556,0
2.6390573296152584,2.1972245773362196,4809.701886574074,13.16824609602758,4429.454745370371,0,0,1,24,1,Ruby,0.9872233481360638,0.6075220603914239,0
4.382026634673881,3.367295829986474,2449.722060185185,6.706973470732882,13.778333333333334,0,0,1,85,1,Ruby,11.778785221789098,4.1747593191151235,0
3.7612001156935624,0.0,6134.327094907408,16.794872265318023,6078.360266203704,0,0,1,76,0,Ruby,2.5007632887289897,0.0,0
4.795790545596741,3.6888794541139363,5688.093738425926,15.573151919030598,1265.2771990740741,0,0,1,48,1,Ruby,7.705569214499115,2.5043099947122127,0
3.6888794541139363,2.833213344056216,5943.194189814815,16.271578890663424,836.8436921296296,0,0,1,38,1,Ruby,2.396817190394355,0.983309616572043,0
4.574710978503383,0.6931471805599453,3988.991724537037,10.921264132887165,8.996412037037038,3,1,1,19,1,Ruby,8.790191211557234,0.09156449178705453,0
5.488937726156687,0.0,6725.057534722222,18.412204064947904,91.90600694444444,3,1,1,36,1,Ruby,13.089144523376316,0.0,0
5.170483995038151,4.812184355372417,3641.470648148148,9.96980328035085,340.9327662037037,3,1,1,54,1,Ruby,17.553004315030126,12.236951579621003,0
5.583496308781699,4.330733340286331,1231.6742708333334,3.3721403718913985,5.816157407407408,7,1,1,38,1,Ruby,78.5851034580047,22.241067016416427,0
5.762051382780177,2.0794415416798357,4015.425787037037,10.99363665170989,36.424247685185186,5,1,1,49,0,Ruby,28.83486238838861,0.6367319770306633,0
6.423246963533519,3.1780538303479458,4869.135196759259,13.330965631099957,1.182013888888889,6,1,1,35,1,Ruby,46.133192224669735,1.7253063758819576,0
4.6913478822291435,1.0986122886681098,2604.6770949074075,7.131217234517201,46.73719907407408,7,1,1,80,1,Ruby,15.144679575493516,0.28045702917580584,0
5.1647859739235145,3.7612001156935624,4933.232546296296,13.506454609983015,7.632268518518519,3,1,1,95,1,Ruby,12.882729407863373,3.10962433982909,0
5.6240175061873385,4.174387269895637,6691.690821759259,18.320850983598245,1724.5482175925927,0,0,1,47,1,Ruby,15.064802407218377,3.493287514717305,0
5.541263545158426,3.4339872044851463,5347.61917824074,14.640983376429132,227.98047453703703,0,0,1,80,1,Ruby,17.348561464042138,2.049042692603402,0
6.3818160174060985,3.295836866004329,4164.638541666666,11.402158909422768,133.76547453703705,20,1,1,43,1,Ruby,51.74458667756531,2.280269921384234,0
4.6443908991413725,3.7376696182833684,4686.05587962963,12.829721778588993,877.1696643518519,0,0,1,28,1,Ruby,8.028233330195247,3.1957045294951953,0
6.035481432524756,3.4339872044851463,5667.296666666667,15.516212639744468,2372.822974537037,0,0,1,65,1,Ruby,26.875115060737365,1.9334615151609613,0
5.717027701406222,1.3862943611198906,4755.049317129629,13.018615515755316,96.85260416666667,10,1,1,33,1,Ruby,23.274364284996743,0.23043925034650242,0
5.517452896464707,4.31748811353631,5585.184594907408,15.291402039445332,26.644502314814815,13,1,1,72,1,Ruby,16.218264313518485,4.83932080322729,0
5.420534999272286,0.0,6423.8782060185185,17.58762000278855,111.13922453703704,0,0,1,51,1,Ruby,12.793089682647556,0.0,0
6.238324625039508,1.3862943611198906,2523.9226041666666,6.910123488478211,6.108217592592593,2,1,1,86,0,Ruby,73.94947439825499,0.43414564225981406,0
5.659482215759621,4.189654742026425,6664.404513888889,18.246145144117424,19.112349537037037,0,0,1,115,1,Ruby,15.674543731896526,3.562396302703756,0
6.6039438246004725,4.07753744390572,6535.821689814815,17.89410455801455,7.760266203703703,0,0,1,40,1,Ruby,41.18674939059226,3.2412909968173014,0
4.07753744390572,0.0,3050.5272800925927,8.351888514969453,3048.536053240741,0,0,1,29,1,Ruby,6.944537142233649,0.0,0
4.718498871295094,0.0,4037.8211226851854,11.05495173904226,2.317199074074074,0,0,1,45,1,Ruby,10.040749396307762,0.0,0
4.23410650459726,3.4657359027997265,3852.8996412037036,10.54866431541055,53.87122685185185,5,1,1,52,1,Ruby,6.446313767010176,2.938760687901698,0
5.375278407684165,5.1298987149230735,3872.4718865740742,10.602250202803763,0.8849652777777778,7,1,1,35,1,Ruby,20.27871403592638,15.845692828072709,0
4.454347296253507,3.871201010907891,5581.80443287037,15.282147660151594,75.40592592592593,0,0,1,102,1,Ruby,5.562045459201958,3.075483959794024,0
5.0689042022202315,2.833213344056216,4744.049872685186,12.98850067812508,28.069027777777777,0,0,1,38,1,Ruby,12.164606517371155,1.2318588878350536,0
4.812184355372417,3.6109179126442243,2168.8401041666666,5.937960586356377,6.386956018518519,0,0,1,35,1,Ruby,20.545774635203674,6.062687597273216,0
4.0943445622221,3.367295829986474,2021.708761574074,5.535136924227444,85.78962962962963,2,1,1,76,1,Ruby,10.65917624219112,5.0585921149381585,0
4.532599493153256,2.833213344056216,6159.28005787037,16.863189754607447,1735.704386574074,0,0,1,61,1,Ruby,5.455670092003992,0.9488121899137378,0
5.932245187448011,1.6094379124341003,4649.097951388889,12.728536485664309,6.0774537037037035,3,1,1,87,1,Ruby,29.539923967179984,0.31425451028914875,0
5.5053315359323625,0.0,1841.7220023148147,5.042360033716125,0.8807523148148149,3,1,1,80,1,Ruby,48.58835909411244,0.0,0
5.805134968916488,4.143134726391533,5512.441712962963,15.092242882855476,0.5299305555555556,0,0,1,40,0,Ruby,21.93179652416078,4.1080706480301155,0
6.3578422665081,3.4657359027997265,5241.860694444445,14.351432428321546,0.6558449074074074,6,1,1,124,1,Ruby,40.135366478352665,2.1600631264391192,0
7.132497551660044,0.0,5953.615625,16.30011122518823,2769.7911689814814,0,0,1,34,1,Ruby,76.7479425580149,0.0,0
5.955837369464831,2.772588722239781,5271.829849537037,14.433483503181485,56.7165625,0,0,1,43,1,Ruby,26.674087368800247,1.0392501572259838,0
5.717027701406222,4.574710978503383,1638.4642708333333,4.485870693588866,16.19241898148148,3,1,1,43,1,Ruby,67.545415527256,21.40052769180388,0
4.736198448394496,2.0794415416798357,4594.2389814814815,12.578340811722057,70.23706018518519,8,1,1,57,1,Ruby,8.983696792083467,0.5565121906600378,0
4.624972813284271,1.791759469228055,1243.8228703703703,3.405401424696428,621.830787037037,10,1,1,41,1,Ruby,29.658764827997793,1.4682556845543462,0
5.14166355650266,3.332204510175204,5388.865393518518,14.753909359393617,70.50258101851851,12,1,1,71,1,Ruby,11.522369824765343,1.8300234427568487,0
4.219507705176107,3.044522437723423,1660.0791550925926,4.545049021471848,634.7226388888889,9,1,1,59,1,Ruby,14.741315150502606,4.400392582239584,0
5.8888779583328805,4.624972813284271,4771.781226851852,13.064424987958526,546.6898032407407,7,1,1,127,1,Ruby,27.5557477907992,7.730918130196442,0
5.049856007249537,1.791759469228055,5512.639907407407,15.092785509671204,2530.7933564814816,1,1,1,12,1,Ruby,10.26980737920635,0.33128410900665645,0
5.267858159063328,3.58351893845611,5599.043020833334,15.329344341775041,53.882280092592595,0,0,1,30,1,Ruby,12.59023189100414,2.28320267453443,0
6.251903883165888,4.574710978503383,5684.973622685186,15.564609507693868,3057.6693171296297,0,0,1,59,1,Ruby,33.28062934980432,6.16783864397918,0
4.927253685157205,2.9444389791664403,5721.688773148148,15.665130111288565,1322.7913078703705,0,0,1,55,1,Ruby,8.745538596023241,1.1490488666307908,0
5.981414211254481,2.772588722239781,6212.760347222223,17.00961080690547,4866.0323148148145,0,0,1,123,1,Ruby,23.222165661758705,0.881854392218685,0
4.700480365792417,2.5649493574615367,6517.34587962963,17.84352054655614,3111.777025462963,0,0,1,71,1,Ruby,6.108659987562677,0.6725130261536892,0
4.343805421853684,2.3978952727983707,4214.028935185185,11.53738243719421,808.9509606481481,0,0,1,69,1,Ruby,6.587282723245025,0.8667477267427665,0
5.003946305945459,4.442651256490317,4139.975856481481,11.334636157375718,114.06819444444444,7,1,1,90,1,Ruby,13.0573225240841,7.410912783939624,0
6.028278520230698,4.110873864173311,2170.704976851852,5.943066329505412,563.4732523148148,2,1,1,69,1,Ruby,69.66100949347026,10.095798477314531,0
5.187385805840755,0.6931471805599453,3098.8424652777776,8.484168282759144,0.05831018518518519,9,1,1,19,1,Ruby,20.980253345718932,0.11786659182988164,0
3.784189633918261,2.0794415416798357,3902.1579976851854,10.68352634547621,1923.6551273148148,0,0,1,74,1,Ruby,4.024888282154866,0.6552143715135829,0
5.19295685089021,3.58351893845611,3953.956064814815,10.825341724338987,1196.0556597222221,0,0,1,47,1,Ruby,16.535274780060583,3.233154286604025,0
4.983606621708336,0.6931471805599453,3430.595740740741,9.39245924911907,2366.9660763888887,6,1,1,65,1,Ruby,15.437916327781748,0.10646838846746033,0
4.7535901911063645,3.784189633918261,3163.51712962963,8.661237863462368,1358.86375,6,1,1,27,0,Ruby,13.277547830100609,4.964648319081097,0
6.169610732491456,5.91350300563827,3666.852083333333,10.039293862651151,0.08597222222222223,15,1,1,92,1,Ruby,47.51330188416609,36.755573155675656,0
4.564348191467836,1.6094379124341003,3081.5798495370373,8.4369058166654,1090.180162037037,3,1,1,25,1,Ruby,11.26005221159951,0.474107461541032,0
5.7899601708972535,3.091042453358316,5042.450219907408,13.805476303647934,125.9097337962963,0,0,1,41,1,Ruby,23.613817649584345,1.5211354927646357,0
5.6937321388027,2.70805020110221,6162.211956018518,16.871216854260147,1138.5828125,6,1,1,38,1,Ruby,17.544674018297446,0.8298156630275819,0
5.332718793265369,2.6390573296152584,6429.9593981481485,17.60426939944736,320.1352199074074,4,1,1,60,1,Ruby,11.701706860181702,0.7384572290405929,0
5.75890177387728,5.272999558563747,2319.057094907407,6.349232292696529,0.03770833333333334,16,1,1,85,1,Ruby,49.76979663564873,30.554875149733714,0
5.786897381366708,0.0,4125.998518518519,11.29636829163181,638.8115625,0,0,1,100,0,Ruby,28.7703084398156,0.0,0
4.68213122712422,2.302585092994046,6076.338217592593,16.63610737191675,1238.780960648148,0,0,1,59,1,Ruby,6.431793063600061,0.5409919399289771,0
5.886104031450156,4.795790545596741,5294.959247685185,14.496808344107283,1154.8616435185186,0,0,1,16,1,Ruby,24.76407161345467,8.277684104775934,0
5.857933154483459,5.0106352940962555,5706.104027777777,15.62246140390904,770.5391203703704,1,1,1,46,1,Ruby,22.339629522955548,9.537549567107098,0
6.274762021241939,3.8918202981106265,6791.729664351852,18.59474240753416,0.38809027777777777,0,0,1,135,1,Ruby,28.502680402028922,2.5813748288629967,0
5.241747015059643,4.477336814478207,5804.515810185185,15.891898179836234,4258.4904050925925,0,0,1,213,1,Ruby,11.829927292042173,5.474487629828027,0
5.634789603169249,2.9444389791664403,6484.0981365740745,17.75249318706112,212.66780092592592,5,1,1,133,1,Ruby,15.716102355884793,1.0139420874764382,0
6.218600119691729,4.430816798843313,6076.164351851852,16.63563135346161,1724.5465277777778,0,0,1,69,1,Ruby,30.116079717993387,4.9892906518831355,0
6.22455842927536,4.248495242049359,5238.114050925926,14.341174677415266,754.0002662037037,0,0,1,69,1,Ruby,35.14356468955839,4.811321356308588,0
4.51085950651685,0.0,4792.522592592592,13.121211752478008,233.65348379629629,5,1,1,40,1,Ruby,6.859122594603584,0.0,0
4.653960350157523,1.9459101490553132,5274.329988425926,14.440328510406369,74.60537037037037,0,0,1,51,1,Ruby,7.2020522195913195,0.41550301266872997,0
4.174387269895637,3.5553480614894135,5838.812835648148,15.9857983179963,2067.3576388888887,7,1,1,77,1,Ruby,4.003553574672017,2.1268878365445087,0
5.003946305945459,2.5649493574615367,5286.5548032407405,14.473798229269653,7.6173263888888885,0,0,1,45,1,Ruby,10.225373993448855,0.8290843778472045,0
4.912654885736052,4.477336814478207,4935.810289351852,13.513512085836691,80.40994212962963,0,0,1,56,1,Ruby,9.990001055424479,6.4380006801624425,0
4.51085950651685,2.302585092994046,4745.123657407407,12.991440540472025,162.5330787037037,0,0,1,24,1,Ruby,6.927638218381129,0.6927638218381129,0
5.552959584921617,2.70805020110221,5630.450567129629,15.41533351712424,806.2068171296296,6,1,1,37,1,Ruby,16.67171194930746,0.9081866431529356,0
5.318119993844216,2.6390573296152584,5333.015995370371,14.601002040712856,27.938900462962962,3,1,1,64,1,Ruby,13.903155374813512,0.8903498515890426,0
3.7376696182833684,1.3862943611198906,2322.9718402777776,6.359950281390219,496.92761574074075,18,1,1,61,0,Ruby,6.446591276030828,0.4717018006851826,0
4.727387818712341,0.0,4471.548541666667,12.242432694501485,354.5876851851852,0,0,1,40,1,Ruby,9.148508535423945,0.0,0
5.484796933490655,3.1780538303479458,5285.667650462963,14.471369337338707,20.89878472222222,4,1,1,47,1,Ruby,16.584470647208022,1.5893451036907689,0
5.720311776607412,3.4965075614664802,4262.812118055555,11.670943512814663,3.0560300925925925,0,0,1,38,1,Ruby,26.047594152624324,2.7418520160657183,0
5.170483995038151,3.9889840465642745,4670.596145833333,12.78739533424595,1539.085625,0,0,1,32,1,Ruby,13.685351506364407,4.14470645621322,0
6.1675164908883415,4.465908118654584,6098.229131944445,16.69604142900601,54.64378472222222,3,1,1,59,1,Ruby,28.509751968693962,5.1509215741758,0
5.634789603169249,4.90527477843843,4692.255196759259,12.84669458387203,497.26564814814816,5,1,1,84,1,Ruby,21.717648705548086,10.430698661446035,0
5.1298987149230735,2.833213344056216,6758.473171296297,18.503691091844754,4139.392418981482,0,0,1,47,1,Ruby,9.079269599028471,0.8646923427646163,0
10.016235712227882,7.381501894506707,6717.357164351852,18.39112159986818,0.1405787037037037,7,1,1,13,1,Ruby,1217.2177688260435,87.27037072124541,1
8.644706511715198,0.0,973.5210648148148,2.665355413592922,403.5231712962963,8,1,1,37,1,Ruby,2130.6726941697652,0.0,1
9.239899174217728,5.54907608489522,6525.1840625,17.86498032169747,28.707280092592594,6,1,1,75,1,Ruby,576.4909792535066,14.32971071840933,1
8.921190556249368,8.415824697027949,3843.828252314815,10.523828206200726,0.04770833333333333,9,1,1,65,1,Ruby,711.5281486244719,429.2164326037313,1
8.367532416861831,6.54534966033442,4923.203877314815,13.47899761071818,2.6597916666666666,12,1,1,80,1,Ruby,319.3115782272683,51.5616976923679,1
9.333088837235236,2.5649493574615367,3831.2399074074074,10.48936319618729,0.004664351851851852,5,1,1,36,1,Ruby,1077.758467178368,1.1440160642317927,1
9.10597935665144,5.583496308781699,4980.436238425926,13.635691275635663,0.0012847222222222223,7,1,1,56,1,Ruby,660.619239458402,19.43429156932466,1
8.703838719690246,6.499787040655854,4290.745462962963,11.74742084315664,0.5966319444444445,10,1,1,78,1,Ruby,512.8785356753276,56.52304525948839,1
7.875119281040293,5.384495062789089,4694.693043981481,12.8533690458083,1.9381481481481482,9,1,1,25,1,Ruby,204.61561405627634,16.88273317498554,1
9.613068404374461,6.405228458030842,5481.194976851852,15.006693981798362,1.3990625,1,1,1,20,1,Ruby,996.755182596685,40.248705060061354,1
7.617759576608505,5.0238805208462765,4097.686678240741,11.218854697442136,740.9117476851852,5,1,1,35,0,Ruby,181.21279353618132,13.459484419067085,1
9.079434102128383,7.204892510204673,2575.168923611111,7.050428264506807,0.0028935185185185184,19,1,1,126,1,Ruby,1244.1797392875992,190.76855327654138,1
8.189522110748094,4.143134726391533,4438.215127314815,12.151170779780465,820.505150462963,0,0,1,37,0,Ruby,296.43234098838644,5.102388989805652,1
8.388450315523512,6.625392368007956,6067.096979166667,16.610806240018253,1.0464236111111112,4,1,1,73,1,Ruby,264.58679587819756,45.33193567605979,1
8.052614818815567,2.4849066497880004,4435.8680208333335,12.144744752452658,0.21966435185185185,13,1,1,87,1,Ruby,258.63038408984823,0.9057415552334706,1
8.699514748210191,3.6109179126442243,5447.769895833333,14.915181097421856,0.06923611111111111,3,1,1,76,1,Ruby,402.2076541220776,2.4136481994323713,1
8.607764889600624,5.455321115357702,6193.943680555555,16.958093581260933,70.72331018518518,4,1,1,55,1,Ruby,322.73674949215905,13.739751988246494,1
8.637107288081575,6.53813982376767,6029.790775462963,16.508667420843157,0.1634722222222222,8,1,1,29,1,Ruby,341.396422638221,41.79622633434572,1
8.338066525518801,4.875197323201151,3578.4943634259257,9.797383609653458,0.6151273148148149,7,1,1,26,1,Ruby,426.5424491373789,13.268848621167566,1
9.380251908693456,3.5553480614894135,5293.367233796296,14.492449647628463,0.003414351851851852,3,1,1,81,1,Ruby,817.7361514545121,2.3460492067718683,1
7.363913501405819,0.6931471805599453,4531.061851851852,12.40537125763683,89.86497685185185,2,1,1,97,0,Ruby,127.12235428094812,0.08061024367847058,1
7.519692404116539,4.812184355372417,1155.6244444444444,3.1639272948513195,1.0808912037037037,13,1,1,77,1,Ruby,582.5039036134384,38.55967240414514,1
7.157735484249907,4.564348191467836,3421.950798611111,9.368790687504754,14.346377314814815,5,1,1,84,1,Ruby,136.94403501949824,10.140049358419589,1
8.150179269682326,5.4116460518550396,5025.038136574074,13.757804617588157,0.0029976851851851853,20,1,1,310,1,Ruby,251.71167175705168,16.208981461687127,1
8.574140471857987,4.927253685157205,6748.839247685185,18.477314846502903,0.034305555555555554,15,1,1,204,1,Ruby,286.405251193822,7.41449724367982,1
9.532786124364256,4.605170185988092,3836.163541666667,10.502843372119553,0.019664351851851853,5,1,1,94,1,Ruby,1314.3107548041296,9.42601888768537,1
7.893945138235959,6.728628613084702,5497.446678240741,15.051188715238167,56.55417824074074,7,1,1,29,1,Ruby,178.05902581546312,55.4773457298178,1
6.342121418721152,2.9444389791664403,4795.892199074074,13.130437232235657,0.10895833333333334,1,1,1,51,0,Ruby,43.182111149200445,1.3708606714031888,1
6.618738983517219,5.10594547390058,1332.848587962963,3.6491405556823078,0.00568287037037037,0,0,1,25,1,Ruby,204.97977224671214,44.94208910222031,1
6.70196036600254,4.290459441148391,3957.7977199074076,10.835859602758132,201.53626157407408,14,1,1,96,1,Ruby,75.02865760581292,6.644604363614429,1
7.3537223303996315,4.5217885770490405,5999.682789351852,16.42623624736989,280.5267939814815,7,1,1,98,1,Ruby,95.03089913551814,5.539917886823928,1
6.440946540632921,4.584967478670572,5743.5446296296295,15.724968185159835,52.81730324074074,0,0,1,35,1,Ruby,39.80930152792148,6.168533942824893,1
8.587651655064798,5.43372200355424,5593.500613425926,15.314170057292062,0.04762731481481482,4,1,1,101,1,Ruby,350.2638393025977,14.888172140378874,1
7.9603236291488395,6.054439346269371,5830.231967592593,15.96230518163612,34.59560185185185,7,1,1,57,1,Ruby,179.42270664608625,26.62522706864059,1
7.2485040723706105,4.90527477843843,5553.0919675925925,15.203537214490328,1.0884953703703704,5,1,1,51,1,Ruby,92.41270502899216,8.813738415576477,1
7.815207062189088,3.1354942159291497,5341.4837847222225,14.624185584455093,14.718368055555555,4,1,1,48,1,Ruby,169.37695338282285,1.5043572767146154,1
7.462789157412448,4.31748811353631,6395.7778009259255,17.510685286587066,44.29210648148148,4,1,1,58,1,Ruby,99.42500658918135,4.225991089947972,1
8.049107721326406,5.056245805348308,5246.030648148148,14.362849139351535,0.055324074074074074,6,1,1,83,1,Ruby,217.923336075736,10.861354769269909,1
7.635786861395585,3.8066624897703196,6439.393472222222,17.630098486576927,43.038020833333334,4,1,1,67,1,Ruby,117.41284381230435,2.4957319457687883,1
6.376726947898627,4.605170185988092,1322.6424305555556,3.6211976195908435,0.011712962962962963,12,1,1,163,1,Ruby,162.10106756513463,27.33902161660703,1
8.075893630298857,3.7376696182833684,6459.731585648148,17.685781206428878,0.4663773148148148,2,1,1,79,1,Ruby,181.7844494667462,2.3182464784250683,1
7.338238150065589,6.049733455231958,6689.810185185185,18.315702081273606,4.7670717592592595,0,0,1,87,1,Ruby,83.91706707063466,23.094937781963864,1
6.7912214627261855,0.6931471805599453,4697.317094907407,12.860553305701321,11.355185185185185,7,1,1,13,1,Ruby,69.12610825273667,0.07775715214031122,1
6.97166860472579,6.674561391814426,5719.615358796296,15.659453412173296,5.666226851851852,1,1,1,108,1,Ruby,68.01003661929181,50.51261874728622,1
7.331714969726466,0.6931471805599453,5038.882395833333,13.79570813369838,66.92287037037038,6,1,1,36,0,Ruby,110.68659797680418,0.07248631170714091,1
5.908082938168931,5.123963979403259,890.630625,2.4384137577002054,0.5846527777777778,9,1,1,84,1,Ruby,150.50768100411997,68.48714639697012,1
7.293017679772782,3.1354942159291497,6144.524178240741,16.82279035794864,49.83422453703704,1,1,1,46,1,Ruby,87.32201785454151,1.3077497568413297,1
7.116394144093465,5.480638923341991,5873.853449074074,16.08173428904606,0.00798611111111111,4,1,1,61,1,Ruby,76.54647054071062,14.861581201648933,1
7.203405521083095,0.0,5164.601608796296,14.139908579866656,12.07695601851852,8,1,1,174,1,Ruby,94.97939766826023,0.0,1
8.109224953089955,3.4339872044851463,5982.8528125,16.380158281998632,0.03359953703703704,5,1,1,60,1,Ruby,202.92844200736386,1.831484133640468,1
6.049733455231958,6.280395838960195,405.2779050925926,1.1095904314650038,0.15947916666666667,0,0,1,51,1,Ruby,381.2217445328081,480.3574227801104,1
7.617759576608505,1.9459101490553132,516.1468171296297,1.4131329695540853,0.026238425925925925,0,0,1,15,1,Ruby,1438.6473486932473,4.245884944495565,1
7.206377291472252,2.5649493574615367,5149.3183101851855,14.098065188734251,10.715798611111111,0,0,1,33,0,Ruby,95.54502564482297,0.8511806293525431,1
7.4133673356952405,4.418840607796598,6229.435081018519,17.055263739954878,0.5440625,10,1,1,127,1,Ruby,97.15475675220392,4.807899851346241,1
7.529943370601589,4.564348191467836,3627.53662037037,9.93165399143154,458.685787037037,0,0,1,38,1,Ruby,187.48136026551333,9.56537552375068,1
7.845807502637805,5.497168225293202,6161.550393518519,16.869405594848786,885.9213657407407,0,0,1,121,0,Ruby,151.39833977196477,14.404775475562818,1
7.787382026484701,3.9889840465642745,6717.622060185186,18.39184684513398,1145.7056481481482,0,0,1,48,1,Ruby,130.98195196407698,2.881711687046941,1
6.755768921984255,0.0,5609.800532407407,15.358796803305701,717.6846527777777,8,1,1,27,1,Ruby,55.863750981804195,0.0,1
6.171700597410915,1.9459101490553132,4425.040324074074,12.115100134357492,16.57576388888889,0,0,1,36,1,Ruby,39.454894693311594,0.49524972418382757,1
6.573680166960646,4.442651256490317,6406.315486111111,17.539535896265875,61.505694444444444,0,0,1,17,1,Ruby,40.76504670526783,4.789180312227269,1
7.408530566894626,3.9318256327243257,6577.676585648148,18.008697017517175,1.9022800925925927,0,0,1,83,0,Ruby,91.56686896314638,2.776436293606621,1
8.374476889214643,0.0,2156.433125,5.903992128678987,38.75842592592593,11,1,1,127,1,Ruby,734.0795694742446,0.0,1
6.97914527506881,4.31748811353631,5686.115810185185,15.567736646639796,193.4309722222222,4,1,1,100,1,Ruby,68.92459863339226,4.7534205954063635,1
6.464588303689961,2.6390573296152584,5049.065127314815,13.82358693310011,4.109409722222222,1,1,1,61,1,Ruby,46.370019814838884,0.940421618709681,1
7.8336002236611035,6.013715156042802,6437.592569444444,17.625167883489237,0.48789351851851853,7,1,1,186,1,Ruby,143.1475726460158,23.148715671650592,1
7.16703787691222,3.6375861597263857,6090.854375,16.675850444900753,152.48133101851852,5,1,1,80,1,Ruby,77.65720880496342,2.2187773944275264,1
7.845807502637805,4.382026634673881,6663.8739467592595,18.244692530483942,10.801770833333334,9,1,1,51,1,Ruby,139.9859162182469,4.330026382631756,1
7.074963197966044,4.343805421853684,801.7990393518519,2.1952061310112305,0.1272800925925926,4,1,1,43,1,Ruby,537.9904799445725,34.62089456036199,1
6.884486652042782,4.663439094112067,5998.596921296296,16.423263302659265,185.83163194444444,4,1,1,71,1,Ruby,59.42789700278175,6.393370066897626,1
7.7102051944325325,5.313205979041787,5874.745208333334,16.084175792835957,1.9247916666666667,0,0,1,90,1,Ruby,138.64558736004756,12.558927644273368,1
7.700747794511798,4.59511985013459,5830.644004629629,15.963433277562299,25.90888888888889,0,0,1,43,1,Ruby,138.37875359211736,6.139030263480083,1
7.306531398939505,4.634728988229636,5457.35275462963,14.941417534920273,0.4184027777777778,4,1,1,44,1,Ruby,99.65587244449797,6.8266615106372015,1
6.222576268071369,2.772588722239781,4590.788460648148,12.5688938005425,281.368599537037,4,1,1,69,1,Ruby,40.0194327346683,1.1934224473559134,1
6.738152494595957,4.867534450455582,4322.866180555556,11.835362575100769,167.43184027777778,10,1,1,93,1,Ruby,71.22722220386413,10.89953934080483,1
6.028278520230698,4.330733340286331,4470.209664351852,12.238767048191244,63.041099537037034,5,1,1,36,1,Ruby,33.826936845013705,6.128068269024221,1
6.124683390894205,2.0794415416798357,6227.796238425926,17.050776833472764,3.12,0,0,1,49,1,Ruby,26.743649538877087,0.4105384797634641,1
6.656726524178391,4.762173934797756,5849.453564814815,16.014931046720918,18.740162037037038,9,1,1,79,1,Ruby,48.51722419117702,7.243240677189877,1
6.6240652277998935,2.995732273553991,6244.550636574074,17.09664787563059,7.959131944444445,2,1,1,33,1,Ruby,43.98523064114188,1.1113289656671488,1
6.811244378601294,2.0794415416798357,6305.814710648148,17.264379769057218,115.83217592592592,5,1,1,34,1,Ruby,52.53591569073379,0.4054591067642078,1
7.2115567333138015,1.6094379124341003,5401.536655092593,14.788601382868153,226.46975694444444,0,0,1,75,1,Ruby,91.55700156801444,0.2704785866115641,1
7.091742115095153,2.4849066497880004,3588.846273148148,9.825725593834767,1106.207349537037,3,1,1,27,1,Ruby,122.23015883463889,1.1195101974862844,1
6.068425588244111,4.23410650459726,5014.994305555556,13.730306106928284,784.1203935185185,0,0,1,31,1,Ruby,31.390414506674276,4.952547996412647,1
6.415096959171596,4.836281906951478,5747.113414351852,15.734738985220677,183.30100694444445,8,1,1,89,1,Ruby,38.76772284389088,7.944205500797311,1
6.423246963533519,3.4965075614664802,160.01981481481482,0.4381103759474738,43.62523148148148,0,0,1,51,1,Ruby,1403.7558427370684,73.04095441883933,1
3.8501476017100584,1.791759469228055,3996.903599537037,10.942925666083605,513.0761805555555,2,1,1,50,1,PHP,4.203629029718437,0.45691619888243873,0
3.9512437185814275,1.791759469228055,5319.194351851852,14.56316044312622,858.5200925925926,3,1,1,35,1,PHP,3.5019870995153313,0.3433320685799345,0
4.787491742782046,2.4849066497880004,4896.796122685185,13.406697118919055,3326.827650462963,0,0,1,57,0,PHP,8.876160842932107,0.8204854560693543,0
4.04305126783455,2.9444389791664403,5466.492974537037,14.966442093188329,2370.009791666667,0,0,1,32,0,PHP,3.7417042508377634,1.2026906520549954,0
2.3978952727983707,1.3862943611198906,3464.949224537037,9.486513961771491,233.78896990740742,2,1,1,58,1,PHP,1.0541280011074396,0.3162384003322319,0
2.995732273553991,0.0,3997.5364583333335,10.94465833903719,213.0116087962963,5,1,1,35,1,PHP,1.7360066811981858,0.0,0
4.290459441148391,3.9512437185814275,4586.033356481482,12.555875034856898,1018.7247916666666,0,0,1,27,1,PHP,5.734367361901719,4.061843548013718,0
3.1780538303479458,1.0986122886681098,3693.6712037037037,10.112720612467362,2156.786134259259,0,0,1,19,0,PHP,2.274363238280774,0.19777071637224122,0
4.007333185232471,2.70805020110221,939.8458101851852,2.5731575911983167,7.687789351851852,16,1,1,105,1,PHP,20.985889159960955,5.440786078508396,0
5.087596335232384,1.9459101490553132,2058.774513888889,5.636617423378204,995.6252777777778,0,0,1,20,0,PHP,28.56323002023217,1.0644681995117578,0
3.367295829986474,0.0,2219.4114351851854,6.0764173447917464,1699.1672222222223,0,0,1,45,0,PHP,4.607978420705339,0.0,0
4.04305126783455,1.0986122886681098,2977.5217592592594,8.152010292290923,1526.0638541666667,5,1,1,113,1,PHP,6.869471209200666,0.24533825747145235,0
5.43372200355424,1.9459101490553132,4548.784571759259,12.453893420285446,12.42736111111111,2,1,1,129,1,PHP,18.307527799187973,0.48177704734705196,0
3.258096538021482,1.0986122886681098,5348.881585648148,14.644439659543183,4268.977916666667,3,1,1,20,1,PHP,1.7071325759950482,0.13657060607960386,0
2.70805020110221,2.4849066497880004,835.0891203703703,2.2863494055314724,112.70017361111111,0,0,1,29,1,PHP,6.123298550138112,4.811163146537089,0
3.4011973816621555,2.70805020110221,863.0173032407407,2.3628126029862853,2.9702199074074076,3,1,1,95,1,PHP,12.273508260175946,5.925141918705629,0
3.9318256327243257,2.0794415416798357,2892.800914351852,7.920057260374681,2690.144861111111,0,0,1,9,1,PHP,6.313085670498626,0.8838319938698076,0
4.23410650459726,0.0,3364.2538078703706,9.210824935990063,530.9401041666666,7,1,1,77,1,PHP,7.382617786415539,0.0,0
4.770684624465665,3.258096538021482,4388.1937847222225,12.014219807589932,336.89783564814815,0,0,1,102,1,PHP,9.738460080952219,2.080867538665004,0
4.060443010546419,1.6094379124341003,3179.963946759259,8.706266794686542,624.1263773148148,3,1,1,23,0,PHP,6.5470081889504295,0.4594391711544161,0
4.23410650459726,1.0986122886681098,1250.0447569444445,3.4224360217507037,74.43138888888889,4,1,1,168,1,PHP,19.868888583405997,0.5843790759825294,0
4.007333185232471,3.713572066704308,3080.7227314814813,8.434559155322331,204.80358796296295,0,0,1,49,1,PHP,6.4022314629123445,4.742393676231367,0
5.14166355650266,0.0,5869.7340625,16.07045602327173,3492.0703819444443,2,1,1,39,1,PHP,10.578417921297435,0.0,0
3.784189633918261,0.0,922.0894791666667,2.524543406342688,67.16170138888889,6,1,1,21,1,PHP,17.03278299432934,0.0,0
3.295836866004329,0.0,4457.638055555555,12.204347859152787,147.78238425925926,4,1,1,31,1,PHP,2.130388309155004,0.0,0
4.31748811353631,2.302585092994046,4519.940671296296,12.374923124698963,1049.8300347222223,0,0,1,40,1,PHP,5.979835127404087,0.7272772452248213,0
2.4849066497880004,1.0986122886681098,4925.106736111111,13.484207354171419,3206.305115740741,0,0,1,78,1,PHP,0.8157691224317375,0.14832165862395227,0
4.04305126783455,2.995732273553991,4836.990960648148,13.242959508961391,2190.624571759259,0,0,1,38,1,PHP,4.2286620269514,1.4347246162870824,0
2.833213344056216,0.6931471805599453,1987.0393287037036,5.440217190153877,1555.9413310185184,5,1,1,29,1,PHP,2.941059049803752,0.1838161906127345,0
4.553876891600541,3.1780538303479458,4611.961759259259,12.626863132811113,2559.0700231481483,0,0,1,104,1,PHP,7.444445941267823,1.8215133686080842,0
3.7376696182833684,2.70805020110221,3630.505300925926,9.939781795827313,3517.130810185185,0,0,1,23,1,PHP,4.12483903994871,1.4084816233971205,0
2.1972245773362196,0.0,4149.754502314815,11.361408630567597,2903.622673611111,0,0,1,11,0,PHP,0.704138039580426,0.0,0
4.406719247264253,5.645446897643238,4102.797476851852,11.23284730144244,351.0128125,0,0,1,15,1,PHP,7.210994490203617,25.104943780708886,0
4.912654885736052,2.0794415416798357,4986.928229166667,13.653465377595255,1454.6177777777777,0,0,1,59,0,PHP,9.887599687441194,0.5126903541636174,0
4.07753744390572,3.713572066704308,4598.836377314815,12.590927795523108,29.7528125,0,0,1,19,0,PHP,4.606491351703467,3.1768905873817017,0
4.219507705176107,3.367295829986474,3007.3570833333333,8.233694957791467,1230.6154166666668,0,0,1,35,0,PHP,8.137294415625458,3.400660352798699,0
4.343805421853684,3.8066624897703196,3317.46724537037,9.082730309022232,1176.996412037037,0,0,1,52,1,PHP,8.36752798049131,4.8443583044949685,0
3.9889840465642745,0.6931471805599453,1971.0992013888888,5.3965755000380256,1624.1467708333332,6,1,1,98,1,PHP,9.82104299284362,0.1853026979781815,0
4.74493212836325,2.3978952727983707,5509.689837962963,15.084708659720638,4838.198217592592,0,0,1,80,1,PHP,7.557321959051427,0.6629229788641603,0
3.4965075614664802,2.772588722239781,1933.2342824074074,5.292907001799883,31.284444444444443,0,0,1,50,1,PHP,6.045826988669594,2.8339814009388724,0
3.5263605246161616,1.6094379124341003,3675.7874537037037,10.063757573452987,3662.383449074074,0,0,1,25,0,PHP,3.2790932968268365,0.3974658541608287,0
4.02535169073515,3.044522437723423,5313.781863425926,14.548341857428955,2297.4474652777776,0,0,1,57,1,PHP,3.780499560636516,1.374727112958733,0
3.6635616461296463,0.0,4030.2712268518517,11.034281250792201,1603.3551388888889,5,1,1,37,1,PHP,3.443812889695177,0.0,0
4.672828834461906,3.58351893845611,803.9627662037037,2.2011300922757115,344.9592824074074,15,1,1,71,0,PHP,48.15708093400712,15.900922949908011,0
4.248495242049359,1.9459101490553132,4473.110555555556,12.24670925545669,677.3911574074074,0,0,1,70,1,PHP,5.634166579830913,0.4899275286809489,0
4.0943445622221,0.0,4217.564733796296,11.54706292620478,330.4586689814815,8,1,1,36,1,PHP,5.109524419937648,0.0,0
3.4965075614664802,1.791759469228055,2037.8622222222223,5.579362689177884,2037.4660532407408,0,0,0,0,0,PHP,5.735422087198131,0.896159701124708,0
4.0943445622221,0.6931471805599453,5662.031898148148,15.501798489111971,3041.0696064814815,4,1,1,63,1,PHP,3.80600999564276,0.06450864399394508,0
3.6888794541139363,1.6094379124341003,4750.231967592593,13.005426331533451,3423.8527314814814,0,0,1,37,0,PHP,2.9987482921216597,0.3075639273970933,0
3.044522437723423,0.0,3588.204583333333,9.82396874287018,655.5198611111111,3,1,1,38,1,PHP,2.03583709633799,0.0,0
3.5263605246161616,1.791759469228055,1652.097025462963,4.523195141582376,82.66394675925926,0,0,1,75,1,PHP,7.295727680777313,1.1054132849662595,0
2.3978952727983707,0.0,148.27724537037037,0.4059609729510482,0.0894675925925926,7,1,1,92,1,PHP,24.632909728506895,0.0,0
4.04305126783455,4.007333185232471,2871.65474537037,7.8621622049839015,265.43857638888886,19,1,1,175,1,PHP,7.122722546286447,6.868339598204788,0
3.9318256327243257,2.8903717578961645,4503.270763888889,12.329283405582173,1589.6974652777778,4,1,1,44,1,PHP,4.055385731287687,1.3788311486378135,0
2.4849066497880004,4.1588830833596715,3788.1852893518517,10.371486076254214,1233.2727777777777,0,0,1,41,0,PHP,1.0606001800633744,6.074346485817507,0
4.07753744390572,5.231108616854587,1757.759039351852,4.812481969478034,835.7913194444444,0,0,0,0,1,PHP,12.051993205969504,38.649495453626336,0
4.762173934797756,1.6094379124341003,4529.710775462963,12.401672212082035,1657.2341666666666,4,1,1,28,1,PHP,9.353577325402114,0.32253714915179704,0
3.9512437185814275,2.0794415416798357,1717.8929976851853,4.70333469592111,381.6339814814815,4,1,1,39,1,PHP,10.843370352577484,1.4883057346674977,0
3.044522437723423,2.3978952727983707,3926.500983796296,10.750173809161659,2843.7745601851852,0,0,1,50,1,PHP,1.8604350362182358,0.9302175181091179,0
3.6635616461296463,1.3862943611198906,4409.305787037037,12.072021319745481,3480.7916319444444,0,0,0,0,0,PHP,3.1477744276218003,0.24850850744382633,0
3.6888794541139363,3.4657359027997265,5077.119803240741,13.900396449666642,51.66329861111111,5,1,1,99,1,PHP,2.8056753734484525,2.230152219920565,0
2.8903717578961645,0.0,4037.741273148148,11.05473312292443,902.9446643518519,5,1,1,64,1,PHP,1.537802840734956,0.0,0
3.367295829986474,1.0986122886681098,2070.709097222222,5.669292531751464,548.0221296296296,8,1,1,36,1,PHP,4.938887849442074,0.3527777035315767,0
2.4849066497880004,3.091042453358316,4002.620185185185,10.958576824600096,2093.6720717592593,0,0,1,99,0,PHP,1.0037799776433485,1.9163072300463924,0
2.70805020110221,1.3862943611198906,2704.8319791666668,7.4054263632215385,1230.5982060185186,0,0,1,55,1,PHP,1.8905055986418131,0.40510834256610284,0
2.3978952727983707,0.6931471805599453,78.88164351851852,0.21596616979744973,5.7458680555555555,0,0,1,181,1,PHP,46.303548418619435,4.630354841861943,0
3.258096538021482,2.0794415416798357,885.4961458333333,2.4243563198722335,66.95876157407407,3,1,1,119,1,PHP,10.312015521430252,2.8873643460004708,0
4.0943445622221,0.0,4911.607453703704,13.44724833320658,3375.251990740741,0,0,1,53,0,PHP,4.387514719595505,0.0,0
3.784189633918261,2.0794415416798357,4746.806400462963,12.99604763987122,4119.576886574074,0,0,1,48,0,PHP,3.3086982436166337,0.5386252954724752,0
3.1780538303479458,2.302585092994046,4574.331840277778,12.523838029507948,1721.1061458333334,0,0,1,74,1,PHP,1.8364977210507452,0.7186295430198568,0
4.189654742026425,2.995732273553991,2306.5794444444446,6.315070347554948,43.450462962962966,12,1,1,38,1,PHP,10.292838626123386,3.008675906097605,0
2.833213344056216,0.0,2048.4455787037036,5.6083383400512075,89.33104166666666,2,1,1,89,1,PHP,2.8528949271369943,0.0,0
3.9512437185814275,3.5263605246161616,6052.615856481481,16.57115908687606,3339.839513888889,0,0,1,231,1,PHP,3.0776362554138235,1.991411694679533,0
4.356708826689592,1.6094379124341003,326.42702546296294,0.8937084886049635,290.167349537037,0,0,1,48,1,PHP,86.15784786848488,4.475732356804409,0
4.624972813284271,3.5263605246161616,3517.719548611111,9.63099123507491,144.15645833333335,7,1,1,38,1,PHP,10.486978706010047,3.426438587112194,0
3.8066624897703196,4.110873864173311,3428.1902662037037,9.385873418764419,1333.2900810185185,6,1,1,32,1,PHP,4.687896164467161,6.392585678818856,0
2.70805020110221,0.0,1489.5882986111112,4.0782704958551985,54.269131944444446,0,0,1,24,1,PHP,3.4328277180801003,0.0,0
3.784189633918261,3.8501476017100584,4241.937789351852,11.613792715542374,3692.4524652777777,0,0,1,111,1,PHP,3.702494185422687,3.960807733242875,0
3.1780538303479458,1.0986122886681098,5156.92650462963,14.118895289882627,2854.731840277778,0,0,1,51,0,PHP,1.6290226344040832,0.1416541421220942,0
4.948759890378168,1.9459101490553132,3597.9963541666666,9.85077715035364,4.101342592592593,0,0,1,26,0,PHP,14.212076657827351,0.6090889996211722,0
0.6931471805599453,0.0,3604.9172337962964,9.869725486095268,1983.587361111111,10,1,1,50,1,PHP,0.10131994060106603,0.0,0
3.5553480614894135,1.6094379124341003,3938.8233333333333,10.783910563540953,1573.2700810185186,5,1,1,39,1,PHP,3.1528451390305228,0.3709229575330027,0
2.1972245773362196,0.0,2256.7421875,6.178623374401095,7.736655092592593,0,0,1,30,1,PHP,1.2947868020480298,0.0,0
5.0369526024136295,2.1972245773362196,3358.088252314815,9.193944564859178,970.7063657407407,7,1,1,108,0,PHP,16.64138813548997,0.8701379417249656,0
3.367295829986474,0.0,3668.1374884259258,10.04281310999569,2338.0295949074075,7,1,1,54,1,PHP,2.78806343335528,0.0,0
5.673323267171493,4.6913478822291435,4459.208576388889,12.208647710852537,402.3711921296296,5,1,1,36,1,PHP,23.753654529830737,8.84618858352317,0
5.877735781779639,1.791759469228055,4556.116284722222,12.47396655639212,0.24207175925925925,16,1,1,236,1,PHP,28.539438388791613,0.40083480883134287,0
5.313205979041787,2.833213344056216,5580.530162037037,15.278658896747535,163.63855324074075,0,0,1,44,1,PHP,13.221055680678951,1.0472123311428871,0
5.883322388488279,1.6094379124341003,6046.388298611111,16.55410896265876,901.1506597222223,0,0,1,99,0,PHP,21.626050716927356,0.2416318515857805,0
5.231108616854587,0.6931471805599453,3977.161412037037,10.888874502497021,25.791469907407407,5,1,1,108,1,PHP,17.081655221331346,0.09183685602866315,0
5.945420608606575,3.7612001156935624,4583.206458333333,12.548135409536846,938.3453009259259,20,1,1,66,1,PHP,30.36307686880969,3.347110835931777,0
5.488937726156687,4.3694478524670215,4910.820868055555,13.44509477907065,85.38247685185185,4,1,1,27,1,PHP,17.92475277862328,5.8013722686000655,0
6.202535517187923,4.23410650459726,4781.067708333333,13.089849988592288,1386.7002199074075,6,1,1,66,1,PHP,37.66276927769577,5.194864727958038,0
5.924255797414532,1.0986122886681098,2349.9524537037037,6.433819175095698,33.81930555555556,5,1,1,46,1,PHP,57.97489637940468,0.3108573532407758,0
0.0,0.0,2654.1560648148147,7.266683271224681,1.0718171296296297,9,1,1,44,1,PHP,0.0,0.0,0
4.718498871295094,0.0,4960.0059375,13.579756160164271,2055.1540625,3,1,1,37,1,PHP,8.173931747435534,0.0,0
6.054439346269371,4.356708826689592,4524.337395833333,12.386960700433493,96.2437037037037,0,0,1,196,1,PHP,34.31027273583961,6.216214119199177,0
5.356586274672012,4.23410650459726,3565.8679398148147,9.762814345831115,685.9177777777778,9,1,1,20,1,PHP,21.612620349592177,6.96520466242781,0
5.638354669333745,3.7376696182833684,5221.9818981481485,14.297007250234493,2909.7566782407407,0,0,1,30,1,PHP,19.58451829108554,2.8677330354803825,0
6.042632833682381,1.9459101490553132,1594.3050925925927,4.364969452683347,4.37087962962963,16,1,1,220,1,PHP,96.22060464634104,1.3745800663763006,0
6.633318433280377,2.302585092994046,4420.556053240741,12.102822869926737,2008.0821180555556,0,0,1,135,0,PHP,62.71264217920381,0.7436281681328515,0
6.023447592961033,0.0,3769.5915393518517,10.320579163180977,19.07466435185185,7,1,1,38,1,PHP,39.920240277776685,0.0,0
6.059123195581797,2.3978952727983707,2117.8540625,5.7983684120465435,527.2699537037037,0,0,1,75,1,PHP,73.64140559142044,1.7246230817662866,0
5.805134968916488,1.791759469228055,3556.298773148148,9.736615395340584,5.891435185185185,3,1,1,71,1,PHP,33.995386133707065,0.5135254702976898,0
4.663439094112067,2.302585092994046,3969.953912037037,10.869141442948766,385.8170486111111,4,1,1,70,1,PHP,9.660376631506399,0.8280322827005484,0
5.961005339623274,2.0794415416798357,4792.469178240741,13.121065511952747,7.67800925925926,6,1,1,75,1,PHP,29.494555884006452,0.5334932588838376,0
6.1779441140506,3.4339872044851463,4073.6315393518516,11.15299531650062,1007.6203356481482,2,1,1,27,1,PHP,43.127427776139264,2.6898603602581663,0
7.436617265234227,0.0,1070.4210763888889,2.9306531865541103,1031.6206597222222,0,0,0,0,0,PHP,578.7105781677882,0.0,0
5.703782474656201,4.2626798770413155,3494.8121412037035,9.568274171673384,155.94898148148147,8,1,1,32,1,PHP,31.24910455484035,7.315843875715132,0
5.948034989180646,3.6375861597263857,5774.5869907407405,15.809957537962328,221.08863425925927,7,1,1,63,1,PHP,24.161987727212722,2.340297240593902,0
6.169610732491456,3.5263605246161616,3703.8654861111113,10.140631036580729,2367.0886226851853,3,1,1,130,0,PHP,47.03849279983638,3.254235350932077,0
5.3612921657094255,1.3862943611198906,3356.163923611111,9.188676040003042,166.54493055555557,11,1,1,139,1,PHP,23.071876631307358,0.3264888202543494,0
5.746203190540153,0.0,4592.881168981481,12.574623323700154,2632.0699074074073,4,1,1,54,1,PHP,24.811876425113642,0.0,0
6.013715156042802,3.6635616461296463,1954.1104282407407,5.35006277410196,9.680104166666666,11,1,1,125,1,PHP,76.2607874387951,7.102720398711308,0
4.6443908991413725,2.302585092994046,5415.010636574074,14.82549113367303,229.6198263888889,7,1,1,85,1,PHP,6.947493278388387,0.6070625194708299,0
5.8522024797744745,4.61512051684126,5030.033217592592,13.771480404086494,1.8921412037037038,8,1,1,146,1,PHP,25.197000599661937,7.261383458115832,0
4.77912349311153,1.791759469228055,4110.828344907407,11.254834619869698,3.5707291666666667,5,1,1,36,1,PHP,10.48438328819852,0.44425352916095423,0
5.099866427824199,5.680172609017068,3994.9489583333334,10.937574150125485,6.041759259259259,4,1,1,77,1,PHP,14.902756110515597,26.696961866690515,0
5.641907070938114,2.0794415416798357,6531.1828819444445,17.8814041942353,178.78135416666666,0,0,1,31,1,PHP,15.714649529067199,0.39146813773477007,0
5.517452896464707,2.302585092994046,6062.415694444445,16.597989580956728,108.95148148148148,0,0,1,29,1,PHP,14.941568603256407,0.5422343444730148,0
6.1903154058531475,4.983606621708336,5040.6390856481485,13.800517688290618,2184.333888888889,0,0,1,47,1,PHP,35.28853127105564,10.506852226495006,0
6.16541785423142,3.4657359027997265,5335.138402777778,14.60681287550384,4.85931712962963,11,1,1,43,1,PHP,32.519072028135064,2.122297332362499,0
5.8289456176102075,0.6931471805599453,2211.923900462963,6.055917591958831,441.2650462962963,6,1,1,19,0,PHP,55.97830466684867,0.16512774238008457,0
4.976733742420574,0.0,3688.9054861111113,10.099672788805233,192.58855324074074,5,1,1,41,1,PHP,14.257887657470818,0.0,0
5.817111159963204,2.3978952727983707,2972.8238541666665,8.139148129135295,2541.103923611111,0,0,1,14,0,PHP,41.159098554898826,1.2286298076089202,0
5.214935757608986,0.0,3983.0316087962965,10.90494622531498,67.04576388888889,6,1,1,71,1,PHP,16.78137573711091,0.0,0
5.8664680569332965,3.8918202981106265,4810.565775462963,13.17061129490202,3584.1205555555557,0,0,0,0,0,PHP,26.72617026790924,3.6444777638058055,0
6.257667587882639,3.9318256327243257,5387.524814814815,14.750239054934468,12.142696759259259,4,1,1,81,1,PHP,35.32146143934578,3.389775569994797,0
5.662960480135946,4.919980925828125,5625.9208101851855,15.402931718508379,24.01540509259259,1,1,1,25,1,PHP,18.632816482276343,8.829487949789486,0
5.7430031878094825,1.791759469228055,4928.828888888889,13.494398053083886,3.9000347222222222,3,1,1,119,1,PHP,23.046600432016078,0.3705241227012231,0
6.3835066348840055,3.6109179126442243,4684.2084606481485,12.824663821076381,6.958726851851852,4,1,1,18,0,PHP,46.083079310721224,2.807091125526166,0
5.375278407684165,3.091042453358316,5428.885752314814,14.863479130225365,21.853981481481483,7,1,1,33,1,PHP,14.464984820599005,1.412858982477112,0
4.477336814478207,3.295836866004329,2435.569386574074,6.668225562146678,0.07979166666666666,3,1,1,79,1,PHP,13.04694917548536,3.899088259340452,0
5.552959584921617,0.0,3734.7297106481483,10.225132678023678,0.7969097222222222,4,1,1,23,1,PHP,25.134148190796207,0.0,0
4.836281906951478,2.5649493574615367,4397.498125,12.03969370294319,5.103125,0,0,1,35,1,PHP,10.38232392651674,0.996703096945607,0
4.727387818712341,1.3862943611198906,4674.900902777777,12.79918111643471,6.266608796296296,6,1,1,39,1,PHP,8.750559819501818,0.2343899951652273,0
5.7430031878094825,2.9444389791664403,3930.563877314815,10.76129740537937,30.48728009259259,4,1,1,24,1,PHP,28.89986107479354,1.6726607696021987,0
3.295836866004329,0.0,2955.156840277778,8.090778481253327,844.140150462963,4,1,1,49,1,PHP,3.2135350214127216,0.0,0
5.958424693029782,2.70805020110221,4514.624930555556,12.360369419727736,12.71775462962963,5,1,1,40,1,PHP,31.22884008498368,1.1326522310615843,0
3.58351893845611,0.0,4730.877141203704,12.952435704869826,1.549247685185185,4,1,1,41,1,PHP,2.702194459598111,0.0,0
5.327876168789581,2.70805020110221,4393.571793981481,12.028943994473597,947.6990509259259,0,0,1,71,1,PHP,17.04222748847964,1.163859438237634,0
6.4967749901858625,3.9318256327243257,4737.498148148148,12.97056303394428,1071.608113425926,3,1,1,48,1,PHP,51.03864791894768,3.8548827733344173,0
6.100318952020064,5.8289456176102075,4243.220729166666,11.617305213324206,0.08672453703703703,10,1,1,7,1,PHP,38.30492457834518,29.18060546530116,0
6.6039438246004725,4.127134385045092,4697.125891203704,12.860029818490633,192.59065972222223,0,0,1,117,0,PHP,57.30935389747805,4.743379359221385,0
4.941642422609304,4.897839799950911,3173.3317592592593,8.688108854919259,52.47876157407408,8,1,1,19,1,PHP,15.99887873427108,15.308279652216214,0
6.3561076606958915,3.4339872044851463,5211.246238425926,14.267614615813624,9.287083333333333,0,0,1,90,0,PHP,40.30106051243452,2.102664026735714,0
3.044522437723423,2.0794415416798357,2243.602476851852,6.142648807260374,78.70868055555556,0,0,1,52,1,PHP,3.255924378479976,1.1395735324679916,0
5.43372200355424,4.007333185232471,4289.477199074074,11.743948525870154,153.12326388888889,4,1,1,33,1,PHP,19.414254030299116,4.598112796649791,0
6.794586580876499,7.857867559331803,4641.7576967592595,12.708439963748829,0.003969907407407407,7,1,1,156,1,PHP,70.18957500247507,203.40812935134312,0
6.035481432524756,4.51085950651685,4319.109861111111,11.825078332953076,2430.7212962962963,4,1,1,116,1,PHP,35.26403701174152,7.610943239944213,0
5.476463551931511,3.367295829986474,4812.672418981481,13.176378970517403,835.0330671296297,4,1,1,66,1,PHP,18.062625591790667,2.125014775504784,0
5.384495062789089,3.332204510175204,5036.960162037037,13.790445344386137,13.901770833333334,11,1,1,189,1,PHP,15.73553243429786,1.9578773074932823,0
6.490723534502507,2.70805020110221,4506.851574074074,12.339087129566254,1469.0677662037037,4,1,1,67,1,PHP,53.3264732707281,1.1346058142708106,0
5.66988092298052,3.1354942159291497,1730.3363078703703,4.737402622506147,27.932696759259258,0,0,1,111,0,PHP,61.00389243401804,4.643894925773,0
6.1903154058531475,1.791759469228055,3751.1333564814813,10.270043412680305,20.951747685185186,0,0,1,45,1,PHP,47.419468490143544,0.48685285924172017,0
5.0689042022202315,2.9444389791664403,4361.739421296296,11.941791707861181,215.54974537037037,0,0,1,44,1,PHP,13.230845409570318,1.507311502356112,0
5.0369526024136295,5.0689042022202315,5852.051516203704,16.022043849975915,0.0967361111111111,4,1,1,153,1,PHP,9.549343481557754,9.861413529974673,0
5.973809611869261,2.0794415416798357,2529.9196643518517,6.926542544426699,1553.914988425926,0,0,1,10,0,PHP,56.593891899994865,1.0106052124999083,0
5.808142489980444,2.70805020110221,5851.876689814815,16.021565201409487,8.145,6,1,1,51,1,PHP,20.722070273807738,0.873822240461772,0
6.349138991379798,5.655991810819852,5359.6656018518515,14.673964686794939,2.050266203703704,1,1,1,31,1,PHP,38.912455644236445,19.4221538679639,0
4.276666119016055,2.1972245773362196,5596.703576388889,15.322939291961365,274.61158564814815,0,0,1,52,1,PHP,4.6335757550933865,0.5220930428274239,0
4.709530201312334,3.9889840465642745,522.7561689814814,1.4312283887241106,10.333148148148148,0,0,0,0,1,PHP,76.85705570587592,37.03112684010385,0
2.302585092994046,0.6931471805599453,3679.7975810185185,10.074736703678353,1999.489212962963,0,0,0,0,1,PHP,0.8933235939271783,0.09925817710301982,0
5.220355825078324,1.0986122886681098,3421.9839583333332,9.36888147387634,159.4837037037037,20,1,1,132,1,PHP,19.639484234383282,0.2134726547215574,0
6.186208623900494,4.3694478524670215,5562.586006944444,15.229530477602859,4.907581018518519,2,1,1,77,1,PHP,31.846024453167477,5.121628674942398,0
5.420534999272286,1.3862943611198906,3317.4850231481482,9.082778981925115,112.65807870370371,10,1,1,49,1,PHP,24.77215403432736,0.33029538712436485,0
5.303304908059076,4.6443908991413725,3685.926875,10.091517796030116,185.05475694444445,9,1,1,116,1,PHP,19.818624318204904,10.206591523875526,0
5.733341276897746,1.0986122886681098,4995.953321759259,13.678174734453822,5.011319444444444,6,1,1,19,1,PHP,22.517624316070606,0.14621833971474418,0
10.130822308468806,2.6390573296152584,5308.391527777778,14.533583922731767,0.02449074074074074,0,0,1,264,1,PHP,1727.3096665947069,0.8944799898713827,1
8.593227877692234,6.505784060128229,2044.5833912037037,5.597764246964282,0.013564814814814814,20,1,1,200,1,PHP,963.5989945316499,119.33335712776086,1
8.546557800046141,8.192016914536875,3743.131851851852,10.248136486931832,0.03177083333333333,20,1,1,50,1,PHP,502.3352300747166,352.356743550855,1
9.389657419749838,4.584967478670572,4981.560162037037,13.63876841077902,0.23777777777777778,3,1,1,71,1,PHP,877.1319843326452,7.112079117300559,1
8.341648618901306,3.5553480614894135,2357.4408333333336,6.4543212411590245,0.0944212962962963,12,1,1,103,1,PHP,649.797220078694,5.267788622478683,1
9.196444266784072,5.327876168789581,6083.856076388889,16.656690147539738,0.029097222222222222,7,1,1,25,1,PHP,592.0143745638752,12.307367080985134,1
8.954156966583772,3.9889840465642745,5752.804560185185,15.750320493320151,146.04296296296297,0,0,1,342,1,PHP,491.3550808875399,3.3650108912055323,1
8.483636407887394,5.043425116919247,5564.084097222222,15.233632025249069,3.5278009259259258,5,1,1,26,1,PHP,317.32419373054694,10.109210971142787,1
8.090708716083997,3.4339872044851463,2913.070428240741,7.97555216493016,0.04730324074074074,20,1,1,128,1,PHP,409.1252784162027,3.7614950513288634,1
8.182279739259018,5.402677381872279,5435.503518518519,14.881597586635232,894.8813888888889,0,0,1,55,1,PHP,240.29678125495818,14.850556112233154,1
7.862497197230545,6.678342114654332,3483.452175925926,9.537172281795828,129.62615740740742,8,1,1,88,1,PHP,272.30293458754534,83.25318831825608,1
7.729295674310482,5.1298987149230735,4448.13650462963,12.178334030471266,1.0695833333333333,18,1,1,40,1,PHP,186.64293443690684,13.794990314738385,1
7.381501894506707,4.795790545596741,1913.8578472222223,5.23985721347631,7.015844907407407,17,1,1,97,1,PHP,306.3060565604965,22.901387406392256,1
7.466227556215481,2.4849066497880004,2757.750428240741,7.5503091806728015,0.4325462962962963,0,0,1,83,1,PHP,231.38125316403617,1.4568939809985104,1
7.781138509845015,1.0986122886681098,5664.340289351851,15.508118519786041,7.737291666666667,8,1,1,37,1,PHP,154.37075728726305,0.1289647095131688,1
9.190545744648004,3.4339872044851463,5488.122789351852,15.025661298704591,0.07037037037037037,9,1,1,41,1,PHP,652.4172084755529,1.9965843368628569,1
8.412499120301572,0.6931471805599453,5489.228877314815,15.028689602504626,575.0896296296296,9,1,1,50,1,PHP,299.5603821140676,0.06653940073613229,1
7.971776122880628,7.851271997109883,5633.566539351852,15.423864584125536,0.1893402777777778,15,1,1,314,1,PHP,187.82581915181194,166.49523768790235,1
7.554334823725748,2.302585092994046,5675.365868055555,15.538304909118564,0.050902777777777776,5,1,1,78,1,PHP,122.79331697760038,0.5792137593283038,1
9.471396088360253,1.3862943611198906,5388.158900462963,14.751975086825361,0.05690972222222222,0,0,1,256,1,PHP,880.0177551542855,0.20336259940400989,1
7.705262474866325,3.091042453358316,6094.90119212963,16.68693002636449,0.16510416666666666,3,1,1,31,1,PHP,132.9783247424238,1.2584699502437586,1
7.385851078125209,4.343805421853684,4744.018888888889,12.988415849114,8.169074074074073,5,1,1,47,1,PHP,124.1105935263046,5.851367933001954,1
7.793999089503996,1.0986122886681098,4021.0190046296298,11.00895004689837,0.26569444444444446,6,1,1,23,1,PHP,220.27532050463,0.18167036742649897,1
7.517520850603031,1.3862943611198906,3823.938923611111,10.46937419195376,887.2706481481481,0,0,1,86,0,PHP,175.65519832249038,0.2865500788295112,1
8.928242677818302,4.672828834461906,5491.888958333333,15.035972507415012,778.1348611111111,4,1,1,52,1,PHP,501.5305791681346,7.049760163349989,1
7.034387929915503,4.290459441148391,5614.743275462963,15.372329296270944,8.661863425925926,4,1,1,27,1,PHP,73.76891153867543,4.683740415153996,1
7.65491704784832,2.772588722239781,3921.944988425926,10.737700173650722,9.887743055555555,7,1,1,36,1,PHP,196.5039036178097,1.3969471821171304,1
7.550135342488429,1.9459101490553132,888.0505324074074,2.431349849164702,131.02424768518517,0,0,1,43,1,PHP,781.4589087838391,2.4677649751068604,1
7.160069207596127,1.6094379124341003,5106.331782407407,13.980374489821786,1.7853125,0,0,1,40,1,PHP,91.98609099750898,0.2861153685770108,1
7.4205789054108005,0.6931471805599453,4262.986782407407,11.671421717747863,4.597013888888889,4,1,1,53,1,PHP,142.99885998139163,0.08567936487800576,1
7.142036574706803,6.498282149476434,5062.753657407407,13.861064085988795,0.13800925925925925,9,1,1,38,1,PHP,91.1185456011765,47.8318256006176,1
7.259116128097101,6.09807428216624,4412.683981481481,12.081270312064287,0.530787037037037,15,1,1,118,1,PHP,117.53730885252986,36.75110220459384,1
7.398174092970465,1.9459101490553132,4306.521469907408,11.790613196187289,1.1425347222222222,7,1,1,58,1,PHP,138.41519290343078,0.5088793856743778,1
7.036148493750536,5.198497031265826,4800.604641203704,13.14333919562958,194.79412037037036,4,1,1,29,1,PHP,86.43161247620715,13.695149864187753,1
7.085901464365611,5.247024072160486,4923.445266203704,13.479658497477628,10.95417824074074,3,1,1,22,1,PHP,88.5779116899309,14.021126724788058,1
8.289790583181643,6.827629234502852,4675.519664351852,12.800875193297337,0.852650462962963,5,1,1,53,1,PHP,311.0724805820319,72.02632523772813,1
7.3098814858247865,3.1354942159291497,4972.8253935185185,13.614853917915177,3.221157407407407,5,1,1,20,1,PHP,109.73309071161698,1.6158821925405447,1
6.6895992691789665,4.955827057601261,3955.7344675925924,10.830210725783962,5.928229166666667,20,1,1,336,1,PHP,74.14444837054393,13.019137260581187,1
8.81996090128606,5.808142489980444,5313.806597222222,14.548409574872613,0.6196296296296296,6,1,1,54,1,PHP,465.1367536206618,22.820363854301718,1
6.8690144506657065,7.038783541388542,3892.6887731481484,10.657601021623952,0.11407407407407408,7,1,1,73,1,PHP,90.17038619199198,106.87208103296447,1
8.19671240721307,4.624972813284271,3725.746736111111,10.200538634116663,10.242476851851851,13,1,1,60,1,PHP,355.66749268178955,9.901437916444527,1
6.7580945044277305,4.663439094112067,4691.990787037037,12.845970669505919,9.914675925925925,4,1,1,44,1,PHP,66.94706240000136,8.173769246511794,1
8.532081803909987,2.0794415416798357,4870.91037037037,13.335825791568434,12.903993055555556,7,1,1,38,1,PHP,380.47887542202545,0.5249018777994044,1
6.498282149476434,1.0986122886681098,4969.164513888889,13.6048309757396,7.6978587962962965,6,1,1,92,1,PHP,48.73268923239653,0.14700660401929572,1
7.4067107301776405,4.418840607796598,5221.17480324074,14.294797544806956,0.8072453703703704,4,1,1,55,1,PHP,115.14678643335962,5.736352665574416,1
8.007034012193408,1.3862943611198906,5694.320798611111,15.590200680660127,91.54413194444444,10,1,1,107,1,PHP,192.49271138137334,0.19242856852519827,1
6.401917196727186,2.302585092994046,4921.746979166666,13.4750088409765,15.745578703703703,6,1,1,25,1,PHP,44.67529536376724,0.6679030868337295,1
7.507141079727608,1.9459101490553132,4004.523935185185,10.963789008036098,7.860671296296296,4,1,1,42,1,PHP,166.0010055525512,0.5472560622611577,1
6.79794041297493,6.634633357861686,4898.93949074074,13.412565340837071,1.1241435185185185,7,1,1,114,1,PHP,66.72847268635513,56.66328406886022,1
7.705262474866325,5.407171771460119,3931.1602083333332,10.762930070727812,8.205115740740741,4,1,1,102,1,PHP,206.1706231869949,20.62635346891071,1
7.592870287844818,0.6931471805599453,4678.809328703704,12.809881803432454,7.906886574074074,7,1,1,51,1,PHP,154.8023651138333,0.0780647327855942,1
6.269096283706261,3.1780538303479458,5170.478622685185,14.155998966968337,58.64799768518518,6,1,1,80,1,PHP,37.22803323380454,1.6247528735816024,1
7.717796211013582,3.4339872044851463,3514.9811226851853,9.623493833498111,844.918113425926,0,0,1,45,1,PHP,233.4910832673358,3.1173709381486754,1
7.661997558901893,5.929589143389895,4794.2399421296295,13.125913599259766,46.06943287037037,4,1,1,45,1,PHP,161.8934928933129,28.569439922349336,1
7.398174092970465,1.3862943611198906,5701.531678240741,15.609942993130023,872.017662037037,5,1,1,69,1,PHP,104.54874823811,0.19218519896711397,1
7.583247524303362,2.772588722239781,5824.4006944444445,15.946340025857479,0.3269444444444444,9,1,1,105,1,PHP,123.16305790641074,0.9406547192444812,1
7.638198244285779,3.8918202981106265,5122.970300925926,14.025928270844423,0.8834837962962963,9,1,1,85,1,PHP,147.9402974214038,3.4222333861336787,1
9.143559338285831,7.670428522190693,5388.808252314815,14.75375291530408,0.7538310185185185,6,1,1,322,1,PHP,633.9403983306597,145.25117861890342,1
7.933079771880415,2.4849066497880004,3059.214201388889,8.375672009278272,172.92775462962962,3,1,1,41,1,PHP,332.7494196182301,1.3133274545391211,1
8.551401362745974,4.948759890378168,3785.459398148148,10.364022992876517,1132.015601851852,12,1,1,107,1,PHP,499.13050207969894,13.50826798591878,1
6.309918278226516,3.58351893845611,586.1886689814814,1.6048971087788677,4.915983796296296,15,1,1,33,1,PHP,342.07800425145166,21.80825163715994,1
7.880804344674901,6.126869184114185,3596.2897800925925,9.846104805181636,570.8305324074074,3,1,1,35,1,PHP,268.6341504924908,46.4142936767744,1
6.272877006546167,5.3981627015177525,2364.595266203704,6.473909010824651,6.095324074074074,4,1,1,63,1,PHP,81.71260966372705,33.98255978453677,1
5.442417710521793,3.6375861597263857,4852.813263888889,13.286278614343297,529.5521412037037,4,1,1,27,1,PHP,17.311092644986523,2.7848279472369626,1
7.717796211013582,4.68213122712422,4650.128217592593,12.731357200801074,3.399849537037037,11,1,1,109,1,PHP,176.49335923577854,8.404445677894216,1
7.3343293503005365,6.421622267806518,4379.543935185186,11.99053781022638,179.01172453703703,4,1,1,51,1,PHP,127.68401419778309,51.207044230854876,1
7.02108396428914,5.7745515455444085,4238.709722222222,11.6049547494106,17.27321759259259,20,1,1,129,1,PHP,96.42433117258234,27.66059902269788,1
8.322880021769905,6.498282149476434,5187.808090277777,14.203444463457297,2799.385625,0,0,1,8,1,PHP,289.7888614687563,46.67881806457372,1
4.962844630259907,2.8903717578961645,4981.55537037037,13.638755291910664,72.2863888888889,0,0,1,146,1,PHP,10.41150727912995,1.2464480545437264,1
7.516433302915632,6.29156913955832,5040.588078703704,13.800378038887622,29.84144675925926,7,1,1,29,1,PHP,133.11229553448314,39.0569010849681,1
4.204692619390966,1.0986122886681098,4979.663657407407,13.633576064085988,78.59024305555556,0,0,1,81,1,PHP,4.840989604617336,0.14669665468537382,1
7.6984827878809465,2.772588722239781,4661.47457175926,12.762421825487364,0.9444212962962963,9,1,1,60,1,PHP,172.69449561669185,1.1753255146326578,1
7.940227765145702,5.572154032177765,3898.0077430555557,10.672163567571678,122.43212962962963,5,1,1,61,1,PHP,263.0207063663567,24.549848617023674,1
7.32052696227274,2.9444389791664403,4799.964212962963,13.141585798666565,5.836111111111111,5,1,1,74,1,PHP,114.90241917023552,1.3696977119630724,1
4.1588830833596715,0.6931471805599453,4407.798738425926,12.067895245519304,73.66209490740741,0,0,0,0,1,PHP,5.22046294886354,0.08286449125180222,1
5.14166355650266,4.060443010546419,769.1591898148148,2.10584309326438,0.42421296296296296,9,1,1,211,1,PHP,80.72776197986998,27.067543722662286,1
7.569927655242652,4.07753744390572,5393.209212962963,14.765802088878749,0.3629513888888889,9,1,1,70,1,PHP,131.24921953678734,3.9279952183352247,1
7.277938572945661,5.517452896464707,5416.283125,14.828975017111567,882.594837962963,6,1,1,96,1,PHP,97.5792324371891,16.724014958136074,1
8.625868208041894,0.0,4849.1362268518515,13.27621143559713,615.8034837962963,9,1,1,38,1,PHP,419.7733688586243,0.0,1
6.152732694704104,4.5217885770490405,6396.645104166667,17.51305983344741,12.371307870370371,7,1,1,337,1,PHP,26.780014712464915,5.196122257642446,1
7.866338923046544,2.9444389791664403,5113.997106481482,14.001361003371613,20.65601851851852,5,1,1,190,1,PHP,186.19618474034192,1.2855893077584022,1
9.276221741089696,7.403061091090091,5501.820775462963,15.063164340761022,0.0,8,1,1,111,1,PHP,709.0143716416776,108.87486605733625,1
8.140898460607852,5.153291594497779,4761.428912037037,13.036081894694146,0.041608796296296297,12,1,1,50,1,PHP,263.192577932213,13.194148471098991,1
5.2574953720277815,2.0794415416798357,5023.044930555556,13.75234751692144,211.0388773148148,1,1,0,0,1,PHP,13.888537921615633,0.5090040075984787,1
